========================================
 PHASE 2: GRPO REINFORCEMENT LEARNING   
========================================
Loading Phase 1 Brain via MMAP from /opt/rishabh_experimental/rishabh_final.pt...
Initializing ZERO-VRAM SGD Optimizer (lr=1e-4)...
Starting GRPO Loop!
/usr/lib/python3.11/contextlib.py:105: FutureWarning: `torch.backends.cuda.sdp_kernel()` is deprecated. In the future, this context manager will be removed. Please see `torch.nn.attention.sdpa_kernel()` for the new context manager, with updated signature.
  self.gen = func(*args, **kwds)
RL Step 1 | Loss: 0.0000 | Avg Reward: -0.10 | Time: 8.6s | Prob: A train travels at 63 km/h for... | Ans: 73.0
RL Step 2 | Loss: -0.0000 | Avg Reward: -0.10 | Time: 8.3s | Prob: A train travels at 58 km/h for... | Ans: 59.78
RL Step 3 | Loss: 0.0000 | Avg Reward: -0.10 | Time: 8.2s | Prob: A train travels at 70 km/h for... | Ans: 70.0
RL Step 4 | Loss: 0.0001 | Avg Reward: -0.10 | Time: 8.1s | Prob: A train travels at 58 km/h for... | Ans: 76.5
RL Step 5 | Loss: 0.0001 | Avg Reward: -0.10 | Time: 8.3s | Prob: A train travels at 53 km/h for... | Ans: 59.43
RL Step 6 | Loss: 0.0002 | Avg Reward: -0.10 | Time: 8.2s | Prob: A train travels at 53 km/h for... | Ans: 71.5
RL Step 7 | Loss: 0.0000 | Avg Reward: -0.10 | Time: 8.1s | Prob: A train travels at 61 km/h for... | Ans: 73.0
RL Step 8 | Loss: 0.0001 | Avg Reward: -0.10 | Time: 8.2s | Prob: A train travels at 46 km/h for... | Ans: 51.33
RL Step 9 | Loss: 0.0001 | Avg Reward: -0.10 | Time: 8.1s | Prob: A train travels at 43 km/h for... | Ans: 61.5
RL Step 10 | Loss: 0.0001 | Avg Reward: -0.10 | Time: 8.2s | Prob: A train travels at 44 km/h for... | Ans: 51.29
RL Step 11 | Loss: 0.0001 | Avg Reward: -0.10 | Time: 8.3s | Prob: A train travels at 68 km/h for... | Ans: 77.44
RL Step 12 | Loss: 0.0001 | Avg Reward: -0.10 | Time: 8.2s | Prob: A train travels at 73 km/h for... | Ans: 72.33
RL Step 13 | Loss: 0.0001 | Avg Reward: -0.10 | Time: 8.3s | Prob: A train travels at 57 km/h for... | Ans: 64.43
RL Step 14 | Loss: 0.0039 | Avg Reward: 0.17 | Time: 8.2s | Prob: A train travels at 52 km/h for... | Ans: 74.0
RL Step 15 | Loss: 0.0195 | Avg Reward: 0.17 | Time: 8.3s | Prob: A train travels at 69 km/h for... | Ans: 72.33
RL Step 16 | Loss: 0.0001 | Avg Reward: -0.10 | Time: 8.3s | Prob: A train travels at 61 km/h for... | Ans: 66.33
RL Step 17 | Loss: 0.0000 | Avg Reward: -0.10 | Time: 8.2s | Prob: A train travels at 72 km/h for... | Ans: 75.0
RL Step 18 | Loss: 0.0001 | Avg Reward: -0.10 | Time: 8.3s | Prob: A train travels at 64 km/h for... | Ans: 77.12
RL Step 19 | Loss: 0.0000 | Avg Reward: -0.10 | Time: 8.3s | Prob: A train travels at 61 km/h for... | Ans: 78.14
RL Step 20 | Loss: 0.0001 | Avg Reward: -0.10 | Time: 8.1s | Prob: A train travels at 46 km/h for... | Ans: 55.5
RL Step 21 | Loss: 0.0001 | Avg Reward: -0.10 | Time: 8.3s | Prob: A train travels at 57 km/h for... | Ans: 63.43
RL Step 22 | Loss: -0.0000 | Avg Reward: -0.10 | Time: 8.3s | Prob: A train travels at 65 km/h for... | Ans: 70.56
RL Step 23 | Loss: 0.0001 | Avg Reward: -0.10 | Time: 8.2s | Prob: A train travels at 49 km/h for... | Ans: 67.0
RL Step 24 | Loss: 0.0002 | Avg Reward: -0.10 | Time: 8.1s | Prob: A train travels at 60 km/h for... | Ans: 81.0
RL Step 25 | Loss: 0.0078 | Avg Reward: 0.17 | Time: 8.3s | Prob: A train travels at 55 km/h for... | Ans: 67.0
RL Step 26 | Loss: 0.0001 | Avg Reward: -0.10 | Time: 8.2s | Prob: A train travels at 44 km/h for... | Ans: 52.0
RL Step 27 | Loss: 0.0002 | Avg Reward: -0.10 | Time: 8.3s | Prob: A train travels at 48 km/h for... | Ans: 69.0
RL Step 28 | Loss: 0.0001 | Avg Reward: -0.10 | Time: 8.1s | Prob: A train travels at 75 km/h for... | Ans: 79.8
RL Step 29 | Loss: 0.0001 | Avg Reward: -0.10 | Time: 8.3s | Prob: A train travels at 50 km/h for... | Ans: 56.0
RL Step 30 | Loss: 0.0001 | Avg Reward: -0.10 | Time: 8.1s | Prob: A train travels at 63 km/h for... | Ans: 64.0
RL Step 31 | Loss: 0.0001 | Avg Reward: -0.10 | Time: 8.2s | Prob: A train travels at 67 km/h for... | Ans: 74.71
RL Step 32 | Loss: 0.0000 | Avg Reward: -0.10 | Time: 8.2s | Prob: A train travels at 49 km/h for... | Ans: 60.43
RL Step 33 | Loss: 0.0000 | Avg Reward: -0.10 | Time: 8.1s | Prob: A train travels at 79 km/h for... | Ans: 70.0
RL Step 34 | Loss: 0.0000 | Avg Reward: -0.10 | Time: 8.3s | Prob: A train travels at 67 km/h for... | Ans: 73.38
RL Step 35 | Loss: 0.0000 | Avg Reward: -0.10 | Time: 8.1s | Prob: A train travels at 78 km/h for... | Ans: 84.4
RL Step 36 | Loss: 0.0000 | Avg Reward: -0.10 | Time: 8.3s | Prob: A train travels at 68 km/h for... | Ans: 80.78
RL Step 37 | Loss: -0.0117 | Avg Reward: 0.17 | Time: 8.1s | Prob: A train travels at 52 km/h for... | Ans: 64.5
RL Step 38 | Loss: 0.0001 | Avg Reward: -0.10 | Time: 8.1s | Prob: A train travels at 78 km/h for... | Ans: 79.5
RL Step 39 | Loss: 0.0001 | Avg Reward: -0.10 | Time: 8.3s | Prob: A train travels at 60 km/h for... | Ans: 87.14
RL Step 40 | Loss: 0.0002 | Avg Reward: -0.10 | Time: 8.3s | Prob: A train travels at 77 km/h for... | Ans: 77.71
RL Step 41 | Loss: 0.0002 | Avg Reward: -0.10 | Time: 8.1s | Prob: A train travels at 47 km/h for... | Ans: 71.0
RL Step 42 | Loss: 0.0000 | Avg Reward: -0.10 | Time: 8.2s | Prob: A train travels at 53 km/h for... | Ans: 81.2
RL Step 43 | Loss: 0.0001 | Avg Reward: -0.10 | Time: 8.2s | Prob: A train travels at 68 km/h for... | Ans: 66.86
RL Step 44 | Loss: 0.0000 | Avg Reward: -0.10 | Time: 8.1s | Prob: A train travels at 67 km/h for... | Ans: 82.0
RL Step 45 | Loss: 0.0000 | Avg Reward: -0.10 | Time: 8.3s | Prob: A train travels at 62 km/h for... | Ans: 69.71
RL Step 46 | Loss: 0.0000 | Avg Reward: -0.10 | Time: 8.1s | Prob: A train travels at 67 km/h for... | Ans: 77.5
RL Step 47 | Loss: 0.0001 | Avg Reward: -0.10 | Time: 8.3s | Prob: A train travels at 64 km/h for... | Ans: 64.0
RL Step 48 | Loss: 0.0002 | Avg Reward: -0.10 | Time: 8.1s | Prob: A train travels at 77 km/h for... | Ans: 72.0
RL Step 49 | Loss: 0.0001 | Avg Reward: -0.10 | Time: 8.3s | Prob: A train travels at 53 km/h for... | Ans: 57.44
RL Step 50 | Loss: 0.0001 | Avg Reward: -0.10 | Time: 8.3s | Prob: A train travels at 49 km/h for... | Ans: 70.78
RL Step 51 | Loss: 0.0001 | Avg Reward: -0.10 | Time: 8.4s | Prob: A train travels at 57 km/h for... | Ans: 73.0
RL Step 52 | Loss: 0.0000 | Avg Reward: 0.17 | Time: 8.1s | Prob: A train travels at 76 km/h for... | Ans: 83.0
RL Step 53 | Loss: 0.0001 | Avg Reward: -0.10 | Time: 8.3s | Prob: A train travels at 65 km/h for... | Ans: 75.0
RL Step 54 | Loss: 0.0001 | Avg Reward: -0.10 | Time: 8.2s | Prob: A train travels at 45 km/h for... | Ans: 65.5
RL Step 55 | Loss: 0.0002 | Avg Reward: -0.10 | Time: 8.1s | Prob: A train travels at 79 km/h for... | Ans: 83.5
RL Step 56 | Loss: 0.0002 | Avg Reward: -0.10 | Time: 8.2s | Prob: A train travels at 44 km/h for... | Ans: 60.33
RL Step 57 | Loss: 0.0001 | Avg Reward: -0.10 | Time: 8.3s | Prob: A train travels at 59 km/h for... | Ans: 73.14
RL Step 58 | Loss: 0.0001 | Avg Reward: -0.10 | Time: 8.1s | Prob: A train travels at 66 km/h for... | Ans: 76.5
RL Step 59 | Loss: 0.0002 | Avg Reward: -0.10 | Time: 8.2s | Prob: A train travels at 47 km/h for... | Ans: 55.0
RL Step 60 | Loss: 0.0001 | Avg Reward: -0.10 | Time: 8.2s | Prob: A train travels at 46 km/h for... | Ans: 63.0
RL Step 61 | Loss: 0.0001 | Avg Reward: -0.10 | Time: 8.3s | Prob: A train travels at 76 km/h for... | Ans: 77.25
RL Step 62 | Loss: 0.0001 | Avg Reward: -0.10 | Time: 8.3s | Prob: A train travels at 70 km/h for... | Ans: 78.33
RL Step 63 | Loss: 0.0001 | Avg Reward: -0.10 | Time: 8.3s | Prob: A train travels at 47 km/h for... | Ans: 71.0
RL Step 64 | Loss: -0.0000 | Avg Reward: -0.10 | Time: 8.1s | Prob: A train travels at 69 km/h for... | Ans: 80.4
RL Step 65 | Loss: 0.0001 | Avg Reward: -0.10 | Time: 8.2s | Prob: A train travels at 70 km/h for... | Ans: 76.8
RL Step 66 | Loss: 0.0002 | Avg Reward: -0.10 | Time: 8.1s | Prob: A train travels at 65 km/h for... | Ans: 81.0
RL Step 67 | Loss: 0.0002 | Avg Reward: -0.10 | Time: 8.3s | Prob: A train travels at 52 km/h for... | Ans: 68.0
RL Step 68 | Loss: 0.0000 | Avg Reward: -0.10 | Time: 8.3s | Prob: A train travels at 41 km/h for... | Ans: 59.29
RL Step 69 | Loss: 0.0001 | Avg Reward: -0.10 | Time: 8.3s | Prob: A train travels at 66 km/h for... | Ans: 76.29
RL Step 70 | Loss: 0.0001 | Avg Reward: -0.10 | Time: 8.3s | Prob: A train travels at 74 km/h for... | Ans: 66.57
RL Step 71 | Loss: 0.0000 | Avg Reward: -0.10 | Time: 8.3s | Prob: A train travels at 62 km/h for... | Ans: 64.33
RL Step 72 | Loss: 0.0001 | Avg Reward: -0.10 | Time: 8.2s | Prob: A train travels at 44 km/h for... | Ans: 61.0
RL Step 73 | Loss: -0.0000 | Avg Reward: -0.10 | Time: 8.3s | Prob: A train travels at 64 km/h for... | Ans: 76.38
RL Step 74 | Loss: 0.0001 | Avg Reward: -0.10 | Time: 8.3s | Prob: A train travels at 54 km/h for... | Ans: 57.43
RL Step 75 | Loss: 0.0000 | Avg Reward: -0.10 | Time: 8.1s | Prob: A train travels at 53 km/h for... | Ans: 60.33
RL Step 76 | Loss: 0.0001 | Avg Reward: -0.10 | Time: 8.3s | Prob: A train travels at 74 km/h for... | Ans: 70.57
RL Step 77 | Loss: 0.0002 | Avg Reward: -0.10 | Time: 8.1s | Prob: A train travels at 80 km/h for... | Ans: 74.5
RL Step 78 | Loss: 0.0000 | Avg Reward: -0.10 | Time: 8.2s | Prob: A train travels at 61 km/h for... | Ans: 86.33
RL Step 79 | Loss: 0.0001 | Avg Reward: -0.10 | Time: 8.3s | Prob: A train travels at 61 km/h for... | Ans: 66.71
RL Step 80 | Loss: 0.0000 | Avg Reward: -0.10 | Time: 8.2s | Prob: A train travels at 43 km/h for... | Ans: 82.29
RL Step 81 | Loss: 0.0001 | Avg Reward: -0.10 | Time: 8.3s | Prob: A train travels at 46 km/h for... | Ans: 63.0
RL Step 82 | Loss: 0.0000 | Avg Reward: -0.10 | Time: 8.4s | Prob: A train travels at 72 km/h for... | Ans: 77.14
RL Step 83 | Loss: 0.0001 | Avg Reward: -0.10 | Time: 8.3s | Prob: A train travels at 59 km/h for... | Ans: 81.78
RL Step 84 | Loss: 0.0001 | Avg Reward: -0.10 | Time: 8.2s | Prob: A train travels at 80 km/h for... | Ans: 86.8
RL Step 85 | Loss: 0.0001 | Avg Reward: -0.10 | Time: 8.3s | Prob: A train travels at 47 km/h for... | Ans: 69.14
RL Step 86 | Loss: 0.0078 | Avg Reward: 0.45 | Time: 8.3s | Prob: A train travels at 75 km/h for... | Ans: 78.71
RL Step 87 | Loss: 0.0000 | Avg Reward: -0.10 | Time: 8.1s | Prob: A train travels at 72 km/h for... | Ans: 81.33
RL Step 88 | Loss: 0.0001 | Avg Reward: -0.10 | Time: 8.1s | Prob: A train travels at 58 km/h for... | Ans: 61.0
RL Step 89 | Loss: 0.0001 | Avg Reward: -0.10 | Time: 8.2s | Prob: A train travels at 51 km/h for... | Ans: 68.33
RL Step 90 | Loss: 0.0001 | Avg Reward: -0.10 | Time: 8.2s | Prob: A train travels at 63 km/h for... | Ans: 68.14
RL Step 91 | Loss: 0.0000 | Avg Reward: -0.10 | Time: 8.3s | Prob: A train travels at 69 km/h for... | Ans: 81.67
RL Step 92 | Loss: 0.0000 | Avg Reward: -0.10 | Time: 8.2s | Prob: A train travels at 59 km/h for... | Ans: 64.67
RL Step 93 | Loss: 0.0001 | Avg Reward: -0.10 | Time: 8.3s | Prob: A train travels at 59 km/h for... | Ans: 69.67
RL Step 94 | Loss: 0.0000 | Avg Reward: -0.10 | Time: 8.2s | Prob: A train travels at 62 km/h for... | Ans: 80.5
RL Step 95 | Loss: 0.0001 | Avg Reward: -0.10 | Time: 8.2s | Prob: A train travels at 50 km/h for... | Ans: 64.57
RL Step 96 | Loss: 0.0000 | Avg Reward: -0.10 | Time: 8.1s | Prob: A train travels at 65 km/h for... | Ans: 63.8
RL Step 97 | Loss: 0.0001 | Avg Reward: -0.10 | Time: 8.1s | Prob: A train travels at 70 km/h for... | Ans: 77.0
RL Step 98 | Loss: -0.0000 | Avg Reward: -0.10 | Time: 8.2s | Prob: A train travels at 49 km/h for... | Ans: 58.0
RL Step 99 | Loss: 0.0000 | Avg Reward: -0.10 | Time: 8.3s | Prob: A train travels at 41 km/h for... | Ans: 62.11
RL Step 100 | Loss: 0.0000 | Avg Reward: -0.10 | Time: 8.2s | Prob: A train travels at 61 km/h for... | Ans: 73.67
RL Step 101 | Loss: -0.0000 | Avg Reward: -0.10 | Time: 8.2s | Prob: A train travels at 78 km/h for... | Ans: 81.6
RL Step 102 | Loss: 0.0002 | Avg Reward: -0.10 | Time: 8.3s | Prob: A train travels at 51 km/h for... | Ans: 77.0
RL Step 103 | Loss: 0.0001 | Avg Reward: -0.10 | Time: 8.3s | Prob: A train travels at 80 km/h for... | Ans: 70.0
RL Step 104 | Loss: 0.0000 | Avg Reward: -0.10 | Time: 8.3s | Prob: A train travels at 62 km/h for... | Ans: 80.57
RL Step 105 | Loss: 0.0001 | Avg Reward: -0.10 | Time: 8.3s | Prob: A train travels at 78 km/h for... | Ans: 79.11
RL Step 106 | Loss: 0.0001 | Avg Reward: -0.10 | Time: 8.1s | Prob: A train travels at 41 km/h for... | Ans: 55.67
RL Step 107 | Loss: 0.0000 | Avg Reward: -0.10 | Time: 8.2s | Prob: A train travels at 61 km/h for... | Ans: 69.0
RL Step 108 | Loss: 0.0000 | Avg Reward: -0.10 | Time: 8.3s | Prob: A train travels at 66 km/h for... | Ans: 64.29
RL Step 109 | Loss: 0.0002 | Avg Reward: -0.10 | Time: 8.2s | Prob: A train travels at 63 km/h for... | Ans: 69.0
RL Step 110 | Loss: 0.0000 | Avg Reward: -0.10 | Time: 8.3s | Prob: A train travels at 58 km/h for... | Ans: 70.14
RL Step 111 | Loss: -0.0156 | Avg Reward: 0.17 | Time: 8.2s | Prob: A train travels at 46 km/h for... | Ans: 55.5
RL Step 112 | Loss: 0.0001 | Avg Reward: -0.10 | Time: 8.2s | Prob: A train travels at 64 km/h for... | Ans: 66.5
RL Step 113 | Loss: 0.0001 | Avg Reward: -0.10 | Time: 8.2s | Prob: A train travels at 77 km/h for... | Ans: 68.25
RL Step 114 | Loss: 0.0001 | Avg Reward: -0.10 | Time: 8.3s | Prob: A train travels at 54 km/h for... | Ans: 78.67
RL Step 115 | Loss: 0.0000 | Avg Reward: -0.10 | Time: 8.3s | Prob: A train travels at 68 km/h for... | Ans: 73.62
RL Step 116 | Loss: 0.0001 | Avg Reward: -0.10 | Time: 8.3s | Prob: A train travels at 71 km/h for... | Ans: 70.14
RL Step 117 | Loss: 0.0001 | Avg Reward: -0.10 | Time: 8.3s | Prob: A train travels at 56 km/h for... | Ans: 69.12
RL Step 118 | Loss: 0.0001 | Avg Reward: -0.10 | Time: 8.3s | Prob: A train travels at 49 km/h for... | Ans: 58.75
RL Step 119 | Loss: 0.0000 | Avg Reward: -0.10 | Time: 8.3s | Prob: A train travels at 77 km/h for... | Ans: 86.29
RL Step 120 | Loss: 0.0000 | Avg Reward: -0.10 | Time: 8.3s | Prob: A train travels at 55 km/h for... | Ans: 63.89
RL Step 121 | Loss: 0.0001 | Avg Reward: -0.10 | Time: 8.3s | Prob: A train travels at 58 km/h for... | Ans: 71.67
RL Step 122 | Loss: 0.0002 | Avg Reward: -0.10 | Time: 8.1s | Prob: A train travels at 75 km/h for... | Ans: 88.2
RL Step 123 | Loss: -0.0000 | Avg Reward: -0.10 | Time: 8.3s | Prob: A train travels at 78 km/h for... | Ans: 68.67
RL Step 124 | Loss: 0.0002 | Avg Reward: -0.10 | Time: 8.3s | Prob: A train travels at 62 km/h for... | Ans: 74.0
RL Step 125 | Loss: 0.0001 | Avg Reward: -0.10 | Time: 8.1s | Prob: A train travels at 57 km/h for... | Ans: 82.2
RL Step 126 | Loss: 0.0001 | Avg Reward: -0.10 | Time: 8.3s | Prob: A train travels at 46 km/h for... | Ans: 58.78
RL Step 127 | Loss: 0.0000 | Avg Reward: -0.10 | Time: 8.1s | Prob: A train travels at 62 km/h for... | Ans: 64.4
RL Step 128 | Loss: 0.0001 | Avg Reward: -0.10 | Time: 8.1s | Prob: A train travels at 72 km/h for... | Ans: 71.4
RL Step 129 | Loss: 0.0001 | Avg Reward: -0.10 | Time: 8.1s | Prob: A train travels at 59 km/h for... | Ans: 77.5
RL Step 130 | Loss: 0.0001 | Avg Reward: -0.10 | Time: 8.3s | Prob: A train travels at 77 km/h for... | Ans: 78.33
RL Step 131 | Loss: 0.0001 | Avg Reward: -0.10 | Time: 8.3s | Prob: A train travels at 48 km/h for... | Ans: 51.71
RL Step 132 | Loss: 0.0001 | Avg Reward: -0.10 | Time: 8.2s | Prob: A train travels at 43 km/h for... | Ans: 59.8
RL Step 133 | Loss: 0.0001 | Avg Reward: -0.10 | Time: 8.3s | Prob: A train travels at 74 km/h for... | Ans: 83.38
RL Step 134 | Loss: 0.0001 | Avg Reward: -0.10 | Time: 8.3s | Prob: A train travels at 65 km/h for... | Ans: 77.0
RL Step 135 | Loss: 0.0001 | Avg Reward: -0.10 | Time: 8.3s | Prob: A train travels at 70 km/h for... | Ans: 70.0
RL Step 136 | Loss: 0.0001 | Avg Reward: -0.10 | Time: 8.2s | Prob: A train travels at 73 km/h for... | Ans: 72.0
RL Step 137 | Loss: 0.0001 | Avg Reward: -0.10 | Time: 8.3s | Prob: A train travels at 69 km/h for... | Ans: 80.88
RL Step 138 | Loss: 0.0000 | Avg Reward: -0.10 | Time: 8.3s | Prob: A train travels at 71 km/h for... | Ans: 70.71
RL Step 139 | Loss: 0.0000 | Avg Reward: -0.10 | Time: 8.3s | Prob: A train travels at 60 km/h for... | Ans: 60.29
RL Step 140 | Loss: 0.0001 | Avg Reward: -0.10 | Time: 8.2s | Prob: A train travels at 59 km/h for... | Ans: 73.0
RL Step 141 | Loss: 0.0000 | Avg Reward: -0.10 | Time: 8.1s | Prob: A train travels at 55 km/h for... | Ans: 77.5
RL Step 142 | Loss: 0.0002 | Avg Reward: -0.10 | Time: 8.1s | Prob: A train travels at 72 km/h for... | Ans: 67.0
RL Step 143 | Loss: 0.0000 | Avg Reward: -0.10 | Time: 8.3s | Prob: A train travels at 53 km/h for... | Ans: 57.29
RL Step 144 | Loss: 0.0001 | Avg Reward: -0.10 | Time: 8.3s | Prob: A train travels at 56 km/h for... | Ans: 58.25
RL Step 145 | Loss: 0.0000 | Avg Reward: -0.10 | Time: 8.3s | Prob: A train travels at 52 km/h for... | Ans: 58.25
RL Step 146 | Loss: 0.0000 | Avg Reward: -0.10 | Time: 8.2s | Prob: A train travels at 79 km/h for... | Ans: 79.0
RL Step 147 | Loss: 0.0001 | Avg Reward: -0.10 | Time: 8.3s | Prob: A train travels at 54 km/h for... | Ans: 79.62
RL Step 148 | Loss: 0.0176 | Avg Reward: 0.17 | Time: 8.2s | Prob: A train travels at 60 km/h for... | Ans: 61.0
RL Step 149 | Loss: 0.0001 | Avg Reward: -0.10 | Time: 8.2s | Prob: A train travels at 45 km/h for... | Ans: 55.0
RL Step 150 | Loss: 0.0001 | Avg Reward: -0.10 | Time: 8.3s | Prob: A train travels at 51 km/h for... | Ans: 68.14
RL Step 151 | Loss: 0.0000 | Avg Reward: -0.10 | Time: 8.3s | Prob: A train travels at 70 km/h for... | Ans: 78.29
RL Step 152 | Loss: 0.0002 | Avg Reward: -0.10 | Time: 8.3s | Prob: A train travels at 58 km/h for... | Ans: 59.71
RL Step 153 | Loss: 0.0001 | Avg Reward: -0.10 | Time: 8.4s | Prob: A train travels at 41 km/h for... | Ans: 51.86
RL Step 154 | Loss: 0.0001 | Avg Reward: -0.10 | Time: 8.3s | Prob: A train travels at 45 km/h for... | Ans: 50.0
RL Step 155 | Loss: 0.0001 | Avg Reward: -0.10 | Time: 8.3s | Prob: A train travels at 50 km/h for... | Ans: 65.0
RL Step 156 | Loss: -0.0156 | Avg Reward: 0.17 | Time: 8.0s | Prob: A train travels at 78 km/h for... | Ans: 76.0
RL Step 157 | Loss: 0.0000 | Avg Reward: -0.10 | Time: 8.3s | Prob: A train travels at 59 km/h for... | Ans: 64.25
RL Step 158 | Loss: 0.0002 | Avg Reward: -0.10 | Time: 8.2s | Prob: A train travels at 71 km/h for... | Ans: 65.5
RL Step 159 | Loss: 0.0001 | Avg Reward: -0.10 | Time: 8.2s | Prob: A train travels at 63 km/h for... | Ans: 68.0
RL Step 160 | Loss: 0.0002 | Avg Reward: -0.10 | Time: 8.3s | Prob: A train travels at 68 km/h for... | Ans: 69.14
RL Step 161 | Loss: 0.0586 | Avg Reward: 0.17 | Time: 8.2s | Prob: A train travels at 41 km/h for... | Ans: 65.67
RL Step 162 | Loss: 0.0001 | Avg Reward: -0.10 | Time: 8.2s | Prob: A train travels at 60 km/h for... | Ans: 78.5
RL Step 163 | Loss: 0.0000 | Avg Reward: -0.10 | Time: 8.3s | Prob: A train travels at 61 km/h for... | Ans: 61.75
RL Step 164 | Loss: 0.0001 | Avg Reward: -0.10 | Time: 8.3s | Prob: A train travels at 71 km/h for... | Ans: 77.67
RL Step 165 | Loss: 0.0000 | Avg Reward: -0.10 | Time: 8.1s | Prob: A train travels at 80 km/h for... | Ans: 77.6
RL Step 166 | Loss: 0.0001 | Avg Reward: -0.10 | Time: 8.2s | Prob: A train travels at 52 km/h for... | Ans: 60.5
RL Step 167 | Loss: 0.0000 | Avg Reward: -0.10 | Time: 8.2s | Prob: A train travels at 45 km/h for... | Ans: 59.33
RL Step 168 | Loss: 0.0001 | Avg Reward: -0.10 | Time: 8.3s | Prob: A train travels at 59 km/h for... | Ans: 66.29
RL Step 169 | Loss: 0.0000 | Avg Reward: -0.10 | Time: 8.1s | Prob: A train travels at 42 km/h for... | Ans: 52.0
RL Step 170 | Loss: 0.0001 | Avg Reward: -0.10 | Time: 8.3s | Prob: A train travels at 60 km/h for... | Ans: 72.0
RL Step 171 | Loss: 0.0001 | Avg Reward: -0.10 | Time: 8.2s | Prob: A train travels at 61 km/h for... | Ans: 61.5
RL Step 172 | Loss: 0.0001 | Avg Reward: -0.10 | Time: 8.2s | Prob: A train travels at 43 km/h for... | Ans: 63.5
RL Step 173 | Loss: 0.0001 | Avg Reward: -0.10 | Time: 8.3s | Prob: A train travels at 41 km/h for... | Ans: 64.12
RL Step 174 | Loss: 0.0001 | Avg Reward: -0.10 | Time: 8.1s | Prob: A train travels at 73 km/h for... | Ans: 73.0
RL Step 175 | Loss: 0.0312 | Avg Reward: 0.17 | Time: 8.2s | Prob: A train travels at 67 km/h for... | Ans: 82.5
RL Step 176 | Loss: 0.0001 | Avg Reward: -0.10 | Time: 8.3s | Prob: A train travels at 70 km/h for... | Ans: 88.67
RL Step 177 | Loss: 0.0001 | Avg Reward: -0.10 | Time: 8.3s | Prob: A train travels at 74 km/h for... | Ans: 85.11
RL Step 178 | Loss: 0.0000 | Avg Reward: -0.10 | Time: 8.3s | Prob: A train travels at 51 km/h for... | Ans: 57.43
RL Step 179 | Loss: 0.0001 | Avg Reward: -0.10 | Time: 8.3s | Prob: A train travels at 56 km/h for... | Ans: 69.14
RL Step 180 | Loss: -0.0000 | Avg Reward: -0.10 | Time: 8.2s | Prob: A train travels at 68 km/h for... | Ans: 77.0
RL Step 181 | Loss: 0.0001 | Avg Reward: -0.10 | Time: 8.2s | Prob: A train travels at 64 km/h for... | Ans: 76.89
RL Step 182 | Loss: 0.0002 | Avg Reward: -0.10 | Time: 8.1s | Prob: A train travels at 51 km/h for... | Ans: 65.8
RL Step 183 | Loss: 0.0001 | Avg Reward: -0.10 | Time: 8.3s | Prob: A train travels at 76 km/h for... | Ans: 84.33
RL Step 184 | Loss: 0.0001 | Avg Reward: -0.10 | Time: 8.2s | Prob: A train travels at 45 km/h for... | Ans: 67.0
RL Step 185 | Loss: 0.0001 | Avg Reward: -0.10 | Time: 8.2s | Prob: A train travels at 74 km/h for... | Ans: 76.5
RL Step 186 | Loss: 0.0098 | Avg Reward: 0.17 | Time: 8.2s | Prob: A train travels at 49 km/h for... | Ans: 62.0
RL Step 187 | Loss: 0.0000 | Avg Reward: -0.10 | Time: 8.2s | Prob: A train travels at 61 km/h for... | Ans: 79.0
RL Step 188 | Loss: 0.0001 | Avg Reward: -0.10 | Time: 8.3s | Prob: A train travels at 74 km/h for... | Ans: 82.57
RL Step 189 | Loss: 0.0001 | Avg Reward: -0.10 | Time: 8.4s | Prob: A train travels at 41 km/h for... | Ans: 73.78
RL Step 190 | Loss: 0.0000 | Avg Reward: -0.10 | Time: 8.3s | Prob: A train travels at 40 km/h for... | Ans: 55.62
RL Step 191 | Loss: 0.0001 | Avg Reward: -0.10 | Time: 8.3s | Prob: A train travels at 77 km/h for... | Ans: 83.88
RL Step 192 | Loss: 0.0352 | Avg Reward: 0.17 | Time: 8.1s | Prob: A train travels at 48 km/h for... | Ans: 66.0
RL Step 193 | Loss: 0.0001 | Avg Reward: -0.10 | Time: 8.1s | Prob: A train travels at 56 km/h for... | Ans: 62.4
RL Step 194 | Loss: 0.0001 | Avg Reward: -0.10 | Time: 8.3s | Prob: A train travels at 65 km/h for... | Ans: 73.57
RL Step 195 | Loss: 0.0001 | Avg Reward: -0.10 | Time: 8.3s | Prob: A train travels at 45 km/h for... | Ans: 65.57
RL Step 196 | Loss: 0.0001 | Avg Reward: -0.10 | Time: 8.3s | Prob: A train travels at 75 km/h for... | Ans: 82.14
RL Step 197 | Loss: 0.0000 | Avg Reward: -0.10 | Time: 8.3s | Prob: A train travels at 68 km/h for... | Ans: 65.38
RL Step 198 | Loss: 0.0001 | Avg Reward: -0.10 | Time: 8.3s | Prob: A train travels at 64 km/h for... | Ans: 81.22
RL Step 199 | Loss: 0.0000 | Avg Reward: -0.10 | Time: 8.1s | Prob: A train travels at 65 km/h for... | Ans: 71.6
RL Step 200 | Loss: 0.0002 | Avg Reward: -0.10 | Time: 8.3s | Prob: A train travels at 51 km/h for... | Ans: 62.14
Saving RL Checkpoint at step 200...
RL Step 201 | Loss: 0.0001 | Avg Reward: -0.10 | Time: 8.3s | Prob: A train travels at 71 km/h for... | Ans: 67.57
RL Step 202 | Loss: 0.0001 | Avg Reward: -0.10 | Time: 8.3s | Prob: A train travels at 79 km/h for... | Ans: 84.0
RL Step 203 | Loss: 0.0000 | Avg Reward: -0.10 | Time: 8.2s | Prob: A train travels at 54 km/h for... | Ans: 68.25
RL Step 204 | Loss: 0.0000 | Avg Reward: -0.10 | Time: 8.1s | Prob: A train travels at 56 km/h for... | Ans: 71.5
RL Step 205 | Loss: 0.0001 | Avg Reward: -0.10 | Time: 8.3s | Prob: A train travels at 69 km/h for... | Ans: 84.0
RL Step 206 | Loss: 0.0002 | Avg Reward: -0.10 | Time: 8.3s | Prob: A train travels at 69 km/h for... | Ans: 90.43
RL Step 207 | Loss: 0.0001 | Avg Reward: -0.10 | Time: 8.2s | Prob: A train travels at 80 km/h for... | Ans: 74.5
RL Step 208 | Loss: 0.0001 | Avg Reward: -0.10 | Time: 8.3s | Prob: A train travels at 50 km/h for... | Ans: 65.0
RL Step 209 | Loss: 0.0001 | Avg Reward: -0.10 | Time: 8.3s | Prob: A train travels at 79 km/h for... | Ans: 68.71
RL Step 210 | Loss: -0.0020 | Avg Reward: 0.17 | Time: 8.1s | Prob: A train travels at 56 km/h for... | Ans: 63.0
RL Step 211 | Loss: 0.0117 | Avg Reward: 0.17 | Time: 8.2s | Prob: A train travels at 80 km/h for... | Ans: 70.0
RL Step 212 | Loss: 0.0001 | Avg Reward: -0.10 | Time: 8.2s | Prob: A train travels at 58 km/h for... | Ans: 65.33
RL Step 213 | Loss: 0.0001 | Avg Reward: -0.10 | Time: 8.3s | Prob: A train travels at 63 km/h for... | Ans: 63.0
RL Step 214 | Loss: 0.0001 | Avg Reward: -0.10 | Time: 8.1s | Prob: A train travels at 61 km/h for... | Ans: 78.0
RL Step 215 | Loss: 0.0098 | Avg Reward: 0.17 | Time: 8.1s | Prob: A train travels at 63 km/h for... | Ans: 81.0
RL Step 216 | Loss: 0.0000 | Avg Reward: -0.10 | Time: 8.1s | Prob: A train travels at 68 km/h for... | Ans: 68.8
RL Step 217 | Loss: 0.0001 | Avg Reward: -0.10 | Time: 8.3s | Prob: A train travels at 79 km/h for... | Ans: 83.38
RL Step 218 | Loss: 0.0003 | Avg Reward: -0.10 | Time: 8.2s | Prob: A train travels at 49 km/h for... | Ans: 67.8
RL Step 219 | Loss: 0.0000 | Avg Reward: -0.10 | Time: 8.1s | Prob: A train travels at 74 km/h for... | Ans: 78.8
RL Step 220 | Loss: -0.0098 | Avg Reward: 0.17 | Time: 8.2s | Prob: A train travels at 57 km/h for... | Ans: 68.6
RL Step 221 | Loss: 0.0001 | Avg Reward: -0.10 | Time: 8.3s | Prob: A train travels at 67 km/h for... | Ans: 73.11
RL Step 222 | Loss: 0.0001 | Avg Reward: -0.10 | Time: 8.2s | Prob: A train travels at 53 km/h for... | Ans: 60.33
RL Step 223 | Loss: 0.0000 | Avg Reward: -0.10 | Time: 8.4s | Prob: A train travels at 47 km/h for... | Ans: 70.11
RL Step 224 | Loss: 0.0001 | Avg Reward: -0.10 | Time: 8.2s | Prob: A train travels at 60 km/h for... | Ans: 78.5
RL Step 225 | Loss: 0.0001 | Avg Reward: -0.10 | Time: 8.3s | Prob: A train travels at 55 km/h for... | Ans: 70.0
RL Step 226 | Loss: 0.0001 | Avg Reward: -0.10 | Time: 8.2s | Prob: A train travels at 44 km/h for... | Ans: 56.89
RL Step 227 | Loss: 0.0000 | Avg Reward: -0.10 | Time: 8.3s | Prob: A train travels at 74 km/h for... | Ans: 70.14
RL Step 228 | Loss: 0.0000 | Avg Reward: -0.10 | Time: 8.3s | Prob: A train travels at 48 km/h for... | Ans: 58.29
RL Step 229 | Loss: 0.0000 | Avg Reward: -0.10 | Time: 8.3s | Prob: A train travels at 72 km/h for... | Ans: 77.43
RL Step 230 | Loss: 0.0117 | Avg Reward: 0.17 | Time: 8.1s | Prob: A train travels at 60 km/h for... | Ans: 66.0
RL Step 231 | Loss: 0.0039 | Avg Reward: 0.17 | Time: 8.3s | Prob: A train travels at 67 km/h for... | Ans: 68.33
RL Step 232 | Loss: 0.0001 | Avg Reward: -0.10 | Time: 8.3s | Prob: A train travels at 54 km/h for... | Ans: 67.33
RL Step 233 | Loss: 0.0001 | Avg Reward: -0.10 | Time: 8.2s | Prob: A train travels at 56 km/h for... | Ans: 62.67
RL Step 234 | Loss: 0.0002 | Avg Reward: -0.10 | Time: 8.1s | Prob: A train travels at 55 km/h for... | Ans: 59.2
RL Step 235 | Loss: 0.0001 | Avg Reward: -0.10 | Time: 8.4s | Prob: A train travels at 41 km/h for... | Ans: 62.0
RL Step 236 | Loss: 0.0001 | Avg Reward: -0.10 | Time: 8.2s | Prob: A train travels at 65 km/h for... | Ans: 72.6
RL Step 237 | Loss: 0.0001 | Avg Reward: -0.10 | Time: 8.3s | Prob: A train travels at 65 km/h for... | Ans: 62.78
RL Step 238 | Loss: 0.0000 | Avg Reward: -0.10 | Time: 8.2s | Prob: A train travels at 65 km/h for... | Ans: 69.29
RL Step 239 | Loss: 0.0002 | Avg Reward: -0.10 | Time: 8.3s | Prob: A train travels at 65 km/h for... | Ans: 62.14
RL Step 240 | Loss: 0.0000 | Avg Reward: -0.10 | Time: 8.4s | Prob: A train travels at 61 km/h for... | Ans: 60.29
RL Step 241 | Loss: 0.0001 | Avg Reward: -0.10 | Time: 8.3s | Prob: A train travels at 72 km/h for... | Ans: 75.0
RL Step 242 | Loss: 0.0001 | Avg Reward: -0.10 | Time: 8.2s | Prob: A train travels at 77 km/h for... | Ans: 88.5
RL Step 243 | Loss: 0.0039 | Avg Reward: 0.17 | Time: 8.2s | Prob: A train travels at 60 km/h for... | Ans: 63.5
RL Step 244 | Loss: 0.0002 | Avg Reward: -0.10 | Time: 8.3s | Prob: A train travels at 57 km/h for... | Ans: 70.33
RL Step 245 | Loss: 0.0000 | Avg Reward: -0.10 | Time: 8.3s | Prob: A train travels at 54 km/h for... | Ans: 60.86
RL Step 246 | Loss: 0.0005 | Avg Reward: -0.10 | Time: 8.2s | Prob: A train travels at 73 km/h for... | Ans: 71.0
RL Step 247 | Loss: 0.0000 | Avg Reward: -0.10 | Time: 8.3s | Prob: A train travels at 40 km/h for... | Ans: 60.14
RL Step 248 | Loss: 0.0000 | Avg Reward: -0.10 | Time: 8.3s | Prob: A train travels at 44 km/h for... | Ans: 52.33
RL Step 249 | Loss: 0.0001 | Avg Reward: -0.10 | Time: 8.1s | Prob: A train travels at 54 km/h for... | Ans: 67.8
RL Step 250 | Loss: 0.0001 | Avg Reward: -0.10 | Time: 8.3s | Prob: A train travels at 41 km/h for... | Ans: 59.57
RL Step 251 | Loss: 0.0002 | Avg Reward: -0.10 | Time: 8.2s | Prob: A train travels at 54 km/h for... | Ans: 61.0
RL Step 252 | Loss: -0.0000 | Avg Reward: -0.10 | Time: 8.2s | Prob: A train travels at 56 km/h for... | Ans: 60.0
RL Step 253 | Loss: 0.0000 | Avg Reward: -0.10 | Time: 8.3s | Prob: A train travels at 76 km/h for... | Ans: 92.43
RL Step 254 | Loss: 0.0001 | Avg Reward: -0.10 | Time: 8.3s | Prob: A train travels at 70 km/h for... | Ans: 68.75
RL Step 255 | Loss: 0.0645 | Avg Reward: 0.17 | Time: 8.1s | Prob: A train travels at 45 km/h for... | Ans: 73.8
RL Step 256 | Loss: 0.0001 | Avg Reward: -0.10 | Time: 8.1s | Prob: A train travels at 64 km/h for... | Ans: 79.5
RL Step 257 | Loss: 0.0001 | Avg Reward: -0.10 | Time: 8.2s | Prob: A train travels at 62 km/h for... | Ans: 67.5
RL Step 258 | Loss: 0.0000 | Avg Reward: -0.10 | Time: 8.2s | Prob: A train travels at 43 km/h for... | Ans: 61.67
RL Step 259 | Loss: 0.0002 | Avg Reward: -0.10 | Time: 8.3s | Prob: A train travels at 46 km/h for... | Ans: 58.0
RL Step 260 | Loss: 0.0001 | Avg Reward: -0.10 | Time: 8.2s | Prob: A train travels at 66 km/h for... | Ans: 69.67
RL Step 261 | Loss: -0.0001 | Avg Reward: -0.10 | Time: 8.1s | Prob: A train travels at 51 km/h for... | Ans: 60.5
RL Step 262 | Loss: 0.0001 | Avg Reward: -0.10 | Time: 8.3s | Prob: A train travels at 73 km/h for... | Ans: 72.56
RL Step 263 | Loss: 0.0000 | Avg Reward: -0.10 | Time: 8.3s | Prob: A train travels at 51 km/h for... | Ans: 62.67
RL Step 264 | Loss: 0.0001 | Avg Reward: -0.10 | Time: 8.2s | Prob: A train travels at 64 km/h for... | Ans: 67.67
RL Step 265 | Loss: 0.0000 | Avg Reward: -0.10 | Time: 8.3s | Prob: A train travels at 54 km/h for... | Ans: 64.86
RL Step 266 | Loss: 0.0001 | Avg Reward: -0.10 | Time: 8.3s | Prob: A train travels at 48 km/h for... | Ans: 59.14
RL Step 267 | Loss: 0.0000 | Avg Reward: -0.10 | Time: 8.2s | Prob: A train travels at 55 km/h for... | Ans: 71.2
RL Step 268 | Loss: 0.0002 | Avg Reward: -0.10 | Time: 8.3s | Prob: A train travels at 67 km/h for... | Ans: 76.0
RL Step 269 | Loss: 0.0000 | Avg Reward: -0.10 | Time: 8.1s | Prob: A train travels at 64 km/h for... | Ans: 70.0
RL Step 270 | Loss: 0.0001 | Avg Reward: -0.10 | Time: 8.3s | Prob: A train travels at 52 km/h for... | Ans: 63.43
RL Step 271 | Loss: 0.0001 | Avg Reward: -0.10 | Time: 8.3s | Prob: A train travels at 73 km/h for... | Ans: 83.29
RL Step 272 | Loss: 0.0002 | Avg Reward: -0.10 | Time: 8.1s | Prob: A train travels at 56 km/h for... | Ans: 72.4
RL Step 273 | Loss: 0.0001 | Avg Reward: -0.10 | Time: 8.2s | Prob: A train travels at 46 km/h for... | Ans: 62.5
RL Step 274 | Loss: 0.0001 | Avg Reward: -0.10 | Time: 8.1s | Prob: A train travels at 47 km/h for... | Ans: 66.0
RL Step 275 | Loss: 0.0000 | Avg Reward: -0.10 | Time: 8.3s | Prob: A train travels at 49 km/h for... | Ans: 83.29
RL Step 276 | Loss: 0.0000 | Avg Reward: -0.10 | Time: 8.2s | Prob: A train travels at 55 km/h for... | Ans: 77.5
RL Step 277 | Loss: 0.0001 | Avg Reward: -0.10 | Time: 8.2s | Prob: A train travels at 43 km/h for... | Ans: 61.0
RL Step 278 | Loss: 0.0001 | Avg Reward: -0.10 | Time: 8.3s | Prob: A train travels at 76 km/h for... | Ans: 88.14
RL Step 279 | Loss: -0.0039 | Avg Reward: 0.17 | Time: 8.3s | Prob: A train travels at 76 km/h for... | Ans: 84.5
RL Step 280 | Loss: 0.0000 | Avg Reward: -0.10 | Time: 8.1s | Prob: A train travels at 48 km/h for... | Ans: 57.0
RL Step 281 | Loss: 0.0000 | Avg Reward: -0.10 | Time: 8.3s | Prob: A train travels at 64 km/h for... | Ans: 71.0
RL Step 282 | Loss: 0.0001 | Avg Reward: -0.10 | Time: 8.1s | Prob: A train travels at 53 km/h for... | Ans: 76.5
RL Step 283 | Loss: 0.0000 | Avg Reward: -0.10 | Time: 8.2s | Prob: A train travels at 71 km/h for... | Ans: 81.0
RL Step 284 | Loss: 0.0000 | Avg Reward: -0.10 | Time: 8.2s | Prob: A train travels at 71 km/h for... | Ans: 81.0
RL Step 285 | Loss: 0.0001 | Avg Reward: -0.10 | Time: 8.3s | Prob: A train travels at 79 km/h for... | Ans: 72.62
RL Step 286 | Loss: 0.0002 | Avg Reward: -0.10 | Time: 8.2s | Prob: A train travels at 61 km/h for... | Ans: 79.0
RL Step 287 | Loss: 0.0001 | Avg Reward: -0.10 | Time: 8.3s | Prob: A train travels at 56 km/h for... | Ans: 66.67
RL Step 288 | Loss: 0.0001 | Avg Reward: -0.10 | Time: 8.2s | Prob: A train travels at 51 km/h for... | Ans: 70.0
RL Step 289 | Loss: 0.0000 | Avg Reward: -0.10 | Time: 8.4s | Prob: A train travels at 80 km/h for... | Ans: 75.0
RL Step 290 | Loss: 0.0000 | Avg Reward: -0.10 | Time: 8.3s | Prob: A train travels at 59 km/h for... | Ans: 61.8
RL Step 291 | Loss: 0.0002 | Avg Reward: -0.10 | Time: 8.2s | Prob: A train travels at 44 km/h for... | Ans: 59.6
RL Step 292 | Loss: 0.0000 | Avg Reward: -0.10 | Time: 8.3s | Prob: A train travels at 49 km/h for... | Ans: 58.38
RL Step 293 | Loss: 0.0001 | Avg Reward: -0.10 | Time: 8.3s | Prob: A train travels at 60 km/h for... | Ans: 77.5
RL Step 294 | Loss: 0.0000 | Avg Reward: -0.10 | Time: 8.0s | Prob: A train travels at 56 km/h for... | Ans: 62.6
RL Step 295 | Loss: 0.0000 | Avg Reward: -0.10 | Time: 8.2s | Prob: A train travels at 45 km/h for... | Ans: 70.5
RL Step 296 | Loss: -0.0000 | Avg Reward: -0.10 | Time: 8.3s | Prob: A train travels at 66 km/h for... | Ans: 78.75
RL Step 297 | Loss: 0.0002 | Avg Reward: -0.10 | Time: 8.2s | Prob: A train travels at 42 km/h for... | Ans: 62.5
RL Step 298 | Loss: 0.0002 | Avg Reward: -0.10 | Time: 8.3s | Prob: A train travels at 63 km/h for... | Ans: 68.71
RL Step 299 | Loss: 0.0001 | Avg Reward: -0.10 | Time: 8.3s | Prob: A train travels at 73 km/h for... | Ans: 69.29
RL Step 300 | Loss: 0.0001 | Avg Reward: -0.10 | Time: 8.2s | Prob: A train travels at 77 km/h for... | Ans: 83.8
RL Step 301 | Loss: 0.0001 | Avg Reward: -0.10 | Time: 8.3s | Prob: A train travels at 42 km/h for... | Ans: 50.44
RL Step 302 | Loss: 0.0000 | Avg Reward: -0.10 | Time: 8.2s | Prob: A train travels at 57 km/h for... | Ans: 74.86
RL Step 303 | Loss: 0.0001 | Avg Reward: -0.10 | Time: 8.3s | Prob: A train travels at 61 km/h for... | Ans: 69.57
RL Step 304 | Loss: 0.0001 | Avg Reward: -0.10 | Time: 8.2s | Prob: A train travels at 66 km/h for... | Ans: 69.67
RL Step 305 | Loss: 0.0078 | Avg Reward: 0.17 | Time: 8.2s | Prob: A train travels at 56 km/h for... | Ans: 70.29
RL Step 306 | Loss: 0.0000 | Avg Reward: -0.10 | Time: 8.3s | Prob: A train travels at 74 km/h for... | Ans: 87.75
RL Step 307 | Loss: 0.0001 | Avg Reward: -0.10 | Time: 8.2s | Prob: A train travels at 63 km/h for... | Ans: 76.33
RL Step 308 | Loss: 0.0001 | Avg Reward: -0.10 | Time: 8.2s | Prob: A train travels at 43 km/h for... | Ans: 53.0
RL Step 309 | Loss: 0.0000 | Avg Reward: -0.10 | Time: 8.3s | Prob: A train travels at 51 km/h for... | Ans: 64.14
RL Step 310 | Loss: 0.0001 | Avg Reward: -0.10 | Time: 8.2s | Prob: A train travels at 77 km/h for... | Ans: 74.5
RL Step 311 | Loss: 0.0000 | Avg Reward: -0.10 | Time: 8.2s | Prob: A train travels at 65 km/h for... | Ans: 80.5
RL Step 312 | Loss: 0.0001 | Avg Reward: -0.10 | Time: 8.3s | Prob: A train travels at 68 km/h for... | Ans: 63.33
RL Step 313 | Loss: 0.0003 | Avg Reward: -0.10 | Time: 8.3s | Prob: A train travels at 77 km/h for... | Ans: 82.0
RL Step 314 | Loss: 0.0002 | Avg Reward: -0.10 | Time: 8.2s | Prob: A train travels at 71 km/h for... | Ans: 85.5
RL Step 315 | Loss: 0.0001 | Avg Reward: -0.10 | Time: 8.3s | Prob: A train travels at 64 km/h for... | Ans: 69.0
RL Step 316 | Loss: 0.0001 | Avg Reward: -0.10 | Time: 8.3s | Prob: A train travels at 49 km/h for... | Ans: 55.0
RL Step 317 | Loss: -0.0137 | Avg Reward: 0.17 | Time: 8.2s | Prob: A train travels at 68 km/h for... | Ans: 67.33
RL Step 318 | Loss: -0.0117 | Avg Reward: 0.17 | Time: 8.2s | Prob: A train travels at 80 km/h for... | Ans: 85.2
RL Step 319 | Loss: 0.0003 | Avg Reward: -0.10 | Time: 8.1s | Prob: A train travels at 53 km/h for... | Ans: 70.0
RL Step 320 | Loss: 0.0000 | Avg Reward: -0.10 | Time: 8.3s | Prob: A train travels at 79 km/h for... | Ans: 90.43
RL Step 321 | Loss: -0.0000 | Avg Reward: -0.10 | Time: 8.1s | Prob: A train travels at 66 km/h for... | Ans: 66.6
RL Step 322 | Loss: 0.0001 | Avg Reward: -0.10 | Time: 8.3s | Prob: A train travels at 73 km/h for... | Ans: 71.0
RL Step 323 | Loss: 0.0000 | Avg Reward: -0.10 | Time: 8.3s | Prob: A train travels at 53 km/h for... | Ans: 64.88
RL Step 324 | Loss: 0.0001 | Avg Reward: -0.10 | Time: 8.3s | Prob: A train travels at 53 km/h for... | Ans: 70.14
RL Step 325 | Loss: 0.0000 | Avg Reward: -0.10 | Time: 8.3s | Prob: A train travels at 42 km/h for... | Ans: 66.29
RL Step 326 | Loss: 0.0001 | Avg Reward: -0.10 | Time: 8.2s | Prob: A train travels at 46 km/h for... | Ans: 64.0
RL Step 327 | Loss: 0.0098 | Avg Reward: 0.17 | Time: 8.1s | Prob: A train travels at 52 km/h for... | Ans: 66.5
RL Step 328 | Loss: 0.0000 | Avg Reward: -0.10 | Time: 8.2s | Prob: A train travels at 58 km/h for... | Ans: 73.5
RL Step 329 | Loss: 0.0002 | Avg Reward: -0.10 | Time: 8.1s | Prob: A train travels at 42 km/h for... | Ans: 70.0
RL Step 330 | Loss: -0.0000 | Avg Reward: -0.10 | Time: 8.2s | Prob: A train travels at 70 km/h for... | Ans: 68.5
RL Step 331 | Loss: 0.0001 | Avg Reward: -0.10 | Time: 8.2s | Prob: A train travels at 73 km/h for... | Ans: 75.0
RL Step 332 | Loss: 0.0001 | Avg Reward: -0.10 | Time: 8.3s | Prob: A train travels at 64 km/h for... | Ans: 70.29
RL Step 333 | Loss: 0.0001 | Avg Reward: -0.10 | Time: 8.3s | Prob: A train travels at 49 km/h for... | Ans: 64.86
RL Step 334 | Loss: 0.0002 | Avg Reward: -0.10 | Time: 8.3s | Prob: A train travels at 51 km/h for... | Ans: 75.57
RL Step 335 | Loss: 0.0000 | Avg Reward: -0.10 | Time: 8.2s | Prob: A train travels at 50 km/h for... | Ans: 69.0
RL Step 336 | Loss: 0.0000 | Avg Reward: -0.10 | Time: 8.3s | Prob: A train travels at 73 km/h for... | Ans: 83.71
RL Step 337 | Loss: 0.0000 | Avg Reward: -0.10 | Time: 8.1s | Prob: A train travels at 47 km/h for... | Ans: 65.0
RL Step 338 | Loss: 0.0000 | Avg Reward: -0.10 | Time: 8.3s | Prob: A train travels at 59 km/h for... | Ans: 69.29
RL Step 339 | Loss: 0.0001 | Avg Reward: -0.10 | Time: 8.2s | Prob: A train travels at 74 km/h for... | Ans: 71.0
RL Step 340 | Loss: 0.0001 | Avg Reward: -0.10 | Time: 8.3s | Prob: A train travels at 67 km/h for... | Ans: 74.78
RL Step 341 | Loss: 0.0000 | Avg Reward: -0.10 | Time: 8.2s | Prob: A train travels at 47 km/h for... | Ans: 67.4
RL Step 342 | Loss: 0.0000 | Avg Reward: -0.10 | Time: 8.2s | Prob: A train travels at 70 km/h for... | Ans: 68.5
RL Step 343 | Loss: 0.0001 | Avg Reward: -0.10 | Time: 8.3s | Prob: A train travels at 47 km/h for... | Ans: 63.88
RL Step 344 | Loss: 0.0001 | Avg Reward: -0.10 | Time: 8.3s | Prob: A train travels at 46 km/h for... | Ans: 56.0
RL Step 345 | Loss: 0.0001 | Avg Reward: -0.10 | Time: 8.3s | Prob: A train travels at 48 km/h for... | Ans: 78.0
RL Step 346 | Loss: 0.0001 | Avg Reward: -0.10 | Time: 8.3s | Prob: A train travels at 46 km/h for... | Ans: 83.86
RL Step 347 | Loss: 0.0001 | Avg Reward: -0.10 | Time: 8.3s | Prob: A train travels at 67 km/h for... | Ans: 64.78
RL Step 348 | Loss: 0.0117 | Avg Reward: 0.17 | Time: 8.2s | Prob: A train travels at 65 km/h for... | Ans: 65.0
RL Step 349 | Loss: 0.0001 | Avg Reward: -0.10 | Time: 8.2s | Prob: A train travels at 56 km/h for... | Ans: 76.0
RL Step 350 | Loss: 0.0001 | Avg Reward: -0.10 | Time: 8.2s | Prob: A train travels at 72 km/h for... | Ans: 79.6
RL Step 351 | Loss: -0.0176 | Avg Reward: 0.17 | Time: 8.1s | Prob: A train travels at 61 km/h for... | Ans: 77.0
RL Step 352 | Loss: 0.0002 | Avg Reward: -0.10 | Time: 8.3s | Prob: A train travels at 72 km/h for... | Ans: 79.5
RL Step 353 | Loss: 0.0001 | Avg Reward: -0.10 | Time: 8.2s | Prob: A train travels at 73 km/h for... | Ans: 76.33
RL Step 354 | Loss: 0.0001 | Avg Reward: -0.10 | Time: 8.1s | Prob: A train travels at 80 km/h for... | Ans: 75.0
RL Step 355 | Loss: -0.0000 | Avg Reward: -0.10 | Time: 8.3s | Prob: A train travels at 57 km/h for... | Ans: 82.33
RL Step 356 | Loss: 0.0001 | Avg Reward: -0.10 | Time: 8.2s | Prob: A train travels at 67 km/h for... | Ans: 68.67
RL Step 357 | Loss: 0.0001 | Avg Reward: -0.10 | Time: 8.3s | Prob: A train travels at 75 km/h for... | Ans: 82.33
RL Step 358 | Loss: 0.0000 | Avg Reward: -0.10 | Time: 8.3s | Prob: A train travels at 61 km/h for... | Ans: 74.14
RL Step 359 | Loss: 0.0001 | Avg Reward: -0.10 | Time: 8.3s | Prob: A train travels at 57 km/h for... | Ans: 68.67
RL Step 360 | Loss: 0.0000 | Avg Reward: -0.10 | Time: 8.3s | Prob: A train travels at 45 km/h for... | Ans: 68.89
RL Step 361 | Loss: 0.0001 | Avg Reward: -0.10 | Time: 8.2s | Prob: A train travels at 52 km/h for... | Ans: 70.86
RL Step 362 | Loss: 0.0001 | Avg Reward: -0.10 | Time: 8.3s | Prob: A train travels at 73 km/h for... | Ans: 81.14
RL Step 363 | Loss: 0.0001 | Avg Reward: -0.10 | Time: 8.3s | Prob: A train travels at 55 km/h for... | Ans: 65.29
RL Step 364 | Loss: -0.0137 | Avg Reward: 0.17 | Time: 8.2s | Prob: A train travels at 56 km/h for... | Ans: 65.0
RL Step 365 | Loss: 0.0001 | Avg Reward: -0.10 | Time: 8.3s | Prob: A train travels at 40 km/h for... | Ans: 78.0
RL Step 366 | Loss: 0.0002 | Avg Reward: -0.10 | Time: 8.3s | Prob: A train travels at 46 km/h for... | Ans: 62.11
RL Step 367 | Loss: -0.0000 | Avg Reward: -0.10 | Time: 8.2s | Prob: A train travels at 53 km/h for... | Ans: 75.5
RL Step 368 | Loss: 0.0001 | Avg Reward: -0.10 | Time: 8.2s | Prob: A train travels at 56 km/h for... | Ans: 58.0
RL Step 369 | Loss: 0.0001 | Avg Reward: -0.10 | Time: 8.3s | Prob: A train travels at 78 km/h for... | Ans: 74.0
RL Step 370 | Loss: 0.0001 | Avg Reward: -0.10 | Time: 8.3s | Prob: A train travels at 77 km/h for... | Ans: 75.0
RL Step 371 | Loss: -0.0000 | Avg Reward: -0.10 | Time: 8.3s | Prob: A train travels at 40 km/h for... | Ans: 51.25
RL Step 372 | Loss: 0.0195 | Avg Reward: 0.17 | Time: 8.2s | Prob: A train travels at 59 km/h for... | Ans: 60.67
RL Step 373 | Loss: 0.0000 | Avg Reward: -0.10 | Time: 8.3s | Prob: A train travels at 59 km/h for... | Ans: 62.43
RL Step 374 | Loss: 0.0001 | Avg Reward: -0.10 | Time: 8.3s | Prob: A train travels at 73 km/h for... | Ans: 80.5
RL Step 375 | Loss: 0.0001 | Avg Reward: -0.10 | Time: 8.1s | Prob: A train travels at 69 km/h for... | Ans: 65.4
RL Step 376 | Loss: -0.0000 | Avg Reward: -0.10 | Time: 8.1s | Prob: A train travels at 52 km/h for... | Ans: 70.0
RL Step 377 | Loss: 0.0000 | Avg Reward: -0.10 | Time: 8.3s | Prob: A train travels at 42 km/h for... | Ans: 52.12
RL Step 378 | Loss: 0.0001 | Avg Reward: -0.10 | Time: 8.2s | Prob: A train travels at 44 km/h for... | Ans: 67.5
RL Step 379 | Loss: 0.0000 | Avg Reward: -0.10 | Time: 8.2s | Prob: A train travels at 43 km/h for... | Ans: 67.0
RL Step 380 | Loss: 0.0001 | Avg Reward: -0.10 | Time: 8.3s | Prob: A train travels at 77 km/h for... | Ans: 77.86
RL Step 381 | Loss: 0.0078 | Avg Reward: 0.17 | Time: 8.1s | Prob: A train travels at 61 km/h for... | Ans: 71.5
RL Step 382 | Loss: 0.0000 | Avg Reward: -0.10 | Time: 8.3s | Prob: A train travels at 51 km/h for... | Ans: 57.88
RL Step 383 | Loss: 0.0001 | Avg Reward: -0.10 | Time: 8.3s | Prob: A train travels at 70 km/h for... | Ans: 71.88
RL Step 384 | Loss: 0.0059 | Avg Reward: 0.17 | Time: 8.2s | Prob: A train travels at 74 km/h for... | Ans: 81.5
RL Step 385 | Loss: 0.0001 | Avg Reward: -0.10 | Time: 8.2s | Prob: A train travels at 40 km/h for... | Ans: 52.8
RL Step 386 | Loss: 0.0001 | Avg Reward: -0.10 | Time: 8.2s | Prob: A train travels at 69 km/h for... | Ans: 67.0
RL Step 387 | Loss: 0.0098 | Avg Reward: 0.17 | Time: 8.2s | Prob: A train travels at 58 km/h for... | Ans: 78.0
RL Step 388 | Loss: 0.0001 | Avg Reward: -0.10 | Time: 8.2s | Prob: A train travels at 53 km/h for... | Ans: 74.0
RL Step 389 | Loss: 0.0001 | Avg Reward: -0.10 | Time: 8.3s | Prob: A train travels at 72 km/h for... | Ans: 78.33
RL Step 390 | Loss: 0.0000 | Avg Reward: -0.10 | Time: 8.1s | Prob: A train travels at 69 km/h for... | Ans: 69.5
RL Step 391 | Loss: 0.0001 | Avg Reward: -0.10 | Time: 8.2s | Prob: A train travels at 66 km/h for... | Ans: 78.0
RL Step 392 | Loss: 0.0001 | Avg Reward: -0.10 | Time: 8.2s | Prob: A train travels at 58 km/h for... | Ans: 68.5
RL Step 393 | Loss: 0.0000 | Avg Reward: 0.17 | Time: 8.0s | Prob: A train travels at 80 km/h for... | Ans: 82.0
RL Step 394 | Loss: 0.0001 | Avg Reward: -0.10 | Time: 8.4s | Prob: A train travels at 51 km/h for... | Ans: 55.44
RL Step 395 | Loss: 0.0002 | Avg Reward: -0.10 | Time: 8.1s | Prob: A train travels at 65 km/h for... | Ans: 68.5
RL Step 396 | Loss: 0.0001 | Avg Reward: -0.10 | Time: 8.2s | Prob: A train travels at 49 km/h for... | Ans: 70.33
RL Step 397 | Loss: 0.0002 | Avg Reward: -0.10 | Time: 8.3s | Prob: A train travels at 75 km/h for... | Ans: 91.67
RL Step 398 | Loss: 0.0002 | Avg Reward: -0.10 | Time: 8.3s | Prob: A train travels at 46 km/h for... | Ans: 72.88
RL Step 399 | Loss: 0.0001 | Avg Reward: -0.10 | Time: 8.3s | Prob: A train travels at 48 km/h for... | Ans: 63.0
RL Step 400 | Loss: 0.0003 | Avg Reward: -0.10 | Time: 8.1s | Prob: A train travels at 47 km/h for... | Ans: 59.4
Saving RL Checkpoint at step 400...
RL Step 401 | Loss: 0.0000 | Avg Reward: -0.10 | Time: 8.4s | Prob: A train travels at 40 km/h for... | Ans: 47.14
RL Step 402 | Loss: 0.0001 | Avg Reward: -0.10 | Time: 8.3s | Prob: A train travels at 75 km/h for... | Ans: 78.43
RL Step 403 | Loss: 0.0001 | Avg Reward: -0.10 | Time: 8.2s | Prob: A train travels at 77 km/h for... | Ans: 68.11
RL Step 404 | Loss: 0.0000 | Avg Reward: -0.10 | Time: 8.3s | Prob: A train travels at 77 km/h for... | Ans: 72.88
RL Step 405 | Loss: 0.0001 | Avg Reward: -0.10 | Time: 8.2s | Prob: A train travels at 68 km/h for... | Ans: 78.71
RL Step 406 | Loss: 0.0001 | Avg Reward: -0.10 | Time: 8.1s | Prob: A train travels at 40 km/h for... | Ans: 56.8
RL Step 407 | Loss: 0.0002 | Avg Reward: -0.10 | Time: 8.3s | Prob: A train travels at 69 km/h for... | Ans: 67.57
RL Step 408 | Loss: 0.0001 | Avg Reward: -0.10 | Time: 8.3s | Prob: A train travels at 65 km/h for... | Ans: 63.22
RL Step 409 | Loss: 0.0001 | Avg Reward: -0.10 | Time: 8.1s | Prob: A train travels at 68 km/h for... | Ans: 73.6
RL Step 410 | Loss: 0.0001 | Avg Reward: -0.10 | Time: 8.1s | Prob: A train travels at 53 km/h for... | Ans: 69.4
RL Step 411 | Loss: 0.0156 | Avg Reward: 0.17 | Time: 8.3s | Prob: A train travels at 63 km/h for... | Ans: 74.88
RL Step 412 | Loss: -0.0000 | Avg Reward: -0.10 | Time: 8.2s | Prob: A train travels at 42 km/h for... | Ans: 62.0
RL Step 413 | Loss: 0.0001 | Avg Reward: -0.10 | Time: 8.3s | Prob: A train travels at 41 km/h for... | Ans: 61.0
RL Step 414 | Loss: -0.0039 | Avg Reward: 0.17 | Time: 8.2s | Prob: A train travels at 77 km/h for... | Ans: 79.0
RL Step 415 | Loss: 0.0001 | Avg Reward: -0.10 | Time: 8.3s | Prob: A train travels at 56 km/h for... | Ans: 71.0
RL Step 416 | Loss: -0.0078 | Avg Reward: 0.17 | Time: 8.3s | Prob: A train travels at 51 km/h for... | Ans: 56.67
RL Step 417 | Loss: 0.0002 | Avg Reward: -0.10 | Time: 8.1s | Prob: A train travels at 73 km/h for... | Ans: 68.0
RL Step 418 | Loss: 0.0001 | Avg Reward: -0.10 | Time: 8.3s | Prob: A train travels at 54 km/h for... | Ans: 78.0
RL Step 419 | Loss: 0.0001 | Avg Reward: -0.10 | Time: 8.3s | Prob: A train travels at 71 km/h for... | Ans: 71.29
RL Step 420 | Loss: 0.0001 | Avg Reward: -0.10 | Time: 8.3s | Prob: A train travels at 67 km/h for... | Ans: 67.86
RL Step 421 | Loss: 0.0000 | Avg Reward: -0.10 | Time: 8.2s | Prob: A train travels at 80 km/h for... | Ans: 83.5
RL Step 422 | Loss: 0.0000 | Avg Reward: -0.10 | Time: 8.3s | Prob: A train travels at 62 km/h for... | Ans: 72.62
RL Step 423 | Loss: 0.0117 | Avg Reward: 0.17 | Time: 8.1s | Prob: A train travels at 62 km/h for... | Ans: 68.4
RL Step 424 | Loss: -0.0000 | Avg Reward: -0.10 | Time: 8.1s | Prob: A train travels at 48 km/h for... | Ans: 65.5
RL Step 425 | Loss: 0.0001 | Avg Reward: -0.10 | Time: 8.2s | Prob: A train travels at 64 km/h for... | Ans: 82.0
RL Step 426 | Loss: -0.0000 | Avg Reward: -0.10 | Time: 8.3s | Prob: A train travels at 53 km/h for... | Ans: 69.89
RL Step 427 | Loss: 0.0000 | Avg Reward: -0.10 | Time: 8.2s | Prob: A train travels at 77 km/h for... | Ans: 79.5
RL Step 428 | Loss: 0.0001 | Avg Reward: -0.10 | Time: 8.2s | Prob: A train travels at 41 km/h for... | Ans: 63.0
RL Step 429 | Loss: 0.0000 | Avg Reward: -0.10 | Time: 8.2s | Prob: A train travels at 47 km/h for... | Ans: 78.8
RL Step 430 | Loss: 0.0001 | Avg Reward: -0.10 | Time: 8.2s | Prob: A train travels at 56 km/h for... | Ans: 66.5
RL Step 431 | Loss: -0.0039 | Avg Reward: 0.17 | Time: 8.2s | Prob: A train travels at 55 km/h for... | Ans: 62.5
RL Step 432 | Loss: -0.0000 | Avg Reward: -0.10 | Time: 8.3s | Prob: A train travels at 63 km/h for... | Ans: 65.67
RL Step 433 | Loss: 0.0001 | Avg Reward: -0.10 | Time: 8.3s | Prob: A train travels at 73 km/h for... | Ans: 86.71
RL Step 434 | Loss: 0.0001 | Avg Reward: -0.10 | Time: 8.3s | Prob: A train travels at 59 km/h for... | Ans: 64.0
RL Step 435 | Loss: 0.0000 | Avg Reward: -0.10 | Time: 8.3s | Prob: A train travels at 48 km/h for... | Ans: 69.43
RL Step 436 | Loss: 0.0001 | Avg Reward: -0.10 | Time: 8.3s | Prob: A train travels at 78 km/h for... | Ans: 77.33
RL Step 437 | Loss: 0.0001 | Avg Reward: -0.10 | Time: 8.3s | Prob: A train travels at 77 km/h for... | Ans: 78.71
RL Step 438 | Loss: 0.0001 | Avg Reward: -0.10 | Time: 8.3s | Prob: A train travels at 57 km/h for... | Ans: 59.29
RL Step 439 | Loss: 0.0000 | Avg Reward: -0.10 | Time: 8.3s | Prob: A train travels at 53 km/h for... | Ans: 56.38
RL Step 440 | Loss: 0.0001 | Avg Reward: -0.10 | Time: 8.2s | Prob: A train travels at 75 km/h for... | Ans: 80.33
RL Step 441 | Loss: 0.0002 | Avg Reward: -0.10 | Time: 8.3s | Prob: A train travels at 64 km/h for... | Ans: 80.67
RL Step 442 | Loss: 0.0000 | Avg Reward: -0.10 | Time: 8.3s | Prob: A train travels at 48 km/h for... | Ans: 67.29
RL Step 443 | Loss: 0.0137 | Avg Reward: 0.17 | Time: 8.3s | Prob: A train travels at 49 km/h for... | Ans: 59.29
RL Step 444 | Loss: 0.0000 | Avg Reward: -0.10 | Time: 8.2s | Prob: A train travels at 45 km/h for... | Ans: 51.8
RL Step 445 | Loss: 0.0000 | Avg Reward: -0.10 | Time: 8.2s | Prob: A train travels at 51 km/h for... | Ans: 55.5
RL Step 446 | Loss: 0.0001 | Avg Reward: -0.10 | Time: 8.1s | Prob: A train travels at 68 km/h for... | Ans: 69.0
RL Step 447 | Loss: 0.0001 | Avg Reward: -0.10 | Time: 8.3s | Prob: A train travels at 71 km/h for... | Ans: 72.14
RL Step 448 | Loss: -0.0000 | Avg Reward: -0.10 | Time: 8.2s | Prob: A train travels at 75 km/h for... | Ans: 82.5
RL Step 449 | Loss: 0.0001 | Avg Reward: -0.10 | Time: 8.1s | Prob: A train travels at 67 km/h for... | Ans: 71.5
RL Step 450 | Loss: 0.0001 | Avg Reward: -0.10 | Time: 8.2s | Prob: A train travels at 69 km/h for... | Ans: 81.0
RL Step 451 | Loss: 0.0004 | Avg Reward: -0.10 | Time: 8.1s | Prob: A train travels at 71 km/h for... | Ans: 77.0
RL Step 452 | Loss: 0.0000 | Avg Reward: -0.10 | Time: 8.2s | Prob: A train travels at 80 km/h for... | Ans: 81.11
RL Step 453 | Loss: 0.0000 | Avg Reward: -0.10 | Time: 8.2s | Prob: A train travels at 80 km/h for... | Ans: 90.2
RL Step 454 | Loss: 0.0000 | Avg Reward: -0.10 | Time: 8.2s | Prob: A train travels at 56 km/h for... | Ans: 72.8
RL Step 455 | Loss: 0.0000 | Avg Reward: -0.10 | Time: 8.3s | Prob: A train travels at 53 km/h for... | Ans: 55.86
RL Step 456 | Loss: -0.0059 | Avg Reward: 0.17 | Time: 8.2s | Prob: A train travels at 60 km/h for... | Ans: 70.0
RL Step 457 | Loss: 0.0001 | Avg Reward: -0.10 | Time: 8.2s | Prob: A train travels at 49 km/h for... | Ans: 61.4
RL Step 458 | Loss: 0.0000 | Avg Reward: -0.10 | Time: 8.4s | Prob: A train travels at 48 km/h for... | Ans: 51.43
RL Step 459 | Loss: 0.0002 | Avg Reward: -0.10 | Time: 8.3s | Prob: A train travels at 54 km/h for... | Ans: 60.0
RL Step 460 | Loss: 0.0078 | Avg Reward: 0.17 | Time: 8.2s | Prob: A train travels at 70 km/h for... | Ans: 65.5
RL Step 461 | Loss: 0.0001 | Avg Reward: -0.10 | Time: 8.2s | Prob: A train travels at 44 km/h for... | Ans: 51.71
RL Step 462 | Loss: 0.0000 | Avg Reward: -0.10 | Time: 8.2s | Prob: A train travels at 60 km/h for... | Ans: 71.33
RL Step 463 | Loss: 0.0001 | Avg Reward: -0.10 | Time: 8.2s | Prob: A train travels at 40 km/h for... | Ans: 67.5
RL Step 464 | Loss: -0.0000 | Avg Reward: -0.10 | Time: 8.3s | Prob: A train travels at 79 km/h for... | Ans: 83.29
RL Step 465 | Loss: 0.0001 | Avg Reward: -0.10 | Time: 8.3s | Prob: A train travels at 58 km/h for... | Ans: 81.75
RL Step 466 | Loss: 0.0001 | Avg Reward: -0.10 | Time: 8.3s | Prob: A train travels at 79 km/h for... | Ans: 90.11
RL Step 467 | Loss: 0.0002 | Avg Reward: -0.10 | Time: 8.3s | Prob: A train travels at 51 km/h for... | Ans: 73.78
RL Step 468 | Loss: -0.0000 | Avg Reward: -0.10 | Time: 8.1s | Prob: A train travels at 46 km/h for... | Ans: 69.0
RL Step 469 | Loss: 0.0002 | Avg Reward: -0.10 | Time: 8.1s | Prob: A train travels at 43 km/h for... | Ans: 58.0
RL Step 470 | Loss: -0.0137 | Avg Reward: 0.17 | Time: 8.2s | Prob: A train travels at 40 km/h for... | Ans: 64.0
RL Step 471 | Loss: 0.0002 | Avg Reward: -0.10 | Time: 8.3s | Prob: A train travels at 40 km/h for... | Ans: 56.43
RL Step 472 | Loss: 0.0001 | Avg Reward: -0.10 | Time: 8.3s | Prob: A train travels at 72 km/h for... | Ans: 72.0
RL Step 473 | Loss: 0.0001 | Avg Reward: -0.10 | Time: 8.3s | Prob: A train travels at 44 km/h for... | Ans: 54.67
RL Step 474 | Loss: 0.0000 | Avg Reward: -0.10 | Time: 8.2s | Prob: A train travels at 78 km/h for... | Ans: 83.5
RL Step 475 | Loss: 0.0001 | Avg Reward: -0.10 | Time: 8.2s | Prob: A train travels at 74 km/h for... | Ans: 80.0
RL Step 476 | Loss: 0.0001 | Avg Reward: -0.10 | Time: 8.3s | Prob: A train travels at 57 km/h for... | Ans: 59.57
RL Step 477 | Loss: 0.0001 | Avg Reward: -0.10 | Time: 8.3s | Prob: A train travels at 68 km/h for... | Ans: 73.33
RL Step 478 | Loss: 0.0002 | Avg Reward: -0.10 | Time: 8.1s | Prob: A train travels at 44 km/h for... | Ans: 69.8
RL Step 479 | Loss: 0.0001 | Avg Reward: -0.10 | Time: 8.3s | Prob: A train travels at 66 km/h for... | Ans: 71.0
RL Step 480 | Loss: 0.0001 | Avg Reward: -0.10 | Time: 8.3s | Prob: A train travels at 45 km/h for... | Ans: 60.75
RL Step 481 | Loss: 0.0000 | Avg Reward: -0.10 | Time: 8.3s | Prob: A train travels at 61 km/h for... | Ans: 75.38
RL Step 482 | Loss: 0.0001 | Avg Reward: -0.10 | Time: 8.2s | Prob: A train travels at 42 km/h for... | Ans: 51.0
RL Step 483 | Loss: 0.0098 | Avg Reward: 0.17 | Time: 8.3s | Prob: A train travels at 53 km/h for... | Ans: 76.57
RL Step 484 | Loss: 0.0001 | Avg Reward: -0.10 | Time: 8.2s | Prob: A train travels at 79 km/h for... | Ans: 72.5
RL Step 485 | Loss: 0.0000 | Avg Reward: -0.10 | Time: 8.3s | Prob: A train travels at 60 km/h for... | Ans: 61.67
RL Step 486 | Loss: 0.0001 | Avg Reward: -0.10 | Time: 8.2s | Prob: A train travels at 69 km/h for... | Ans: 73.29
RL Step 487 | Loss: 0.0000 | Avg Reward: -0.10 | Time: 8.3s | Prob: A train travels at 67 km/h for... | Ans: 84.22
RL Step 488 | Loss: 0.0000 | Avg Reward: -0.10 | Time: 8.3s | Prob: A train travels at 51 km/h for... | Ans: 64.33
RL Step 489 | Loss: 0.0001 | Avg Reward: -0.10 | Time: 8.1s | Prob: A train travels at 44 km/h for... | Ans: 63.5
RL Step 490 | Loss: 0.0001 | Avg Reward: -0.10 | Time: 8.2s | Prob: A train travels at 69 km/h for... | Ans: 79.5
RL Step 491 | Loss: 0.0001 | Avg Reward: -0.10 | Time: 8.3s | Prob: A train travels at 54 km/h for... | Ans: 60.0
RL Step 492 | Loss: 0.0001 | Avg Reward: -0.10 | Time: 8.3s | Prob: A train travels at 49 km/h for... | Ans: 54.43
RL Step 493 | Loss: 0.0000 | Avg Reward: -0.10 | Time: 8.2s | Prob: A train travels at 70 km/h for... | Ans: 66.5
RL Step 494 | Loss: 0.0002 | Avg Reward: -0.10 | Time: 8.3s | Prob: A train travels at 79 km/h for... | Ans: 82.11
RL Step 495 | Loss: 0.0001 | Avg Reward: -0.10 | Time: 8.3s | Prob: A train travels at 69 km/h for... | Ans: 67.67
RL Step 496 | Loss: 0.0001 | Avg Reward: -0.10 | Time: 8.3s | Prob: A train travels at 72 km/h for... | Ans: 84.5
RL Step 497 | Loss: 0.0001 | Avg Reward: -0.10 | Time: 8.2s | Prob: A train travels at 76 km/h for... | Ans: 82.0
RL Step 498 | Loss: 0.0001 | Avg Reward: -0.10 | Time: 8.2s | Prob: A train travels at 80 km/h for... | Ans: 87.6
RL Step 499 | Loss: 0.0000 | Avg Reward: -0.10 | Time: 8.2s | Prob: A train travels at 69 km/h for... | Ans: 80.5
RL Step 500 | Loss: -0.0000 | Avg Reward: -0.10 | Time: 8.2s | Prob: A train travels at 44 km/h for... | Ans: 59.0
RL Step 501 | Loss: 0.0002 | Avg Reward: -0.10 | Time: 8.3s | Prob: A train travels at 45 km/h for... | Ans: 69.44
RL Step 502 | Loss: 0.0001 | Avg Reward: -0.10 | Time: 8.3s | Prob: A train travels at 74 km/h for... | Ans: 86.14
RL Step 503 | Loss: 0.0001 | Avg Reward: -0.10 | Time: 8.4s | Prob: A train travels at 44 km/h for... | Ans: 57.5
RL Step 504 | Loss: 0.0000 | Avg Reward: -0.10 | Time: 8.3s | Prob: A train travels at 72 km/h for... | Ans: 71.0
RL Step 505 | Loss: -0.0001 | Avg Reward: -0.10 | Time: 8.1s | Prob: A train travels at 41 km/h for... | Ans: 52.0
RL Step 506 | Loss: 0.0001 | Avg Reward: -0.10 | Time: 8.2s | Prob: A train travels at 54 km/h for... | Ans: 59.78
RL Step 507 | Loss: 0.0059 | Avg Reward: 0.17 | Time: 8.2s | Prob: A train travels at 40 km/h for... | Ans: 58.5
RL Step 508 | Loss: 0.0001 | Avg Reward: -0.10 | Time: 8.2s | Prob: A train travels at 48 km/h for... | Ans: 75.5
RL Step 509 | Loss: 0.0001 | Avg Reward: -0.10 | Time: 8.3s | Prob: A train travels at 55 km/h for... | Ans: 66.25
RL Step 510 | Loss: 0.0001 | Avg Reward: -0.10 | Time: 8.2s | Prob: A train travels at 45 km/h for... | Ans: 55.5
RL Step 511 | Loss: 0.0001 | Avg Reward: -0.10 | Time: 8.2s | Prob: A train travels at 47 km/h for... | Ans: 66.0
RL Step 512 | Loss: 0.0000 | Avg Reward: -0.10 | Time: 8.2s | Prob: A train travels at 46 km/h for... | Ans: 52.8
RL Step 513 | Loss: 0.0039 | Avg Reward: 0.17 | Time: 8.3s | Prob: A train travels at 77 km/h for... | Ans: 79.57
RL Step 514 | Loss: 0.0000 | Avg Reward: -0.10 | Time: 8.3s | Prob: A train travels at 76 km/h for... | Ans: 76.0
RL Step 515 | Loss: 0.0001 | Avg Reward: -0.10 | Time: 8.1s | Prob: A train travels at 56 km/h for... | Ans: 72.0
RL Step 516 | Loss: 0.0002 | Avg Reward: -0.10 | Time: 8.3s | Prob: A train travels at 50 km/h for... | Ans: 75.71
RL Step 517 | Loss: 0.0002 | Avg Reward: -0.10 | Time: 8.4s | Prob: A train travels at 52 km/h for... | Ans: 59.56
RL Step 518 | Loss: 0.0312 | Avg Reward: 0.17 | Time: 8.1s | Prob: A train travels at 51 km/h for... | Ans: 58.2
RL Step 519 | Loss: 0.0001 | Avg Reward: -0.10 | Time: 8.1s | Prob: A train travels at 76 km/h for... | Ans: 79.0
RL Step 520 | Loss: 0.0001 | Avg Reward: -0.10 | Time: 8.3s | Prob: A train travels at 49 km/h for... | Ans: 59.56
RL Step 521 | Loss: 0.0002 | Avg Reward: -0.10 | Time: 8.1s | Prob: A train travels at 72 km/h for... | Ans: 77.5
RL Step 522 | Loss: 0.0001 | Avg Reward: -0.10 | Time: 8.2s | Prob: A train travels at 40 km/h for... | Ans: 57.14
RL Step 523 | Loss: 0.0001 | Avg Reward: -0.10 | Time: 8.2s | Prob: A train travels at 77 km/h for... | Ans: 78.0
RL Step 524 | Loss: 0.0002 | Avg Reward: -0.10 | Time: 8.1s | Prob: A train travels at 61 km/h for... | Ans: 80.2
RL Step 525 | Loss: 0.0002 | Avg Reward: -0.10 | Time: 8.3s | Prob: A train travels at 68 km/h for... | Ans: 86.29
RL Step 526 | Loss: 0.0001 | Avg Reward: -0.10 | Time: 8.2s | Prob: A train travels at 77 km/h for... | Ans: 76.0
RL Step 527 | Loss: 0.0000 | Avg Reward: -0.10 | Time: 8.3s | Prob: A train travels at 74 km/h for... | Ans: 83.29
RL Step 528 | Loss: 0.0000 | Avg Reward: -0.10 | Time: 8.2s | Prob: A train travels at 77 km/h for... | Ans: 86.0
RL Step 529 | Loss: 0.0002 | Avg Reward: -0.10 | Time: 8.2s | Prob: A train travels at 80 km/h for... | Ans: 72.44
RL Step 530 | Loss: 0.0001 | Avg Reward: -0.10 | Time: 8.1s | Prob: A train travels at 66 km/h for... | Ans: 78.8
RL Step 531 | Loss: 0.0039 | Avg Reward: 0.17 | Time: 8.2s | Prob: A train travels at 64 km/h for... | Ans: 62.0
RL Step 532 | Loss: 0.0001 | Avg Reward: -0.10 | Time: 8.4s | Prob: A train travels at 46 km/h for... | Ans: 62.43
RL Step 533 | Loss: 0.0001 | Avg Reward: -0.10 | Time: 8.1s | Prob: A train travels at 71 km/h for... | Ans: 76.2
RL Step 534 | Loss: 0.0000 | Avg Reward: -0.10 | Time: 8.1s | Prob: A train travels at 64 km/h for... | Ans: 82.0
RL Step 535 | Loss: 0.0000 | Avg Reward: -0.10 | Time: 8.2s | Prob: A train travels at 71 km/h for... | Ans: 81.5
RL Step 536 | Loss: 0.0000 | Avg Reward: -0.10 | Time: 8.3s | Prob: A train travels at 67 km/h for... | Ans: 72.33
RL Step 537 | Loss: 0.0001 | Avg Reward: -0.10 | Time: 8.3s | Prob: A train travels at 75 km/h for... | Ans: 71.43
RL Step 538 | Loss: 0.0000 | Avg Reward: -0.10 | Time: 8.3s | Prob: A train travels at 73 km/h for... | Ans: 90.14
RL Step 539 | Loss: 0.0001 | Avg Reward: -0.10 | Time: 8.2s | Prob: A train travels at 49 km/h for... | Ans: 64.75
RL Step 540 | Loss: 0.0001 | Avg Reward: -0.10 | Time: 8.1s | Prob: A train travels at 70 km/h for... | Ans: 75.0
RL Step 541 | Loss: 0.0001 | Avg Reward: -0.10 | Time: 8.3s | Prob: A train travels at 55 km/h for... | Ans: 58.75
RL Step 542 | Loss: 0.0001 | Avg Reward: -0.10 | Time: 8.3s | Prob: A train travels at 42 km/h for... | Ans: 63.78
RL Step 543 | Loss: 0.0001 | Avg Reward: -0.10 | Time: 8.2s | Prob: A train travels at 50 km/h for... | Ans: 68.0
RL Step 544 | Loss: 0.0001 | Avg Reward: -0.10 | Time: 8.4s | Prob: A train travels at 77 km/h for... | Ans: 86.14
RL Step 545 | Loss: 0.0001 | Avg Reward: -0.10 | Time: 8.3s | Prob: A train travels at 42 km/h for... | Ans: 54.44
RL Step 546 | Loss: -0.0000 | Avg Reward: -0.10 | Time: 8.1s | Prob: A train travels at 53 km/h for... | Ans: 58.6
RL Step 547 | Loss: 0.0001 | Avg Reward: -0.10 | Time: 8.2s | Prob: A train travels at 40 km/h for... | Ans: 50.86
RL Step 548 | Loss: 0.0001 | Avg Reward: -0.10 | Time: 8.3s | Prob: A train travels at 62 km/h for... | Ans: 69.11
RL Step 549 | Loss: -0.0000 | Avg Reward: -0.10 | Time: 8.1s | Prob: A train travels at 70 km/h for... | Ans: 65.0
RL Step 550 | Loss: 0.0002 | Avg Reward: -0.10 | Time: 8.3s | Prob: A train travels at 50 km/h for... | Ans: 72.14
RL Step 551 | Loss: 0.0137 | Avg Reward: 0.17 | Time: 8.1s | Prob: A train travels at 60 km/h for... | Ans: 67.0
RL Step 552 | Loss: 0.0001 | Avg Reward: -0.10 | Time: 8.3s | Prob: A train travels at 44 km/h for... | Ans: 57.78
RL Step 553 | Loss: 0.0001 | Avg Reward: -0.10 | Time: 8.3s | Prob: A train travels at 75 km/h for... | Ans: 75.67
RL Step 554 | Loss: 0.0001 | Avg Reward: -0.10 | Time: 8.2s | Prob: A train travels at 40 km/h for... | Ans: 61.0
RL Step 555 | Loss: 0.0000 | Avg Reward: -0.10 | Time: 8.2s | Prob: A train travels at 57 km/h for... | Ans: 68.14
RL Step 556 | Loss: -0.0000 | Avg Reward: -0.10 | Time: 8.3s | Prob: A train travels at 61 km/h for... | Ans: 71.62
RL Step 557 | Loss: 0.0001 | Avg Reward: -0.10 | Time: 8.2s | Prob: A train travels at 67 km/h for... | Ans: 65.5
RL Step 558 | Loss: 0.0001 | Avg Reward: -0.10 | Time: 8.3s | Prob: A train travels at 74 km/h for... | Ans: 74.86
RL Step 559 | Loss: 0.0001 | Avg Reward: -0.10 | Time: 8.2s | Prob: A train travels at 59 km/h for... | Ans: 72.33
RL Step 560 | Loss: 0.0000 | Avg Reward: -0.10 | Time: 8.3s | Prob: A train travels at 45 km/h for... | Ans: 71.86
RL Step 561 | Loss: 0.0001 | Avg Reward: -0.10 | Time: 8.3s | Prob: A train travels at 50 km/h for... | Ans: 73.57
RL Step 562 | Loss: 0.0059 | Avg Reward: 0.17 | Time: 8.1s | Prob: A train travels at 40 km/h for... | Ans: 53.5
RL Step 563 | Loss: 0.0000 | Avg Reward: -0.10 | Time: 8.3s | Prob: A train travels at 65 km/h for... | Ans: 69.5
RL Step 564 | Loss: 0.0001 | Avg Reward: -0.10 | Time: 8.4s | Prob: A train travels at 60 km/h for... | Ans: 75.0
RL Step 565 | Loss: 0.0001 | Avg Reward: -0.10 | Time: 8.2s | Prob: A train travels at 78 km/h for... | Ans: 73.5
RL Step 566 | Loss: 0.0001 | Avg Reward: -0.10 | Time: 8.2s | Prob: A train travels at 73 km/h for... | Ans: 83.4
RL Step 567 | Loss: 0.0000 | Avg Reward: -0.10 | Time: 8.2s | Prob: A train travels at 68 km/h for... | Ans: 80.0
RL Step 568 | Loss: 0.0001 | Avg Reward: -0.10 | Time: 8.3s | Prob: A train travels at 60 km/h for... | Ans: 64.57
RL Step 569 | Loss: 0.0254 | Avg Reward: 0.17 | Time: 8.3s | Prob: A train travels at 71 km/h for... | Ans: 78.43
RL Step 570 | Loss: 0.0002 | Avg Reward: -0.10 | Time: 8.1s | Prob: A train travels at 49 km/h for... | Ans: 60.0
RL Step 571 | Loss: 0.0001 | Avg Reward: -0.10 | Time: 8.2s | Prob: A train travels at 53 km/h for... | Ans: 55.8
RL Step 572 | Loss: 0.0001 | Avg Reward: -0.10 | Time: 8.2s | Prob: A train travels at 79 km/h for... | Ans: 81.0
RL Step 573 | Loss: 0.0000 | Avg Reward: -0.10 | Time: 8.3s | Prob: A train travels at 72 km/h for... | Ans: 81.29
RL Step 574 | Loss: 0.0002 | Avg Reward: -0.10 | Time: 8.3s | Prob: A train travels at 53 km/h for... | Ans: 58.62
RL Step 575 | Loss: 0.0000 | Avg Reward: -0.10 | Time: 8.2s | Prob: A train travels at 61 km/h for... | Ans: 71.0
RL Step 576 | Loss: 0.0000 | Avg Reward: -0.10 | Time: 8.2s | Prob: A train travels at 44 km/h for... | Ans: 59.0
RL Step 577 | Loss: 0.0002 | Avg Reward: -0.10 | Time: 8.1s | Prob: A train travels at 58 km/h for... | Ans: 70.0
RL Step 578 | Loss: 0.0001 | Avg Reward: -0.10 | Time: 8.1s | Prob: A train travels at 62 km/h for... | Ans: 76.4
RL Step 579 | Loss: 0.0001 | Avg Reward: -0.10 | Time: 8.3s | Prob: A train travels at 71 km/h for... | Ans: 69.67
RL Step 580 | Loss: -0.0078 | Avg Reward: 0.17 | Time: 8.3s | Prob: A train travels at 48 km/h for... | Ans: 69.86
RL Step 581 | Loss: -0.0020 | Avg Reward: 0.17 | Time: 8.3s | Prob: A train travels at 74 km/h for... | Ans: 75.71
RL Step 582 | Loss: 0.0001 | Avg Reward: -0.10 | Time: 8.3s | Prob: A train travels at 68 km/h for... | Ans: 76.14
RL Step 583 | Loss: 0.0001 | Avg Reward: -0.10 | Time: 8.3s | Prob: A train travels at 40 km/h for... | Ans: 59.33
RL Step 584 | Loss: 0.0001 | Avg Reward: -0.10 | Time: 8.3s | Prob: A train travels at 57 km/h for... | Ans: 64.5
RL Step 585 | Loss: 0.0000 | Avg Reward: -0.10 | Time: 8.1s | Prob: A train travels at 63 km/h for... | Ans: 76.2
RL Step 586 | Loss: 0.0001 | Avg Reward: -0.10 | Time: 8.3s | Prob: A train travels at 77 km/h for... | Ans: 77.57
RL Step 587 | Loss: 0.0000 | Avg Reward: -0.10 | Time: 8.2s | Prob: A train travels at 58 km/h for... | Ans: 70.0
RL Step 588 | Loss: 0.0001 | Avg Reward: -0.10 | Time: 8.3s | Prob: A train travels at 63 km/h for... | Ans: 67.29
RL Step 589 | Loss: 0.0001 | Avg Reward: -0.10 | Time: 8.3s | Prob: A train travels at 72 km/h for... | Ans: 74.86
RL Step 590 | Loss: 0.0001 | Avg Reward: -0.10 | Time: 8.3s | Prob: A train travels at 42 km/h for... | Ans: 58.71
RL Step 591 | Loss: 0.0002 | Avg Reward: -0.10 | Time: 8.3s | Prob: A train travels at 61 km/h for... | Ans: 76.86
RL Step 592 | Loss: 0.0001 | Avg Reward: -0.10 | Time: 8.2s | Prob: A train travels at 43 km/h for... | Ans: 67.5
RL Step 593 | Loss: 0.0002 | Avg Reward: -0.10 | Time: 8.3s | Prob: A train travels at 69 km/h for... | Ans: 71.67
RL Step 594 | Loss: 0.0001 | Avg Reward: -0.10 | Time: 8.2s | Prob: A train travels at 43 km/h for... | Ans: 52.2
RL Step 595 | Loss: 0.0002 | Avg Reward: -0.10 | Time: 8.1s | Prob: A train travels at 41 km/h for... | Ans: 57.2
RL Step 596 | Loss: 0.0001 | Avg Reward: -0.10 | Time: 8.3s | Prob: A train travels at 47 km/h for... | Ans: 66.43
RL Step 597 | Loss: 0.0000 | Avg Reward: -0.10 | Time: 8.2s | Prob: A train travels at 52 km/h for... | Ans: 57.0
RL Step 598 | Loss: -0.0001 | Avg Reward: -0.10 | Time: 8.2s | Prob: A train travels at 52 km/h for... | Ans: 62.0
RL Step 599 | Loss: 0.0020 | Avg Reward: 0.17 | Time: 8.2s | Prob: A train travels at 68 km/h for... | Ans: 81.5
RL Step 600 | Loss: 0.0000 | Avg Reward: -0.10 | Time: 8.2s | Prob: A train travels at 53 km/h for... | Ans: 71.5
Saving RL Checkpoint at step 600...
RL Step 601 | Loss: 0.0000 | Avg Reward: -0.10 | Time: 8.1s | Prob: A train travels at 44 km/h for... | Ans: 57.0
RL Step 602 | Loss: 0.0000 | Avg Reward: -0.10 | Time: 8.3s | Prob: A train travels at 65 km/h for... | Ans: 79.38
RL Step 603 | Loss: 0.0001 | Avg Reward: -0.10 | Time: 8.3s | Prob: A train travels at 76 km/h for... | Ans: 71.71
RL Step 604 | Loss: 0.0001 | Avg Reward: -0.10 | Time: 8.3s | Prob: A train travels at 51 km/h for... | Ans: 68.22
RL Step 605 | Loss: 0.0001 | Avg Reward: -0.10 | Time: 8.2s | Prob: A train travels at 68 km/h for... | Ans: 82.4
RL Step 606 | Loss: -0.0098 | Avg Reward: 0.17 | Time: 8.3s | Prob: A train travels at 50 km/h for... | Ans: 54.0
RL Step 607 | Loss: 0.0001 | Avg Reward: -0.10 | Time: 8.2s | Prob: A train travels at 75 km/h for... | Ans: 78.43
RL Step 608 | Loss: 0.0000 | Avg Reward: -0.10 | Time: 8.1s | Prob: A train travels at 69 km/h for... | Ans: 80.4
RL Step 609 | Loss: 0.0039 | Avg Reward: 0.17 | Time: 8.1s | Prob: A train travels at 76 km/h for... | Ans: 75.5
RL Step 610 | Loss: 0.0001 | Avg Reward: -0.10 | Time: 8.4s | Prob: A train travels at 51 km/h for... | Ans: 55.0
RL Step 611 | Loss: 0.0000 | Avg Reward: -0.10 | Time: 8.3s | Prob: A train travels at 45 km/h for... | Ans: 51.75
RL Step 612 | Loss: 0.0000 | Avg Reward: -0.10 | Time: 8.2s | Prob: A train travels at 63 km/h for... | Ans: 62.38
RL Step 613 | Loss: 0.0001 | Avg Reward: -0.10 | Time: 8.3s | Prob: A train travels at 50 km/h for... | Ans: 80.67
RL Step 614 | Loss: 0.0000 | Avg Reward: -0.10 | Time: 8.2s | Prob: A train travels at 40 km/h for... | Ans: 52.0
RL Step 615 | Loss: 0.0098 | Avg Reward: 0.17 | Time: 8.3s | Prob: A train travels at 78 km/h for... | Ans: 81.43
RL Step 616 | Loss: 0.0001 | Avg Reward: -0.10 | Time: 8.3s | Prob: A train travels at 50 km/h for... | Ans: 68.33
RL Step 617 | Loss: 0.0001 | Avg Reward: -0.10 | Time: 8.3s | Prob: A train travels at 47 km/h for... | Ans: 72.56
RL Step 618 | Loss: 0.0001 | Avg Reward: -0.10 | Time: 8.3s | Prob: A train travels at 47 km/h for... | Ans: 65.33
RL Step 619 | Loss: 0.0001 | Avg Reward: -0.10 | Time: 8.1s | Prob: A train travels at 60 km/h for... | Ans: 71.5
RL Step 620 | Loss: 0.0002 | Avg Reward: -0.10 | Time: 8.3s | Prob: A train travels at 47 km/h for... | Ans: 63.88
RL Step 621 | Loss: 0.0001 | Avg Reward: -0.10 | Time: 8.1s | Prob: A train travels at 44 km/h for... | Ans: 60.8
RL Step 622 | Loss: 0.0000 | Avg Reward: -0.10 | Time: 8.3s | Prob: A train travels at 64 km/h for... | Ans: 61.78
RL Step 623 | Loss: 0.0001 | Avg Reward: -0.10 | Time: 8.2s | Prob: A train travels at 79 km/h for... | Ans: 80.2
RL Step 624 | Loss: 0.0001 | Avg Reward: -0.10 | Time: 8.3s | Prob: A train travels at 70 km/h for... | Ans: 76.38
RL Step 625 | Loss: -0.0000 | Avg Reward: -0.10 | Time: 8.2s | Prob: A train travels at 45 km/h for... | Ans: 62.5
RL Step 626 | Loss: 0.0000 | Avg Reward: -0.10 | Time: 8.3s | Prob: A train travels at 57 km/h for... | Ans: 65.0
RL Step 627 | Loss: 0.0001 | Avg Reward: -0.10 | Time: 8.1s | Prob: A train travels at 68 km/h for... | Ans: 66.8
RL Step 628 | Loss: -0.0000 | Avg Reward: -0.10 | Time: 8.3s | Prob: A train travels at 79 km/h for... | Ans: 72.78
RL Step 629 | Loss: 0.0000 | Avg Reward: 0.45 | Time: 8.0s | Prob: A train travels at 71 km/h for... | Ans: 69.0
RL Step 630 | Loss: 0.0001 | Avg Reward: -0.10 | Time: 8.3s | Prob: A train travels at 79 km/h for... | Ans: 85.0
RL Step 631 | Loss: 0.0078 | Avg Reward: 0.17 | Time: 8.2s | Prob: A train travels at 80 km/h for... | Ans: 83.0
RL Step 632 | Loss: 0.0000 | Avg Reward: -0.10 | Time: 8.3s | Prob: A train travels at 45 km/h for... | Ans: 69.0
RL Step 633 | Loss: 0.0000 | Avg Reward: -0.10 | Time: 8.1s | Prob: A train travels at 74 km/h for... | Ans: 76.4
RL Step 634 | Loss: 0.0000 | Avg Reward: -0.10 | Time: 8.3s | Prob: A train travels at 76 km/h for... | Ans: 89.12
RL Step 635 | Loss: 0.0001 | Avg Reward: -0.10 | Time: 8.1s | Prob: A train travels at 45 km/h for... | Ans: 59.5
RL Step 636 | Loss: 0.0001 | Avg Reward: -0.10 | Time: 8.3s | Prob: A train travels at 43 km/h for... | Ans: 80.33
RL Step 637 | Loss: 0.0001 | Avg Reward: -0.10 | Time: 8.2s | Prob: A train travels at 62 km/h for... | Ans: 70.29
RL Step 638 | Loss: 0.0001 | Avg Reward: -0.10 | Time: 8.3s | Prob: A train travels at 69 km/h for... | Ans: 68.44
RL Step 639 | Loss: 0.0001 | Avg Reward: -0.10 | Time: 8.2s | Prob: A train travels at 71 km/h for... | Ans: 80.5
RL Step 640 | Loss: 0.0001 | Avg Reward: -0.10 | Time: 8.3s | Prob: A train travels at 70 km/h for... | Ans: 71.78
RL Step 641 | Loss: 0.0001 | Avg Reward: -0.10 | Time: 8.3s | Prob: A train travels at 64 km/h for... | Ans: 86.86
RL Step 642 | Loss: 0.0137 | Avg Reward: 0.17 | Time: 8.3s | Prob: A train travels at 80 km/h for... | Ans: 80.86
RL Step 643 | Loss: 0.0001 | Avg Reward: -0.10 | Time: 8.2s | Prob: A train travels at 65 km/h for... | Ans: 77.0
RL Step 644 | Loss: 0.0001 | Avg Reward: -0.10 | Time: 8.2s | Prob: A train travels at 55 km/h for... | Ans: 68.12
RL Step 645 | Loss: 0.0000 | Avg Reward: -0.10 | Time: 8.1s | Prob: A train travels at 51 km/h for... | Ans: 61.5
RL Step 646 | Loss: 0.0000 | Avg Reward: -0.10 | Time: 8.3s | Prob: A train travels at 73 km/h for... | Ans: 78.78
RL Step 647 | Loss: 0.0000 | Avg Reward: -0.10 | Time: 8.2s | Prob: A train travels at 45 km/h for... | Ans: 55.5
RL Step 648 | Loss: 0.0001 | Avg Reward: -0.10 | Time: 8.3s | Prob: A train travels at 63 km/h for... | Ans: 69.67
RL Step 649 | Loss: -0.0000 | Avg Reward: -0.10 | Time: 8.4s | Prob: A train travels at 42 km/h for... | Ans: 62.62
RL Step 650 | Loss: 0.0001 | Avg Reward: -0.10 | Time: 8.3s | Prob: A train travels at 57 km/h for... | Ans: 67.62
RL Step 651 | Loss: 0.0002 | Avg Reward: -0.10 | Time: 8.4s | Prob: A train travels at 50 km/h for... | Ans: 67.33
RL Step 652 | Loss: 0.0001 | Avg Reward: -0.10 | Time: 8.3s | Prob: A train travels at 44 km/h for... | Ans: 61.14
RL Step 653 | Loss: 0.0000 | Avg Reward: -0.10 | Time: 8.3s | Prob: A train travels at 42 km/h for... | Ans: 72.0
RL Step 654 | Loss: 0.0001 | Avg Reward: -0.10 | Time: 8.3s | Prob: A train travels at 79 km/h for... | Ans: 77.67
RL Step 655 | Loss: 0.0001 | Avg Reward: -0.10 | Time: 8.3s | Prob: A train travels at 75 km/h for... | Ans: 70.71
RL Step 656 | Loss: 0.0001 | Avg Reward: -0.10 | Time: 8.3s | Prob: A train travels at 49 km/h for... | Ans: 78.14
RL Step 657 | Loss: 0.0001 | Avg Reward: -0.10 | Time: 8.4s | Prob: A train travels at 56 km/h for... | Ans: 62.22
RL Step 658 | Loss: 0.0001 | Avg Reward: -0.10 | Time: 8.3s | Prob: A train travels at 56 km/h for... | Ans: 68.44
RL Step 659 | Loss: 0.0001 | Avg Reward: -0.10 | Time: 8.3s | Prob: A train travels at 60 km/h for... | Ans: 86.43
RL Step 660 | Loss: 0.0000 | Avg Reward: -0.10 | Time: 8.3s | Prob: A train travels at 75 km/h for... | Ans: 76.88
RL Step 661 | Loss: -0.0000 | Avg Reward: -0.10 | Time: 8.2s | Prob: A train travels at 73 km/h for... | Ans: 86.0
RL Step 662 | Loss: 0.0001 | Avg Reward: -0.10 | Time: 8.3s | Prob: A train travels at 69 km/h for... | Ans: 83.86
RL Step 663 | Loss: 0.0000 | Avg Reward: -0.10 | Time: 8.3s | Prob: A train travels at 71 km/h for... | Ans: 70.44
RL Step 664 | Loss: 0.0000 | Avg Reward: -0.10 | Time: 8.2s | Prob: A train travels at 62 km/h for... | Ans: 71.43
RL Step 665 | Loss: 0.0001 | Avg Reward: -0.10 | Time: 8.2s | Prob: A train travels at 69 km/h for... | Ans: 74.33
RL Step 666 | Loss: -0.0020 | Avg Reward: 0.17 | Time: 8.2s | Prob: A train travels at 72 km/h for... | Ans: 75.2
RL Step 667 | Loss: 0.0001 | Avg Reward: -0.10 | Time: 8.3s | Prob: A train travels at 56 km/h for... | Ans: 67.43
RL Step 668 | Loss: -0.0078 | Avg Reward: 0.17 | Time: 8.2s | Prob: A train travels at 48 km/h for... | Ans: 65.0
RL Step 669 | Loss: 0.0001 | Avg Reward: -0.10 | Time: 8.2s | Prob: A train travels at 75 km/h for... | Ans: 69.38
RL Step 670 | Loss: 0.0001 | Avg Reward: -0.10 | Time: 8.2s | Prob: A train travels at 58 km/h for... | Ans: 62.5
RL Step 671 | Loss: 0.0000 | Avg Reward: -0.10 | Time: 8.2s | Prob: A train travels at 68 km/h for... | Ans: 70.4
RL Step 672 | Loss: 0.0001 | Avg Reward: -0.10 | Time: 8.1s | Prob: A train travels at 79 km/h for... | Ans: 71.2
RL Step 673 | Loss: 0.0001 | Avg Reward: -0.10 | Time: 8.3s | Prob: A train travels at 61 km/h for... | Ans: 75.86
RL Step 674 | Loss: 0.0000 | Avg Reward: -0.10 | Time: 8.3s | Prob: A train travels at 55 km/h for... | Ans: 67.0
RL Step 675 | Loss: 0.0002 | Avg Reward: -0.10 | Time: 8.2s | Prob: A train travels at 46 km/h for... | Ans: 55.5
RL Step 676 | Loss: -0.0059 | Avg Reward: 0.17 | Time: 8.2s | Prob: A train travels at 42 km/h for... | Ans: 66.0
RL Step 677 | Loss: -0.0156 | Avg Reward: 0.17 | Time: 8.1s | Prob: A train travels at 41 km/h for... | Ans: 51.0
RL Step 678 | Loss: 0.0001 | Avg Reward: -0.10 | Time: 8.1s | Prob: A train travels at 45 km/h for... | Ans: 63.5
RL Step 679 | Loss: 0.0002 | Avg Reward: -0.10 | Time: 8.3s | Prob: A train travels at 58 km/h for... | Ans: 61.33
RL Step 680 | Loss: 0.0001 | Avg Reward: -0.10 | Time: 8.1s | Prob: A train travels at 80 km/h for... | Ans: 74.4
RL Step 681 | Loss: 0.0312 | Avg Reward: 0.17 | Time: 8.4s | Prob: A train travels at 76 km/h for... | Ans: 87.25
RL Step 682 | Loss: -0.0000 | Avg Reward: -0.10 | Time: 8.3s | Prob: A train travels at 56 km/h for... | Ans: 73.78
RL Step 683 | Loss: 0.0001 | Avg Reward: -0.10 | Time: 8.3s | Prob: A train travels at 52 km/h for... | Ans: 70.89
RL Step 684 | Loss: 0.0000 | Avg Reward: -0.10 | Time: 8.1s | Prob: A train travels at 45 km/h for... | Ans: 65.0
RL Step 685 | Loss: -0.0020 | Avg Reward: 0.17 | Time: 8.1s | Prob: A train travels at 53 km/h for... | Ans: 59.0
RL Step 686 | Loss: 0.0001 | Avg Reward: -0.10 | Time: 8.2s | Prob: A train travels at 41 km/h for... | Ans: 54.0
RL Step 687 | Loss: -0.0000 | Avg Reward: -0.10 | Time: 8.1s | Prob: A train travels at 66 km/h for... | Ans: 77.5
RL Step 688 | Loss: 0.0001 | Avg Reward: -0.10 | Time: 8.2s | Prob: A train travels at 68 km/h for... | Ans: 74.0
RL Step 689 | Loss: 0.0001 | Avg Reward: -0.10 | Time: 8.2s | Prob: A train travels at 45 km/h for... | Ans: 58.33
RL Step 690 | Loss: -0.0000 | Avg Reward: -0.10 | Time: 8.3s | Prob: A train travels at 61 km/h for... | Ans: 67.75
RL Step 691 | Loss: 0.0001 | Avg Reward: -0.10 | Time: 8.3s | Prob: A train travels at 48 km/h for... | Ans: 61.5
RL Step 692 | Loss: 0.0001 | Avg Reward: -0.10 | Time: 8.2s | Prob: A train travels at 47 km/h for... | Ans: 61.0
RL Step 693 | Loss: 0.0001 | Avg Reward: -0.10 | Time: 8.1s | Prob: A train travels at 48 km/h for... | Ans: 59.4
RL Step 694 | Loss: 0.0001 | Avg Reward: -0.10 | Time: 8.1s | Prob: A train travels at 46 km/h for... | Ans: 55.5
RL Step 695 | Loss: 0.0000 | Avg Reward: -0.10 | Time: 8.1s | Prob: A train travels at 70 km/h for... | Ans: 77.8
RL Step 696 | Loss: -0.0000 | Avg Reward: -0.10 | Time: 8.1s | Prob: A train travels at 64 km/h for... | Ans: 70.5
RL Step 697 | Loss: 0.0000 | Avg Reward: -0.10 | Time: 8.1s | Prob: A train travels at 73 km/h for... | Ans: 69.5
RL Step 698 | Loss: 0.0002 | Avg Reward: -0.10 | Time: 8.3s | Prob: A train travels at 58 km/h for... | Ans: 78.0
RL Step 699 | Loss: 0.0001 | Avg Reward: -0.10 | Time: 8.2s | Prob: A train travels at 44 km/h for... | Ans: 52.0
RL Step 700 | Loss: 0.0001 | Avg Reward: -0.10 | Time: 8.4s | Prob: A train travels at 54 km/h for... | Ans: 67.78
RL Step 701 | Loss: 0.0000 | Avg Reward: -0.10 | Time: 8.3s | Prob: A train travels at 75 km/h for... | Ans: 71.0
RL Step 702 | Loss: 0.0001 | Avg Reward: -0.10 | Time: 8.2s | Prob: A train travels at 68 km/h for... | Ans: 70.14
RL Step 703 | Loss: 0.0001 | Avg Reward: -0.10 | Time: 8.2s | Prob: A train travels at 61 km/h for... | Ans: 86.0
RL Step 704 | Loss: 0.0001 | Avg Reward: -0.10 | Time: 8.3s | Prob: A train travels at 74 km/h for... | Ans: 80.29
RL Step 705 | Loss: 0.0000 | Avg Reward: -0.10 | Time: 8.3s | Prob: A train travels at 69 km/h for... | Ans: 75.86
RL Step 706 | Loss: 0.0137 | Avg Reward: 0.17 | Time: 8.2s | Prob: A train travels at 66 km/h for... | Ans: 77.5
RL Step 707 | Loss: 0.0002 | Avg Reward: -0.10 | Time: 8.3s | Prob: A train travels at 45 km/h for... | Ans: 64.29
RL Step 708 | Loss: 0.0001 | Avg Reward: -0.10 | Time: 8.4s | Prob: A train travels at 70 km/h for... | Ans: 82.0
RL Step 709 | Loss: 0.0001 | Avg Reward: -0.10 | Time: 8.3s | Prob: A train travels at 56 km/h for... | Ans: 79.75
RL Step 710 | Loss: 0.0001 | Avg Reward: -0.10 | Time: 8.1s | Prob: A train travels at 43 km/h for... | Ans: 62.8
RL Step 711 | Loss: 0.0000 | Avg Reward: -0.10 | Time: 8.3s | Prob: A train travels at 55 km/h for... | Ans: 73.89
RL Step 712 | Loss: 0.0001 | Avg Reward: -0.10 | Time: 8.2s | Prob: A train travels at 51 km/h for... | Ans: 63.14
RL Step 713 | Loss: 0.0001 | Avg Reward: -0.10 | Time: 8.2s | Prob: A train travels at 71 km/h for... | Ans: 74.5
RL Step 714 | Loss: 0.0001 | Avg Reward: -0.10 | Time: 8.3s | Prob: A train travels at 79 km/h for... | Ans: 74.0
RL Step 715 | Loss: 0.0000 | Avg Reward: -0.10 | Time: 8.2s | Prob: A train travels at 66 km/h for... | Ans: 81.0
RL Step 716 | Loss: 0.0001 | Avg Reward: -0.10 | Time: 8.1s | Prob: A train travels at 46 km/h for... | Ans: 60.0
RL Step 717 | Loss: 0.0000 | Avg Reward: -0.10 | Time: 8.3s | Prob: A train travels at 75 km/h for... | Ans: 73.0
RL Step 718 | Loss: 0.0000 | Avg Reward: -0.10 | Time: 8.2s | Prob: A train travels at 62 km/h for... | Ans: 67.71
RL Step 719 | Loss: 0.0000 | Avg Reward: -0.10 | Time: 8.3s | Prob: A train travels at 54 km/h for... | Ans: 62.33
RL Step 720 | Loss: 0.0001 | Avg Reward: -0.10 | Time: 8.1s | Prob: A train travels at 76 km/h for... | Ans: 76.0
RL Step 721 | Loss: 0.0001 | Avg Reward: -0.10 | Time: 8.3s | Prob: A train travels at 75 km/h for... | Ans: 78.43
RL Step 722 | Loss: 0.0001 | Avg Reward: -0.10 | Time: 8.1s | Prob: A train travels at 57 km/h for... | Ans: 78.0
RL Step 723 | Loss: 0.0000 | Avg Reward: -0.10 | Time: 8.2s | Prob: A train travels at 64 km/h for... | Ans: 70.0
RL Step 724 | Loss: 0.0001 | Avg Reward: -0.10 | Time: 8.3s | Prob: A train travels at 58 km/h for... | Ans: 76.12
RL Step 725 | Loss: 0.0001 | Avg Reward: -0.10 | Time: 8.4s | Prob: A train travels at 70 km/h for... | Ans: 88.12
RL Step 726 | Loss: 0.0001 | Avg Reward: -0.10 | Time: 8.2s | Prob: A train travels at 70 km/h for... | Ans: 81.4
RL Step 727 | Loss: 0.0039 | Avg Reward: 0.17 | Time: 8.3s | Prob: A train travels at 62 km/h for... | Ans: 82.57
RL Step 728 | Loss: 0.0001 | Avg Reward: -0.10 | Time: 8.2s | Prob: A train travels at 57 km/h for... | Ans: 69.5
RL Step 729 | Loss: 0.0001 | Avg Reward: -0.10 | Time: 8.3s | Prob: A train travels at 42 km/h for... | Ans: 54.22
RL Step 730 | Loss: 0.0000 | Avg Reward: -0.10 | Time: 8.2s | Prob: A train travels at 80 km/h for... | Ans: 89.5
RL Step 731 | Loss: 0.0002 | Avg Reward: -0.10 | Time: 8.2s | Prob: A train travels at 75 km/h for... | Ans: 78.5
RL Step 732 | Loss: 0.0001 | Avg Reward: -0.10 | Time: 8.3s | Prob: A train travels at 46 km/h for... | Ans: 66.89
RL Step 733 | Loss: 0.0002 | Avg Reward: -0.10 | Time: 8.0s | Prob: A train travels at 46 km/h for... | Ans: 65.5
RL Step 734 | Loss: 0.0002 | Avg Reward: -0.10 | Time: 8.1s | Prob: A train travels at 65 km/h for... | Ans: 67.4
RL Step 735 | Loss: 0.0001 | Avg Reward: -0.10 | Time: 8.3s | Prob: A train travels at 62 km/h for... | Ans: 71.78
RL Step 736 | Loss: 0.0001 | Avg Reward: -0.10 | Time: 8.2s | Prob: A train travels at 73 km/h for... | Ans: 70.5
RL Step 737 | Loss: 0.0001 | Avg Reward: -0.10 | Time: 8.2s | Prob: A train travels at 69 km/h for... | Ans: 72.0
RL Step 738 | Loss: 0.0000 | Avg Reward: -0.10 | Time: 8.3s | Prob: A train travels at 66 km/h for... | Ans: 63.33
RL Step 739 | Loss: -0.0000 | Avg Reward: -0.10 | Time: 8.3s | Prob: A train travels at 51 km/h for... | Ans: 62.33
RL Step 740 | Loss: 0.0001 | Avg Reward: -0.10 | Time: 8.2s | Prob: A train travels at 47 km/h for... | Ans: 73.0
RL Step 741 | Loss: 0.0001 | Avg Reward: -0.10 | Time: 8.4s | Prob: A train travels at 56 km/h for... | Ans: 57.14
RL Step 742 | Loss: 0.0001 | Avg Reward: -0.10 | Time: 8.2s | Prob: A train travels at 61 km/h for... | Ans: 64.14
RL Step 743 | Loss: 0.0001 | Avg Reward: -0.10 | Time: 8.4s | Prob: A train travels at 51 km/h for... | Ans: 55.89
RL Step 744 | Loss: 0.0001 | Avg Reward: -0.10 | Time: 8.4s | Prob: A train travels at 64 km/h for... | Ans: 74.67
RL Step 745 | Loss: 0.0001 | Avg Reward: -0.10 | Time: 8.3s | Prob: A train travels at 73 km/h for... | Ans: 82.86
RL Step 746 | Loss: 0.0000 | Avg Reward: -0.10 | Time: 8.1s | Prob: A train travels at 74 km/h for... | Ans: 87.8
RL Step 747 | Loss: 0.0001 | Avg Reward: -0.10 | Time: 8.3s | Prob: A train travels at 71 km/h for... | Ans: 80.71
RL Step 748 | Loss: -0.0000 | Avg Reward: -0.10 | Time: 8.3s | Prob: A train travels at 66 km/h for... | Ans: 67.71
RL Step 749 | Loss: 0.0020 | Avg Reward: 0.17 | Time: 8.1s | Prob: A train travels at 74 km/h for... | Ans: 74.5
RL Step 750 | Loss: 0.0001 | Avg Reward: -0.10 | Time: 8.3s | Prob: A train travels at 72 km/h for... | Ans: 82.71
RL Step 751 | Loss: 0.0001 | Avg Reward: -0.10 | Time: 8.3s | Prob: A train travels at 45 km/h for... | Ans: 67.29
RL Step 752 | Loss: 0.0001 | Avg Reward: -0.10 | Time: 8.1s | Prob: A train travels at 58 km/h for... | Ans: 63.0
RL Step 753 | Loss: 0.0000 | Avg Reward: 0.17 | Time: 8.1s | Prob: A train travels at 51 km/h for... | Ans: 72.0
RL Step 754 | Loss: 0.0001 | Avg Reward: -0.10 | Time: 8.1s | Prob: A train travels at 66 km/h for... | Ans: 68.4
RL Step 755 | Loss: 0.0004 | Avg Reward: -0.10 | Time: 8.3s | Prob: A train travels at 73 km/h for... | Ans: 72.71
RL Step 756 | Loss: 0.0000 | Avg Reward: -0.10 | Time: 8.2s | Prob: A train travels at 63 km/h for... | Ans: 73.71
RL Step 757 | Loss: 0.0000 | Avg Reward: -0.10 | Time: 8.2s | Prob: A train travels at 75 km/h for... | Ans: 73.33
RL Step 758 | Loss: 0.0293 | Avg Reward: 0.17 | Time: 8.2s | Prob: A train travels at 64 km/h for... | Ans: 76.0
RL Step 759 | Loss: 0.0001 | Avg Reward: -0.10 | Time: 8.3s | Prob: A train travels at 78 km/h for... | Ans: 79.67
RL Step 760 | Loss: 0.0000 | Avg Reward: -0.10 | Time: 8.2s | Prob: A train travels at 47 km/h for... | Ans: 59.0
RL Step 761 | Loss: 0.0002 | Avg Reward: -0.10 | Time: 8.3s | Prob: A train travels at 46 km/h for... | Ans: 72.11
RL Step 762 | Loss: 0.0002 | Avg Reward: -0.10 | Time: 8.3s | Prob: A train travels at 72 km/h for... | Ans: 72.57
RL Step 763 | Loss: 0.0000 | Avg Reward: -0.10 | Time: 8.4s | Prob: A train travels at 70 km/h for... | Ans: 69.38
RL Step 764 | Loss: 0.0001 | Avg Reward: -0.10 | Time: 8.3s | Prob: A train travels at 51 km/h for... | Ans: 62.11
RL Step 765 | Loss: 0.0001 | Avg Reward: -0.10 | Time: 8.2s | Prob: A train travels at 44 km/h for... | Ans: 68.67
RL Step 766 | Loss: 0.0001 | Avg Reward: -0.10 | Time: 8.1s | Prob: A train travels at 43 km/h for... | Ans: 65.5
RL Step 767 | Loss: 0.0001 | Avg Reward: -0.10 | Time: 8.3s | Prob: A train travels at 64 km/h for... | Ans: 68.0
RL Step 768 | Loss: 0.0001 | Avg Reward: -0.10 | Time: 8.2s | Prob: A train travels at 43 km/h for... | Ans: 52.5
RL Step 769 | Loss: -0.0000 | Avg Reward: -0.10 | Time: 8.2s | Prob: A train travels at 69 km/h for... | Ans: 72.38
RL Step 770 | Loss: 0.0002 | Avg Reward: -0.10 | Time: 8.1s | Prob: A train travels at 74 km/h for... | Ans: 83.0
RL Step 771 | Loss: 0.0078 | Avg Reward: 0.17 | Time: 8.2s | Prob: A train travels at 57 km/h for... | Ans: 63.0
RL Step 772 | Loss: -0.0000 | Avg Reward: -0.10 | Time: 8.3s | Prob: A train travels at 40 km/h for... | Ans: 53.5
RL Step 773 | Loss: 0.0001 | Avg Reward: -0.10 | Time: 8.2s | Prob: A train travels at 46 km/h for... | Ans: 81.33
RL Step 774 | Loss: 0.0000 | Avg Reward: -0.10 | Time: 8.2s | Prob: A train travels at 61 km/h for... | Ans: 65.67
RL Step 775 | Loss: -0.0039 | Avg Reward: 0.17 | Time: 8.2s | Prob: A train travels at 44 km/h for... | Ans: 57.0
RL Step 776 | Loss: 0.0156 | Avg Reward: 0.17 | Time: 8.1s | Prob: A train travels at 46 km/h for... | Ans: 65.5
RL Step 777 | Loss: 0.0000 | Avg Reward: -0.10 | Time: 8.4s | Prob: A train travels at 74 km/h for... | Ans: 74.75
RL Step 778 | Loss: 0.0000 | Avg Reward: -0.10 | Time: 8.3s | Prob: A train travels at 50 km/h for... | Ans: 59.71
RL Step 779 | Loss: 0.0001 | Avg Reward: -0.10 | Time: 8.3s | Prob: A train travels at 58 km/h for... | Ans: 64.22
RL Step 780 | Loss: 0.0000 | Avg Reward: -0.10 | Time: 8.1s | Prob: A train travels at 73 km/h for... | Ans: 81.4
RL Step 781 | Loss: 0.0001 | Avg Reward: -0.10 | Time: 8.3s | Prob: A train travels at 47 km/h for... | Ans: 55.44
RL Step 782 | Loss: 0.0001 | Avg Reward: -0.10 | Time: 8.3s | Prob: A train travels at 50 km/h for... | Ans: 61.11
RL Step 783 | Loss: 0.0000 | Avg Reward: -0.10 | Time: 8.3s | Prob: A train travels at 58 km/h for... | Ans: 64.0
RL Step 784 | Loss: 0.0001 | Avg Reward: -0.10 | Time: 8.3s | Prob: A train travels at 47 km/h for... | Ans: 65.89
RL Step 785 | Loss: 0.0001 | Avg Reward: -0.10 | Time: 8.1s | Prob: A train travels at 40 km/h for... | Ans: 60.5
RL Step 786 | Loss: 0.0002 | Avg Reward: -0.10 | Time: 8.2s | Prob: A train travels at 40 km/h for... | Ans: 55.2
RL Step 787 | Loss: 0.0001 | Avg Reward: -0.10 | Time: 8.3s | Prob: A train travels at 51 km/h for... | Ans: 60.38
RL Step 788 | Loss: 0.0001 | Avg Reward: -0.10 | Time: 8.3s | Prob: A train travels at 66 km/h for... | Ans: 67.11
RL Step 789 | Loss: 0.0003 | Avg Reward: -0.10 | Time: 8.3s | Prob: A train travels at 48 km/h for... | Ans: 60.89
RL Step 790 | Loss: 0.0000 | Avg Reward: -0.10 | Time: 8.1s | Prob: A train travels at 74 km/h for... | Ans: 85.5
RL Step 791 | Loss: 0.0000 | Avg Reward: -0.10 | Time: 8.2s | Prob: A train travels at 44 km/h for... | Ans: 57.14
RL Step 792 | Loss: 0.0000 | Avg Reward: -0.10 | Time: 8.3s | Prob: A train travels at 42 km/h for... | Ans: 54.0
RL Step 793 | Loss: 0.0001 | Avg Reward: -0.10 | Time: 8.3s | Prob: A train travels at 70 km/h for... | Ans: 75.62
RL Step 794 | Loss: 0.0002 | Avg Reward: -0.10 | Time: 8.2s | Prob: A train travels at 47 km/h for... | Ans: 67.4
RL Step 795 | Loss: 0.0001 | Avg Reward: -0.10 | Time: 8.2s | Prob: A train travels at 66 km/h for... | Ans: 66.4
RL Step 796 | Loss: 0.0001 | Avg Reward: -0.10 | Time: 8.3s | Prob: A train travels at 66 km/h for... | Ans: 74.75
RL Step 797 | Loss: 0.0001 | Avg Reward: -0.10 | Time: 8.3s | Prob: A train travels at 49 km/h for... | Ans: 72.33
RL Step 798 | Loss: 0.0001 | Avg Reward: -0.10 | Time: 8.3s | Prob: A train travels at 76 km/h for... | Ans: 73.75
RL Step 799 | Loss: 0.0000 | Avg Reward: -0.10 | Time: 8.3s | Prob: A train travels at 76 km/h for... | Ans: 90.38
RL Step 800 | Loss: 0.0352 | Avg Reward: 0.73 | Time: 8.1s | Prob: A train travels at 64 km/h for... | Ans: 66.0
Saving RL Checkpoint at step 800...
RL Step 801 | Loss: 0.0001 | Avg Reward: -0.10 | Time: 8.2s | Prob: A train travels at 70 km/h for... | Ans: 67.33
RL Step 802 | Loss: 0.0000 | Avg Reward: -0.10 | Time: 8.2s | Prob: A train travels at 77 km/h for... | Ans: 67.62
RL Step 803 | Loss: 0.0002 | Avg Reward: -0.10 | Time: 8.1s | Prob: A train travels at 75 km/h for... | Ans: 84.0
RL Step 804 | Loss: 0.0000 | Avg Reward: -0.10 | Time: 8.2s | Prob: A train travels at 63 km/h for... | Ans: 63.0
RL Step 805 | Loss: 0.0001 | Avg Reward: -0.10 | Time: 8.3s | Prob: A train travels at 56 km/h for... | Ans: 83.33
RL Step 806 | Loss: 0.0001 | Avg Reward: -0.10 | Time: 8.3s | Prob: A train travels at 65 km/h for... | Ans: 81.11
RL Step 807 | Loss: 0.0039 | Avg Reward: 0.17 | Time: 8.2s | Prob: A train travels at 43 km/h for... | Ans: 61.0
RL Step 808 | Loss: 0.0001 | Avg Reward: -0.10 | Time: 8.2s | Prob: A train travels at 80 km/h for... | Ans: 72.5
RL Step 809 | Loss: 0.0001 | Avg Reward: -0.10 | Time: 8.3s | Prob: A train travels at 45 km/h for... | Ans: 53.33
RL Step 810 | Loss: 0.0003 | Avg Reward: -0.10 | Time: 8.2s | Prob: A train travels at 60 km/h for... | Ans: 69.2
RL Step 811 | Loss: 0.0001 | Avg Reward: -0.10 | Time: 8.3s | Prob: A train travels at 80 km/h for... | Ans: 81.71
RL Step 812 | Loss: 0.0000 | Avg Reward: -0.10 | Time: 8.2s | Prob: A train travels at 41 km/h for... | Ans: 49.29
RL Step 813 | Loss: 0.0000 | Avg Reward: -0.10 | Time: 8.2s | Prob: A train travels at 79 km/h for... | Ans: 72.5
RL Step 814 | Loss: 0.0002 | Avg Reward: -0.10 | Time: 8.3s | Prob: A train travels at 59 km/h for... | Ans: 79.57
RL Step 815 | Loss: 0.0001 | Avg Reward: -0.10 | Time: 8.3s | Prob: A train travels at 54 km/h for... | Ans: 77.12
RL Step 816 | Loss: -0.0000 | Avg Reward: -0.10 | Time: 8.1s | Prob: A train travels at 71 km/h for... | Ans: 69.5
RL Step 817 | Loss: 0.0001 | Avg Reward: -0.10 | Time: 8.2s | Prob: A train travels at 58 km/h for... | Ans: 65.33
RL Step 818 | Loss: 0.0002 | Avg Reward: -0.10 | Time: 8.3s | Prob: A train travels at 44 km/h for... | Ans: 56.67
RL Step 819 | Loss: 0.0001 | Avg Reward: -0.10 | Time: 8.2s | Prob: A train travels at 65 km/h for... | Ans: 63.33
RL Step 820 | Loss: 0.0001 | Avg Reward: -0.10 | Time: 8.3s | Prob: A train travels at 41 km/h for... | Ans: 61.0
RL Step 821 | Loss: 0.0001 | Avg Reward: -0.10 | Time: 8.1s | Prob: A train travels at 66 km/h for... | Ans: 64.8
RL Step 822 | Loss: 0.0001 | Avg Reward: -0.10 | Time: 8.2s | Prob: A train travels at 74 km/h for... | Ans: 66.57
RL Step 823 | Loss: 0.0000 | Avg Reward: -0.10 | Time: 8.3s | Prob: A train travels at 63 km/h for... | Ans: 79.0
RL Step 824 | Loss: -0.0078 | Avg Reward: 0.17 | Time: 8.2s | Prob: A train travels at 58 km/h for... | Ans: 66.5
RL Step 825 | Loss: 0.0001 | Avg Reward: -0.10 | Time: 8.1s | Prob: A train travels at 40 km/h for... | Ans: 68.2
RL Step 826 | Loss: 0.0001 | Avg Reward: -0.10 | Time: 8.2s | Prob: A train travels at 48 km/h for... | Ans: 71.33
RL Step 827 | Loss: 0.0001 | Avg Reward: -0.10 | Time: 8.1s | Prob: A train travels at 42 km/h for... | Ans: 60.5
RL Step 828 | Loss: 0.0001 | Avg Reward: -0.10 | Time: 8.2s | Prob: A train travels at 61 km/h for... | Ans: 80.5
RL Step 829 | Loss: 0.0000 | Avg Reward: -0.10 | Time: 8.2s | Prob: A train travels at 66 km/h for... | Ans: 82.0
RL Step 830 | Loss: 0.0000 | Avg Reward: -0.10 | Time: 8.2s | Prob: A train travels at 78 km/h for... | Ans: 81.0
RL Step 831 | Loss: 0.0001 | Avg Reward: -0.10 | Time: 8.3s | Prob: A train travels at 74 km/h for... | Ans: 76.57
RL Step 832 | Loss: 0.0000 | Avg Reward: -0.10 | Time: 8.3s | Prob: A train travels at 60 km/h for... | Ans: 74.86
RL Step 833 | Loss: 0.0001 | Avg Reward: -0.10 | Time: 8.2s | Prob: A train travels at 76 km/h for... | Ans: 76.0
RL Step 834 | Loss: 0.0156 | Avg Reward: 0.45 | Time: 8.1s | Prob: A train travels at 46 km/h for... | Ans: 54.0
RL Step 835 | Loss: 0.0000 | Avg Reward: -0.10 | Time: 8.3s | Prob: A train travels at 40 km/h for... | Ans: 61.43
RL Step 836 | Loss: 0.0003 | Avg Reward: -0.10 | Time: 8.3s | Prob: A train travels at 51 km/h for... | Ans: 74.89
RL Step 837 | Loss: 0.0001 | Avg Reward: -0.10 | Time: 8.4s | Prob: A train travels at 42 km/h for... | Ans: 68.86
RL Step 838 | Loss: 0.0001 | Avg Reward: -0.10 | Time: 8.3s | Prob: A train travels at 52 km/h for... | Ans: 71.44
RL Step 839 | Loss: 0.0001 | Avg Reward: -0.10 | Time: 8.1s | Prob: A train travels at 76 km/h for... | Ans: 71.5
RL Step 840 | Loss: 0.0000 | Avg Reward: -0.10 | Time: 8.1s | Prob: A train travels at 54 km/h for... | Ans: 68.0
RL Step 841 | Loss: 0.0001 | Avg Reward: -0.10 | Time: 8.2s | Prob: A train travels at 52 km/h for... | Ans: 65.0
RL Step 842 | Loss: 0.0002 | Avg Reward: -0.10 | Time: 8.3s | Prob: A train travels at 52 km/h for... | Ans: 56.57
RL Step 843 | Loss: 0.0001 | Avg Reward: -0.10 | Time: 8.3s | Prob: A train travels at 48 km/h for... | Ans: 70.86
RL Step 844 | Loss: 0.0000 | Avg Reward: -0.10 | Time: 8.2s | Prob: A train travels at 40 km/h for... | Ans: 64.0
RL Step 845 | Loss: 0.0002 | Avg Reward: -0.10 | Time: 8.3s | Prob: A train travels at 43 km/h for... | Ans: 74.11
RL Step 846 | Loss: 0.0156 | Avg Reward: 0.17 | Time: 8.1s | Prob: A train travels at 73 km/h for... | Ans: 75.0
RL Step 847 | Loss: 0.0001 | Avg Reward: -0.10 | Time: 8.3s | Prob: A train travels at 43 km/h for... | Ans: 78.0
RL Step 848 | Loss: 0.0000 | Avg Reward: -0.10 | Time: 8.3s | Prob: A train travels at 78 km/h for... | Ans: 88.0
RL Step 849 | Loss: -0.0020 | Avg Reward: 0.17 | Time: 8.1s | Prob: A train travels at 79 km/h for... | Ans: 70.5
RL Step 850 | Loss: 0.0001 | Avg Reward: -0.10 | Time: 8.1s | Prob: A train travels at 67 km/h for... | Ans: 64.6
RL Step 851 | Loss: 0.0001 | Avg Reward: -0.10 | Time: 8.3s | Prob: A train travels at 51 km/h for... | Ans: 66.56
RL Step 852 | Loss: 0.0098 | Avg Reward: 0.17 | Time: 8.1s | Prob: A train travels at 78 km/h for... | Ans: 77.5
RL Step 853 | Loss: 0.0001 | Avg Reward: -0.10 | Time: 8.3s | Prob: A train travels at 72 km/h for... | Ans: 89.33
RL Step 854 | Loss: 0.0001 | Avg Reward: -0.10 | Time: 8.4s | Prob: A train travels at 75 km/h for... | Ans: 84.0
RL Step 855 | Loss: 0.0001 | Avg Reward: -0.10 | Time: 8.2s | Prob: A train travels at 40 km/h for... | Ans: 50.0
RL Step 856 | Loss: 0.0001 | Avg Reward: -0.10 | Time: 8.3s | Prob: A train travels at 44 km/h for... | Ans: 53.33
RL Step 857 | Loss: 0.0001 | Avg Reward: -0.10 | Time: 8.3s | Prob: A train travels at 75 km/h for... | Ans: 73.29
RL Step 858 | Loss: 0.0002 | Avg Reward: -0.10 | Time: 8.3s | Prob: A train travels at 78 km/h for... | Ans: 69.25
RL Step 859 | Loss: 0.0001 | Avg Reward: -0.10 | Time: 8.1s | Prob: A train travels at 59 km/h for... | Ans: 62.6
RL Step 860 | Loss: 0.0001 | Avg Reward: -0.10 | Time: 8.2s | Prob: A train travels at 76 km/h for... | Ans: 83.0
RL Step 861 | Loss: 0.0059 | Avg Reward: 0.17 | Time: 8.2s | Prob: A train travels at 80 km/h for... | Ans: 80.5
RL Step 862 | Loss: 0.0001 | Avg Reward: -0.10 | Time: 8.2s | Prob: A train travels at 46 km/h for... | Ans: 53.56
RL Step 863 | Loss: 0.0001 | Avg Reward: -0.10 | Time: 8.3s | Prob: A train travels at 58 km/h for... | Ans: 76.33
RL Step 864 | Loss: 0.0000 | Avg Reward: -0.10 | Time: 8.3s | Prob: A train travels at 72 km/h for... | Ans: 79.5
RL Step 865 | Loss: 0.0001 | Avg Reward: -0.10 | Time: 8.2s | Prob: A train travels at 77 km/h for... | Ans: 77.0
RL Step 866 | Loss: 0.0000 | Avg Reward: -0.10 | Time: 8.2s | Prob: A train travels at 64 km/h for... | Ans: 63.67
RL Step 867 | Loss: 0.0002 | Avg Reward: -0.10 | Time: 8.3s | Prob: A train travels at 40 km/h for... | Ans: 63.12
RL Step 868 | Loss: 0.0001 | Avg Reward: -0.10 | Time: 8.1s | Prob: A train travels at 45 km/h for... | Ans: 69.0
RL Step 869 | Loss: 0.0001 | Avg Reward: -0.10 | Time: 8.3s | Prob: A train travels at 48 km/h for... | Ans: 61.33
RL Step 870 | Loss: 0.0001 | Avg Reward: -0.10 | Time: 8.3s | Prob: A train travels at 56 km/h for... | Ans: 66.29
RL Step 871 | Loss: 0.0020 | Avg Reward: 0.17 | Time: 8.3s | Prob: A train travels at 47 km/h for... | Ans: 58.67
RL Step 872 | Loss: 0.0002 | Avg Reward: -0.10 | Time: 8.1s | Prob: A train travels at 57 km/h for... | Ans: 69.0
RL Step 873 | Loss: 0.0001 | Avg Reward: -0.10 | Time: 8.3s | Prob: A train travels at 48 km/h for... | Ans: 60.44
RL Step 874 | Loss: 0.0001 | Avg Reward: -0.10 | Time: 8.2s | Prob: A train travels at 58 km/h for... | Ans: 74.8
RL Step 875 | Loss: 0.0001 | Avg Reward: -0.10 | Time: 8.3s | Prob: A train travels at 72 km/h for... | Ans: 73.33
RL Step 876 | Loss: 0.0001 | Avg Reward: -0.10 | Time: 8.3s | Prob: A train travels at 50 km/h for... | Ans: 56.29
RL Step 877 | Loss: 0.0001 | Avg Reward: -0.10 | Time: 8.2s | Prob: A train travels at 56 km/h for... | Ans: 66.0
RL Step 878 | Loss: 0.0000 | Avg Reward: -0.10 | Time: 8.1s | Prob: A train travels at 67 km/h for... | Ans: 67.0
RL Step 879 | Loss: 0.0002 | Avg Reward: -0.10 | Time: 8.3s | Prob: A train travels at 46 km/h for... | Ans: 64.29
RL Step 880 | Loss: 0.0001 | Avg Reward: -0.10 | Time: 8.3s | Prob: A train travels at 60 km/h for... | Ans: 69.33
RL Step 881 | Loss: 0.0001 | Avg Reward: -0.10 | Time: 8.3s | Prob: A train travels at 47 km/h for... | Ans: 64.0
RL Step 882 | Loss: 0.0000 | Avg Reward: -0.10 | Time: 8.3s | Prob: A train travels at 77 km/h for... | Ans: 81.57
RL Step 883 | Loss: 0.0117 | Avg Reward: 0.17 | Time: 8.2s | Prob: A train travels at 59 km/h for... | Ans: 63.8
RL Step 884 | Loss: 0.0000 | Avg Reward: -0.10 | Time: 8.1s | Prob: A train travels at 63 km/h for... | Ans: 80.5
RL Step 885 | Loss: 0.0000 | Avg Reward: -0.10 | Time: 8.1s | Prob: A train travels at 58 km/h for... | Ans: 62.8
RL Step 886 | Loss: 0.0000 | Avg Reward: -0.10 | Time: 8.2s | Prob: A train travels at 49 km/h for... | Ans: 73.0
RL Step 887 | Loss: 0.0001 | Avg Reward: -0.10 | Time: 8.3s | Prob: A train travels at 68 km/h for... | Ans: 70.0
RL Step 888 | Loss: 0.0001 | Avg Reward: -0.10 | Time: 8.3s | Prob: A train travels at 72 km/h for... | Ans: 77.14
RL Step 889 | Loss: -0.0000 | Avg Reward: -0.10 | Time: 8.1s | Prob: A train travels at 71 km/h for... | Ans: 79.0
RL Step 890 | Loss: 0.0059 | Avg Reward: 0.17 | Time: 8.3s | Prob: A train travels at 75 km/h for... | Ans: 66.33
RL Step 891 | Loss: 0.0001 | Avg Reward: -0.10 | Time: 8.2s | Prob: A train travels at 62 km/h for... | Ans: 64.29
RL Step 892 | Loss: 0.0000 | Avg Reward: -0.10 | Time: 8.2s | Prob: A train travels at 75 km/h for... | Ans: 85.0
RL Step 893 | Loss: 0.0000 | Avg Reward: -0.10 | Time: 8.2s | Prob: A train travels at 76 km/h for... | Ans: 82.0
RL Step 894 | Loss: 0.0000 | Avg Reward: -0.10 | Time: 8.2s | Prob: A train travels at 79 km/h for... | Ans: 86.78
RL Step 895 | Loss: 0.0001 | Avg Reward: -0.10 | Time: 8.2s | Prob: A train travels at 56 km/h for... | Ans: 66.5
RL Step 896 | Loss: 0.0001 | Avg Reward: -0.10 | Time: 8.3s | Prob: A train travels at 60 km/h for... | Ans: 64.57
RL Step 897 | Loss: 0.0000 | Avg Reward: -0.10 | Time: 8.3s | Prob: A train travels at 53 km/h for... | Ans: 71.12
RL Step 898 | Loss: 0.0000 | Avg Reward: -0.10 | Time: 8.3s | Prob: A train travels at 43 km/h for... | Ans: 60.78
RL Step 899 | Loss: 0.0002 | Avg Reward: -0.10 | Time: 8.1s | Prob: A train travels at 65 km/h for... | Ans: 76.5
RL Step 900 | Loss: 0.0001 | Avg Reward: -0.10 | Time: 8.2s | Prob: A train travels at 77 km/h for... | Ans: 74.0
RL Step 901 | Loss: 0.0312 | Avg Reward: 0.17 | Time: 8.3s | Prob: A train travels at 75 km/h for... | Ans: 70.71
RL Step 902 | Loss: 0.0001 | Avg Reward: -0.10 | Time: 8.1s | Prob: A train travels at 63 km/h for... | Ans: 68.0
RL Step 903 | Loss: 0.0002 | Avg Reward: -0.10 | Time: 8.4s | Prob: A train travels at 54 km/h for... | Ans: 67.33
RL Step 904 | Loss: 0.0003 | Avg Reward: -0.10 | Time: 8.1s | Prob: A train travels at 61 km/h for... | Ans: 79.0
RL Step 905 | Loss: 0.0001 | Avg Reward: -0.10 | Time: 8.3s | Prob: A train travels at 48 km/h for... | Ans: 66.89
RL Step 906 | Loss: 0.0002 | Avg Reward: -0.10 | Time: 8.3s | Prob: A train travels at 49 km/h for... | Ans: 79.0
RL Step 907 | Loss: 0.0001 | Avg Reward: -0.10 | Time: 8.3s | Prob: A train travels at 52 km/h for... | Ans: 71.44
RL Step 908 | Loss: 0.0001 | Avg Reward: -0.10 | Time: 8.1s | Prob: A train travels at 76 km/h for... | Ans: 87.5
RL Step 909 | Loss: 0.0001 | Avg Reward: -0.10 | Time: 8.3s | Prob: A train travels at 80 km/h for... | Ans: 79.43
RL Step 910 | Loss: 0.0001 | Avg Reward: -0.10 | Time: 8.1s | Prob: A train travels at 65 km/h for... | Ans: 63.5
RL Step 911 | Loss: 0.0001 | Avg Reward: -0.10 | Time: 8.2s | Prob: A train travels at 80 km/h for... | Ans: 79.4
RL Step 912 | Loss: 0.0001 | Avg Reward: -0.10 | Time: 8.2s | Prob: A train travels at 49 km/h for... | Ans: 72.33
RL Step 913 | Loss: 0.0001 | Avg Reward: -0.10 | Time: 8.1s | Prob: A train travels at 53 km/h for... | Ans: 59.0
RL Step 914 | Loss: 0.0000 | Avg Reward: -0.10 | Time: 8.3s | Prob: A train travels at 67 km/h for... | Ans: 67.75
RL Step 915 | Loss: 0.0001 | Avg Reward: -0.10 | Time: 8.3s | Prob: A train travels at 73 km/h for... | Ans: 75.0
RL Step 916 | Loss: 0.0001 | Avg Reward: -0.10 | Time: 8.2s | Prob: A train travels at 64 km/h for... | Ans: 77.5
RL Step 917 | Loss: 0.0001 | Avg Reward: -0.10 | Time: 8.1s | Prob: A train travels at 43 km/h for... | Ans: 65.0
RL Step 918 | Loss: 0.0001 | Avg Reward: -0.10 | Time: 8.3s | Prob: A train travels at 72 km/h for... | Ans: 73.14
RL Step 919 | Loss: 0.0001 | Avg Reward: -0.10 | Time: 8.2s | Prob: A train travels at 75 km/h for... | Ans: 87.0
RL Step 920 | Loss: 0.0000 | Avg Reward: -0.10 | Time: 8.2s | Prob: A train travels at 48 km/h for... | Ans: 60.0
RL Step 921 | Loss: 0.0000 | Avg Reward: -0.10 | Time: 8.3s | Prob: A train travels at 76 km/h for... | Ans: 92.43
RL Step 922 | Loss: 0.0195 | Avg Reward: 0.17 | Time: 8.1s | Prob: A train travels at 66 km/h for... | Ans: 77.4
RL Step 923 | Loss: 0.0001 | Avg Reward: -0.10 | Time: 8.1s | Prob: A train travels at 58 km/h for... | Ans: 73.6
RL Step 924 | Loss: 0.0002 | Avg Reward: -0.10 | Time: 8.2s | Prob: A train travels at 61 km/h for... | Ans: 79.5
RL Step 925 | Loss: -0.0000 | Avg Reward: -0.10 | Time: 8.1s | Prob: A train travels at 72 km/h for... | Ans: 68.5
RL Step 926 | Loss: 0.0001 | Avg Reward: -0.10 | Time: 8.3s | Prob: A train travels at 41 km/h for... | Ans: 52.14
RL Step 927 | Loss: 0.0000 | Avg Reward: -0.10 | Time: 8.1s | Prob: A train travels at 60 km/h for... | Ans: 62.5
RL Step 928 | Loss: 0.0001 | Avg Reward: -0.10 | Time: 8.3s | Prob: A train travels at 72 km/h for... | Ans: 76.0
RL Step 929 | Loss: 0.0002 | Avg Reward: -0.10 | Time: 8.3s | Prob: A train travels at 70 km/h for... | Ans: 75.33
RL Step 930 | Loss: 0.0001 | Avg Reward: -0.10 | Time: 8.3s | Prob: A train travels at 60 km/h for... | Ans: 60.86
RL Step 931 | Loss: 0.0001 | Avg Reward: -0.10 | Time: 8.2s | Prob: A train travels at 63 km/h for... | Ans: 77.5
RL Step 932 | Loss: 0.0000 | Avg Reward: -0.10 | Time: 8.2s | Prob: A train travels at 65 km/h for... | Ans: 65.33
RL Step 933 | Loss: 0.0001 | Avg Reward: -0.10 | Time: 8.2s | Prob: A train travels at 57 km/h for... | Ans: 74.2
RL Step 934 | Loss: 0.0000 | Avg Reward: -0.10 | Time: 8.3s | Prob: A train travels at 72 km/h for... | Ans: 83.11
RL Step 935 | Loss: 0.0001 | Avg Reward: -0.10 | Time: 8.2s | Prob: A train travels at 72 km/h for... | Ans: 64.14
RL Step 936 | Loss: 0.0001 | Avg Reward: -0.10 | Time: 8.2s | Prob: A train travels at 66 km/h for... | Ans: 64.29
RL Step 937 | Loss: 0.0098 | Avg Reward: 0.17 | Time: 8.3s | Prob: A train travels at 67 km/h for... | Ans: 70.43
RL Step 938 | Loss: 0.0000 | Avg Reward: -0.10 | Time: 8.2s | Prob: A train travels at 46 km/h for... | Ans: 55.5
RL Step 939 | Loss: 0.0001 | Avg Reward: -0.10 | Time: 8.2s | Prob: A train travels at 49 km/h for... | Ans: 60.33
RL Step 940 | Loss: 0.0002 | Avg Reward: -0.10 | Time: 8.3s | Prob: A train travels at 53 km/h for... | Ans: 72.44
RL Step 941 | Loss: 0.0000 | Avg Reward: -0.10 | Time: 8.2s | Prob: A train travels at 76 km/h for... | Ans: 69.6
RL Step 942 | Loss: 0.0000 | Avg Reward: -0.10 | Time: 8.3s | Prob: A train travels at 62 km/h for... | Ans: 61.38
RL Step 943 | Loss: 0.0000 | Avg Reward: -0.10 | Time: 8.2s | Prob: A train travels at 61 km/h for... | Ans: 61.0
RL Step 944 | Loss: 0.0001 | Avg Reward: -0.10 | Time: 8.3s | Prob: A train travels at 54 km/h for... | Ans: 74.0
RL Step 945 | Loss: 0.0001 | Avg Reward: -0.10 | Time: 8.1s | Prob: A train travels at 52 km/h for... | Ans: 73.6
RL Step 946 | Loss: 0.0002 | Avg Reward: -0.10 | Time: 8.3s | Prob: A train travels at 69 km/h for... | Ans: 71.14
RL Step 947 | Loss: 0.0002 | Avg Reward: -0.10 | Time: 8.1s | Prob: A train travels at 45 km/h for... | Ans: 63.5
RL Step 948 | Loss: 0.0000 | Avg Reward: 0.45 | Time: 8.1s | Prob: A train travels at 76 km/h for... | Ans: 76.5
RL Step 949 | Loss: 0.0001 | Avg Reward: -0.10 | Time: 8.2s | Prob: A train travels at 73 km/h for... | Ans: 86.5
RL Step 950 | Loss: 0.0002 | Avg Reward: -0.10 | Time: 8.2s | Prob: A train travels at 62 km/h for... | Ans: 72.0
RL Step 951 | Loss: 0.0001 | Avg Reward: -0.10 | Time: 8.2s | Prob: A train travels at 42 km/h for... | Ans: 49.0
RL Step 952 | Loss: 0.0001 | Avg Reward: -0.10 | Time: 8.3s | Prob: A train travels at 77 km/h for... | Ans: 72.43
RL Step 953 | Loss: 0.0000 | Avg Reward: -0.10 | Time: 8.2s | Prob: A train travels at 76 km/h for... | Ans: 74.5
RL Step 954 | Loss: 0.0000 | Avg Reward: -0.10 | Time: 8.2s | Prob: A train travels at 53 km/h for... | Ans: 58.0
RL Step 955 | Loss: 0.0039 | Avg Reward: 0.17 | Time: 8.2s | Prob: A train travels at 51 km/h for... | Ans: 68.0
RL Step 956 | Loss: 0.0001 | Avg Reward: -0.10 | Time: 8.3s | Prob: A train travels at 49 km/h for... | Ans: 62.71
RL Step 957 | Loss: 0.0001 | Avg Reward: -0.10 | Time: 8.1s | Prob: A train travels at 59 km/h for... | Ans: 78.0
RL Step 958 | Loss: 0.0001 | Avg Reward: -0.10 | Time: 8.2s | Prob: A train travels at 59 km/h for... | Ans: 63.5
RL Step 959 | Loss: 0.0001 | Avg Reward: -0.10 | Time: 8.3s | Prob: A train travels at 52 km/h for... | Ans: 57.25
RL Step 960 | Loss: 0.0000 | Avg Reward: -0.10 | Time: 8.2s | Prob: A train travels at 43 km/h for... | Ans: 55.0
RL Step 961 | Loss: 0.0002 | Avg Reward: -0.10 | Time: 8.2s | Prob: A train travels at 43 km/h for... | Ans: 62.43
RL Step 962 | Loss: 0.0003 | Avg Reward: -0.10 | Time: 8.3s | Prob: A train travels at 57 km/h for... | Ans: 59.22
RL Step 963 | Loss: 0.0001 | Avg Reward: -0.10 | Time: 8.3s | Prob: A train travels at 42 km/h for... | Ans: 55.78
RL Step 964 | Loss: 0.0001 | Avg Reward: -0.10 | Time: 8.3s | Prob: A train travels at 63 km/h for... | Ans: 69.29
RL Step 965 | Loss: 0.0001 | Avg Reward: -0.10 | Time: 8.3s | Prob: A train travels at 56 km/h for... | Ans: 63.67
RL Step 966 | Loss: 0.0001 | Avg Reward: -0.10 | Time: 8.1s | Prob: A train travels at 60 km/h for... | Ans: 63.0
RL Step 967 | Loss: 0.0001 | Avg Reward: -0.10 | Time: 8.2s | Prob: A train travels at 74 km/h for... | Ans: 72.67
RL Step 968 | Loss: 0.0000 | Avg Reward: -0.10 | Time: 8.3s | Prob: A train travels at 45 km/h for... | Ans: 54.71
RL Step 969 | Loss: 0.0000 | Avg Reward: -0.10 | Time: 8.0s | Prob: A train travels at 80 km/h for... | Ans: 78.5
RL Step 970 | Loss: 0.0001 | Avg Reward: -0.10 | Time: 8.2s | Prob: A train travels at 46 km/h for... | Ans: 67.0
RL Step 971 | Loss: 0.0156 | Avg Reward: 0.17 | Time: 8.1s | Prob: A train travels at 58 km/h for... | Ans: 64.0
RL Step 972 | Loss: 0.0000 | Avg Reward: -0.10 | Time: 8.3s | Prob: A train travels at 41 km/h for... | Ans: 52.0
RL Step 973 | Loss: 0.0000 | Avg Reward: -0.10 | Time: 8.3s | Prob: A train travels at 51 km/h for... | Ans: 54.75
RL Step 974 | Loss: 0.0005 | Avg Reward: -0.10 | Time: 8.1s | Prob: A train travels at 43 km/h for... | Ans: 67.5
RL Step 975 | Loss: -0.0000 | Avg Reward: -0.10 | Time: 8.2s | Prob: A train travels at 57 km/h for... | Ans: 68.5
RL Step 976 | Loss: 0.0001 | Avg Reward: -0.10 | Time: 8.3s | Prob: A train travels at 42 km/h for... | Ans: 60.86
RL Step 977 | Loss: 0.0001 | Avg Reward: -0.10 | Time: 8.3s | Prob: A train travels at 70 km/h for... | Ans: 73.89
RL Step 978 | Loss: 0.0001 | Avg Reward: -0.10 | Time: 8.2s | Prob: A train travels at 53 km/h for... | Ans: 73.0
RL Step 979 | Loss: 0.0001 | Avg Reward: -0.10 | Time: 8.1s | Prob: A train travels at 71 km/h for... | Ans: 82.5
RL Step 980 | Loss: 0.0002 | Avg Reward: -0.10 | Time: 8.3s | Prob: A train travels at 71 km/h for... | Ans: 88.14
RL Step 981 | Loss: 0.0001 | Avg Reward: -0.10 | Time: 8.2s | Prob: A train travels at 65 km/h for... | Ans: 62.86
RL Step 982 | Loss: 0.0001 | Avg Reward: -0.10 | Time: 8.2s | Prob: A train travels at 53 km/h for... | Ans: 78.71
RL Step 983 | Loss: 0.0002 | Avg Reward: -0.10 | Time: 8.3s | Prob: A train travels at 52 km/h for... | Ans: 58.86
RL Step 984 | Loss: 0.0001 | Avg Reward: -0.10 | Time: 8.1s | Prob: A train travels at 60 km/h for... | Ans: 72.0
RL Step 985 | Loss: 0.0001 | Avg Reward: -0.10 | Time: 8.3s | Prob: A train travels at 49 km/h for... | Ans: 80.33
RL Step 986 | Loss: -0.0001 | Avg Reward: -0.10 | Time: 8.3s | Prob: A train travels at 46 km/h for... | Ans: 80.0
RL Step 987 | Loss: 0.0000 | Avg Reward: -0.10 | Time: 8.3s | Prob: A train travels at 75 km/h for... | Ans: 79.0
RL Step 988 | Loss: 0.0001 | Avg Reward: -0.10 | Time: 8.2s | Prob: A train travels at 67 km/h for... | Ans: 63.5
RL Step 989 | Loss: 0.0001 | Avg Reward: -0.10 | Time: 8.2s | Prob: A train travels at 44 km/h for... | Ans: 68.0
RL Step 990 | Loss: 0.0001 | Avg Reward: -0.10 | Time: 8.3s | Prob: A train travels at 71 km/h for... | Ans: 69.86
RL Step 991 | Loss: 0.0002 | Avg Reward: -0.10 | Time: 8.3s | Prob: A train travels at 40 km/h for... | Ans: 62.67
RL Step 992 | Loss: 0.0001 | Avg Reward: -0.10 | Time: 8.1s | Prob: A train travels at 69 km/h for... | Ans: 82.8
RL Step 993 | Loss: 0.0000 | Avg Reward: -0.10 | Time: 8.0s | Prob: A train travels at 64 km/h for... | Ans: 76.0
RL Step 994 | Loss: -0.0000 | Avg Reward: -0.10 | Time: 8.3s | Prob: A train travels at 42 km/h for... | Ans: 51.38
RL Step 995 | Loss: 0.0001 | Avg Reward: -0.10 | Time: 8.2s | Prob: A train travels at 48 km/h for... | Ans: 68.0
RL Step 996 | Loss: 0.0000 | Avg Reward: -0.10 | Time: 8.3s | Prob: A train travels at 75 km/h for... | Ans: 87.78
RL Step 997 | Loss: 0.0001 | Avg Reward: -0.10 | Time: 8.2s | Prob: A train travels at 63 km/h for... | Ans: 67.71
RL Step 998 | Loss: 0.0001 | Avg Reward: -0.10 | Time: 8.3s | Prob: A train travels at 44 km/h for... | Ans: 65.78
RL Step 999 | Loss: 0.0000 | Avg Reward: -0.10 | Time: 8.4s | Prob: A train travels at 42 km/h for... | Ans: 57.71
RL Step 1000 | Loss: 0.0002 | Avg Reward: -0.10 | Time: 8.3s | Prob: A train travels at 68 km/h for... | Ans: 76.33
Saving RL Checkpoint at step 1000...
RL Step 1001 | Loss: 0.0001 | Avg Reward: -0.10 | Time: 8.1s | Prob: A train travels at 76 km/h for... | Ans: 75.4
RL Step 1002 | Loss: 0.0002 | Avg Reward: -0.10 | Time: 8.1s | Prob: A train travels at 42 km/h for... | Ans: 64.5
RL Step 1003 | Loss: 0.0001 | Avg Reward: -0.10 | Time: 8.2s | Prob: A train travels at 63 km/h for... | Ans: 69.67
RL Step 1004 | Loss: 0.0002 | Avg Reward: -0.10 | Time: 8.2s | Prob: A train travels at 48 km/h for... | Ans: 61.71
RL Step 1005 | Loss: 0.0003 | Avg Reward: -0.10 | Time: 8.1s | Prob: A train travels at 65 km/h for... | Ans: 71.67
RL Step 1006 | Loss: 0.0001 | Avg Reward: -0.10 | Time: 8.3s | Prob: A train travels at 54 km/h for... | Ans: 62.29
RL Step 1007 | Loss: 0.0000 | Avg Reward: -0.10 | Time: 8.3s | Prob: A train travels at 68 km/h for... | Ans: 65.22
RL Step 1008 | Loss: 0.0000 | Avg Reward: -0.10 | Time: 8.3s | Prob: A train travels at 56 km/h for... | Ans: 62.38
RL Step 1009 | Loss: 0.0001 | Avg Reward: -0.10 | Time: 8.1s | Prob: A train travels at 44 km/h for... | Ans: 54.2
RL Step 1010 | Loss: 0.0000 | Avg Reward: -0.10 | Time: 8.2s | Prob: A train travels at 42 km/h for... | Ans: 62.0
RL Step 1011 | Loss: 0.0000 | Avg Reward: -0.10 | Time: 8.3s | Prob: A train travels at 56 km/h for... | Ans: 81.0
RL Step 1012 | Loss: 0.0001 | Avg Reward: -0.10 | Time: 8.1s | Prob: A train travels at 68 km/h for... | Ans: 76.0
RL Step 1013 | Loss: 0.0001 | Avg Reward: -0.10 | Time: 8.3s | Prob: A train travels at 57 km/h for... | Ans: 59.57
RL Step 1014 | Loss: 0.0000 | Avg Reward: -0.10 | Time: 8.1s | Prob: A train travels at 65 km/h for... | Ans: 68.5
RL Step 1015 | Loss: -0.0000 | Avg Reward: -0.10 | Time: 8.2s | Prob: A train travels at 69 km/h for... | Ans: 84.0
RL Step 1016 | Loss: 0.0001 | Avg Reward: -0.10 | Time: 8.1s | Prob: A train travels at 51 km/h for... | Ans: 61.2
RL Step 1017 | Loss: -0.0000 | Avg Reward: -0.10 | Time: 8.1s | Prob: A train travels at 51 km/h for... | Ans: 67.0
RL Step 1018 | Loss: 0.0001 | Avg Reward: -0.10 | Time: 8.3s | Prob: A train travels at 62 km/h for... | Ans: 70.57
RL Step 1019 | Loss: 0.0000 | Avg Reward: -0.10 | Time: 8.3s | Prob: A train travels at 78 km/h for... | Ans: 90.0
RL Step 1020 | Loss: 0.0001 | Avg Reward: -0.10 | Time: 8.3s | Prob: A train travels at 50 km/h for... | Ans: 66.5
RL Step 1021 | Loss: 0.0000 | Avg Reward: -0.10 | Time: 8.3s | Prob: A train travels at 45 km/h for... | Ans: 57.44
RL Step 1022 | Loss: 0.0000 | Avg Reward: 0.17 | Time: 8.2s | Prob: A train travels at 56 km/h for... | Ans: 62.0
RL Step 1023 | Loss: 0.0000 | Avg Reward: -0.10 | Time: 8.3s | Prob: A train travels at 62 km/h for... | Ans: 63.5
RL Step 1024 | Loss: 0.0001 | Avg Reward: -0.10 | Time: 8.1s | Prob: A train travels at 46 km/h for... | Ans: 68.8
RL Step 1025 | Loss: 0.0001 | Avg Reward: -0.10 | Time: 8.3s | Prob: A train travels at 76 km/h for... | Ans: 80.12
RL Step 1026 | Loss: 0.0001 | Avg Reward: -0.10 | Time: 8.0s | Prob: A train travels at 63 km/h for... | Ans: 65.5
RL Step 1027 | Loss: 0.0001 | Avg Reward: -0.10 | Time: 8.1s | Prob: A train travels at 52 km/h for... | Ans: 74.5
RL Step 1028 | Loss: 0.0001 | Avg Reward: -0.10 | Time: 8.3s | Prob: A train travels at 65 km/h for... | Ans: 73.86
RL Step 1029 | Loss: 0.0000 | Avg Reward: -0.10 | Time: 8.3s | Prob: A train travels at 67 km/h for... | Ans: 67.0
RL Step 1030 | Loss: 0.0000 | Avg Reward: -0.10 | Time: 8.2s | Prob: A train travels at 80 km/h for... | Ans: 76.0
RL Step 1031 | Loss: 0.0001 | Avg Reward: -0.10 | Time: 8.2s | Prob: A train travels at 56 km/h for... | Ans: 73.33
RL Step 1032 | Loss: 0.0000 | Avg Reward: -0.10 | Time: 8.3s | Prob: A train travels at 64 km/h for... | Ans: 80.67
RL Step 1033 | Loss: 0.0000 | Avg Reward: -0.10 | Time: 8.3s | Prob: A train travels at 50 km/h for... | Ans: 68.75
RL Step 1034 | Loss: 0.0001 | Avg Reward: -0.10 | Time: 8.2s | Prob: A train travels at 50 km/h for... | Ans: 74.5
RL Step 1035 | Loss: 0.0001 | Avg Reward: -0.10 | Time: 8.3s | Prob: A train travels at 47 km/h for... | Ans: 76.33
RL Step 1036 | Loss: 0.0001 | Avg Reward: -0.10 | Time: 8.2s | Prob: A train travels at 78 km/h for... | Ans: 82.29
RL Step 1037 | Loss: 0.0001 | Avg Reward: -0.10 | Time: 8.4s | Prob: A train travels at 76 km/h for... | Ans: 80.12
RL Step 1038 | Loss: 0.0001 | Avg Reward: -0.10 | Time: 8.2s | Prob: A train travels at 43 km/h for... | Ans: 60.57
RL Step 1039 | Loss: 0.0001 | Avg Reward: -0.10 | Time: 8.3s | Prob: A train travels at 80 km/h for... | Ans: 78.88
RL Step 1040 | Loss: 0.0000 | Avg Reward: -0.10 | Time: 8.4s | Prob: A train travels at 59 km/h for... | Ans: 71.75
RL Step 1041 | Loss: 0.0001 | Avg Reward: -0.10 | Time: 8.2s | Prob: A train travels at 42 km/h for... | Ans: 50.4
RL Step 1042 | Loss: 0.0001 | Avg Reward: -0.10 | Time: 8.3s | Prob: A train travels at 74 km/h for... | Ans: 87.33
RL Step 1043 | Loss: 0.0002 | Avg Reward: -0.10 | Time: 8.2s | Prob: A train travels at 40 km/h for... | Ans: 73.0
RL Step 1044 | Loss: 0.0001 | Avg Reward: -0.10 | Time: 8.1s | Prob: A train travels at 47 km/h for... | Ans: 56.5
RL Step 1045 | Loss: 0.0234 | Avg Reward: 0.17 | Time: 8.1s | Prob: A train travels at 68 km/h for... | Ans: 82.4
RL Step 1046 | Loss: 0.0001 | Avg Reward: -0.10 | Time: 8.3s | Prob: A train travels at 71 km/h for... | Ans: 75.88
RL Step 1047 | Loss: 0.0002 | Avg Reward: -0.10 | Time: 8.3s | Prob: A train travels at 40 km/h for... | Ans: 73.57
RL Step 1048 | Loss: 0.0001 | Avg Reward: -0.10 | Time: 8.3s | Prob: A train travels at 55 km/h for... | Ans: 74.11
RL Step 1049 | Loss: -0.0000 | Avg Reward: -0.10 | Time: 8.3s | Prob: A train travels at 53 km/h for... | Ans: 60.12
RL Step 1050 | Loss: -0.0000 | Avg Reward: -0.10 | Time: 8.4s | Prob: A train travels at 55 km/h for... | Ans: 71.89
RL Step 1051 | Loss: 0.0001 | Avg Reward: -0.10 | Time: 8.3s | Prob: A train travels at 66 km/h for... | Ans: 83.5
RL Step 1052 | Loss: 0.0001 | Avg Reward: -0.10 | Time: 8.1s | Prob: A train travels at 51 km/h for... | Ans: 73.2
RL Step 1053 | Loss: 0.0000 | Avg Reward: -0.10 | Time: 8.2s | Prob: A train travels at 78 km/h for... | Ans: 78.8
RL Step 1054 | Loss: 0.0001 | Avg Reward: -0.10 | Time: 8.2s | Prob: A train travels at 45 km/h for... | Ans: 70.0
RL Step 1055 | Loss: 0.0000 | Avg Reward: -0.10 | Time: 8.3s | Prob: A train travels at 67 km/h for... | Ans: 62.33
RL Step 1056 | Loss: 0.0000 | Avg Reward: -0.10 | Time: 8.3s | Prob: A train travels at 66 km/h for... | Ans: 64.0
RL Step 1057 | Loss: 0.0156 | Avg Reward: 0.45 | Time: 8.1s | Prob: A train travels at 80 km/h for... | Ans: 86.5
RL Step 1058 | Loss: 0.0002 | Avg Reward: -0.10 | Time: 8.3s | Prob: A train travels at 43 km/h for... | Ans: 67.44
RL Step 1059 | Loss: -0.0000 | Avg Reward: -0.10 | Time: 8.3s | Prob: A train travels at 49 km/h for... | Ans: 57.57
RL Step 1060 | Loss: 0.0001 | Avg Reward: -0.10 | Time: 8.2s | Prob: A train travels at 43 km/h for... | Ans: 67.0
RL Step 1061 | Loss: 0.0001 | Avg Reward: -0.10 | Time: 8.1s | Prob: A train travels at 56 km/h for... | Ans: 71.6
RL Step 1062 | Loss: 0.0000 | Avg Reward: -0.10 | Time: 8.3s | Prob: A train travels at 64 km/h for... | Ans: 76.86
RL Step 1063 | Loss: 0.0001 | Avg Reward: -0.10 | Time: 8.2s | Prob: A train travels at 69 km/h for... | Ans: 75.0
RL Step 1064 | Loss: 0.0001 | Avg Reward: -0.10 | Time: 8.1s | Prob: A train travels at 76 km/h for... | Ans: 85.5
RL Step 1065 | Loss: 0.0002 | Avg Reward: -0.10 | Time: 8.2s | Prob: A train travels at 47 km/h for... | Ans: 54.5
RL Step 1066 | Loss: -0.0001 | Avg Reward: -0.10 | Time: 8.1s | Prob: A train travels at 50 km/h for... | Ans: 56.0
RL Step 1067 | Loss: 0.0003 | Avg Reward: -0.10 | Time: 8.2s | Prob: A train travels at 51 km/h for... | Ans: 83.67
RL Step 1068 | Loss: 0.0001 | Avg Reward: -0.10 | Time: 8.3s | Prob: A train travels at 77 km/h for... | Ans: 79.86
RL Step 1069 | Loss: 0.0001 | Avg Reward: -0.10 | Time: 8.3s | Prob: A train travels at 78 km/h for... | Ans: 68.29
RL Step 1070 | Loss: 0.0003 | Avg Reward: -0.10 | Time: 8.3s | Prob: A train travels at 57 km/h for... | Ans: 59.78
RL Step 1071 | Loss: 0.0001 | Avg Reward: -0.10 | Time: 8.2s | Prob: A train travels at 74 km/h for... | Ans: 66.0
RL Step 1072 | Loss: 0.0000 | Avg Reward: -0.10 | Time: 8.3s | Prob: A train travels at 53 km/h for... | Ans: 68.0
RL Step 1073 | Loss: 0.0000 | Avg Reward: -0.10 | Time: 8.2s | Prob: A train travels at 62 km/h for... | Ans: 74.0
RL Step 1074 | Loss: 0.0001 | Avg Reward: -0.10 | Time: 8.3s | Prob: A train travels at 68 km/h for... | Ans: 78.62
RL Step 1075 | Loss: 0.0234 | Avg Reward: 0.17 | Time: 8.3s | Prob: A train travels at 51 km/h for... | Ans: 77.0
RL Step 1076 | Loss: 0.0001 | Avg Reward: -0.10 | Time: 8.1s | Prob: A train travels at 74 km/h for... | Ans: 78.8
RL Step 1077 | Loss: 0.0000 | Avg Reward: -0.10 | Time: 8.3s | Prob: A train travels at 42 km/h for... | Ans: 71.14
RL Step 1078 | Loss: 0.0000 | Avg Reward: -0.10 | Time: 8.3s | Prob: A train travels at 41 km/h for... | Ans: 57.0
RL Step 1079 | Loss: 0.0000 | Avg Reward: -0.10 | Time: 8.3s | Prob: A train travels at 79 km/h for... | Ans: 82.12
RL Step 1080 | Loss: 0.0001 | Avg Reward: -0.10 | Time: 8.3s | Prob: A train travels at 40 km/h for... | Ans: 57.33
RL Step 1081 | Loss: 0.0002 | Avg Reward: -0.10 | Time: 8.2s | Prob: A train travels at 65 km/h for... | Ans: 63.12
RL Step 1082 | Loss: 0.0001 | Avg Reward: -0.10 | Time: 8.2s | Prob: A train travels at 49 km/h for... | Ans: 71.0
RL Step 1083 | Loss: 0.0001 | Avg Reward: -0.10 | Time: 8.3s | Prob: A train travels at 50 km/h for... | Ans: 71.14
RL Step 1084 | Loss: -0.0039 | Avg Reward: 0.17 | Time: 8.3s | Prob: A train travels at 48 km/h for... | Ans: 66.67
RL Step 1085 | Loss: 0.0001 | Avg Reward: -0.10 | Time: 8.4s | Prob: A train travels at 52 km/h for... | Ans: 66.67
RL Step 1086 | Loss: 0.0001 | Avg Reward: -0.10 | Time: 8.2s | Prob: A train travels at 70 km/h for... | Ans: 67.38
RL Step 1087 | Loss: 0.0000 | Avg Reward: -0.10 | Time: 8.1s | Prob: A train travels at 62 km/h for... | Ans: 77.5
RL Step 1088 | Loss: 0.0001 | Avg Reward: -0.10 | Time: 8.3s | Prob: A train travels at 56 km/h for... | Ans: 67.0
RL Step 1089 | Loss: 0.0000 | Avg Reward: -0.10 | Time: 8.2s | Prob: A train travels at 58 km/h for... | Ans: 69.33
RL Step 1090 | Loss: 0.0002 | Avg Reward: -0.10 | Time: 8.3s | Prob: A train travels at 49 km/h for... | Ans: 76.78
RL Step 1091 | Loss: -0.0078 | Avg Reward: 0.17 | Time: 8.1s | Prob: A train travels at 65 km/h for... | Ans: 63.0
RL Step 1092 | Loss: 0.0000 | Avg Reward: -0.10 | Time: 8.3s | Prob: A train travels at 47 km/h for... | Ans: 60.88
RL Step 1093 | Loss: 0.0002 | Avg Reward: -0.10 | Time: 8.1s | Prob: A train travels at 53 km/h for... | Ans: 61.4
RL Step 1094 | Loss: 0.0000 | Avg Reward: -0.10 | Time: 8.3s | Prob: A train travels at 45 km/h for... | Ans: 51.0
RL Step 1095 | Loss: 0.0000 | Avg Reward: -0.10 | Time: 8.3s | Prob: A train travels at 48 km/h for... | Ans: 52.29
RL Step 1096 | Loss: 0.0001 | Avg Reward: -0.10 | Time: 8.1s | Prob: A train travels at 60 km/h for... | Ans: 66.4
RL Step 1097 | Loss: 0.0001 | Avg Reward: -0.10 | Time: 8.3s | Prob: A train travels at 75 km/h for... | Ans: 72.14
RL Step 1098 | Loss: 0.0002 | Avg Reward: -0.10 | Time: 8.2s | Prob: A train travels at 74 km/h for... | Ans: 69.5
RL Step 1099 | Loss: 0.0001 | Avg Reward: -0.10 | Time: 8.2s | Prob: A train travels at 74 km/h for... | Ans: 80.4
RL Step 1100 | Loss: 0.0000 | Avg Reward: -0.10 | Time: 8.2s | Prob: A train travels at 47 km/h for... | Ans: 72.8
RL Step 1101 | Loss: -0.0000 | Avg Reward: -0.10 | Time: 8.3s | Prob: A train travels at 62 km/h for... | Ans: 67.33
RL Step 1102 | Loss: 0.0001 | Avg Reward: -0.10 | Time: 8.2s | Prob: A train travels at 41 km/h for... | Ans: 48.67
RL Step 1103 | Loss: -0.0039 | Avg Reward: 0.17 | Time: 8.3s | Prob: A train travels at 67 km/h for... | Ans: 67.33
RL Step 1104 | Loss: 0.0000 | Avg Reward: -0.10 | Time: 8.4s | Prob: A train travels at 65 km/h for... | Ans: 84.38
RL Step 1105 | Loss: 0.0001 | Avg Reward: -0.10 | Time: 8.3s | Prob: A train travels at 45 km/h for... | Ans: 52.29
RL Step 1106 | Loss: 0.0001 | Avg Reward: -0.10 | Time: 8.2s | Prob: A train travels at 78 km/h for... | Ans: 84.67
RL Step 1107 | Loss: 0.0000 | Avg Reward: 0.17 | Time: 8.2s | Prob: A train travels at 72 km/h for... | Ans: 72.67
RL Step 1108 | Loss: 0.0001 | Avg Reward: -0.10 | Time: 8.3s | Prob: A train travels at 49 km/h for... | Ans: 60.62
RL Step 1109 | Loss: 0.0001 | Avg Reward: -0.10 | Time: 8.1s | Prob: A train travels at 59 km/h for... | Ans: 66.2
RL Step 1110 | Loss: 0.0001 | Avg Reward: -0.10 | Time: 8.3s | Prob: A train travels at 50 km/h for... | Ans: 59.38
RL Step 1111 | Loss: 0.0000 | Avg Reward: -0.10 | Time: 8.1s | Prob: A train travels at 45 km/h for... | Ans: 58.8
RL Step 1112 | Loss: 0.0001 | Avg Reward: -0.10 | Time: 8.2s | Prob: A train travels at 40 km/h for... | Ans: 78.0
RL Step 1113 | Loss: 0.0000 | Avg Reward: -0.10 | Time: 8.2s | Prob: A train travels at 42 km/h for... | Ans: 59.0
RL Step 1114 | Loss: 0.0002 | Avg Reward: -0.10 | Time: 8.2s | Prob: A train travels at 46 km/h for... | Ans: 54.5
RL Step 1115 | Loss: 0.0001 | Avg Reward: -0.10 | Time: 8.3s | Prob: A train travels at 62 km/h for... | Ans: 81.29
RL Step 1116 | Loss: 0.0000 | Avg Reward: -0.10 | Time: 8.2s | Prob: A train travels at 52 km/h for... | Ans: 71.33
RL Step 1117 | Loss: 0.0002 | Avg Reward: -0.10 | Time: 8.2s | Prob: A train travels at 47 km/h for... | Ans: 59.0
RL Step 1118 | Loss: 0.0001 | Avg Reward: -0.10 | Time: 8.3s | Prob: A train travels at 64 km/h for... | Ans: 63.38
RL Step 1119 | Loss: 0.0002 | Avg Reward: -0.10 | Time: 8.2s | Prob: A train travels at 56 km/h for... | Ans: 60.33
RL Step 1120 | Loss: 0.0001 | Avg Reward: -0.10 | Time: 8.3s | Prob: A train travels at 43 km/h for... | Ans: 75.5
RL Step 1121 | Loss: 0.0001 | Avg Reward: -0.10 | Time: 8.3s | Prob: A train travels at 52 km/h for... | Ans: 80.12
RL Step 1122 | Loss: 0.0001 | Avg Reward: -0.10 | Time: 8.2s | Prob: A train travels at 77 km/h for... | Ans: 82.0
RL Step 1123 | Loss: 0.0234 | Avg Reward: 0.17 | Time: 8.3s | Prob: A train travels at 65 km/h for... | Ans: 67.86
RL Step 1124 | Loss: 0.0002 | Avg Reward: -0.10 | Time: 8.3s | Prob: A train travels at 79 km/h for... | Ans: 81.5
RL Step 1125 | Loss: 0.0000 | Avg Reward: -0.10 | Time: 8.3s | Prob: A train travels at 46 km/h for... | Ans: 68.14
RL Step 1126 | Loss: 0.0001 | Avg Reward: -0.10 | Time: 8.4s | Prob: A train travels at 72 km/h for... | Ans: 70.67
RL Step 1127 | Loss: 0.0002 | Avg Reward: -0.10 | Time: 8.3s | Prob: A train travels at 63 km/h for... | Ans: 81.67
RL Step 1128 | Loss: 0.0001 | Avg Reward: -0.10 | Time: 8.1s | Prob: A train travels at 54 km/h for... | Ans: 67.8
RL Step 1129 | Loss: 0.0002 | Avg Reward: -0.10 | Time: 8.1s | Prob: A train travels at 57 km/h for... | Ans: 62.5
RL Step 1130 | Loss: 0.0000 | Avg Reward: -0.10 | Time: 8.3s | Prob: A train travels at 45 km/h for... | Ans: 66.33
RL Step 1131 | Loss: 0.0001 | Avg Reward: -0.10 | Time: 8.3s | Prob: A train travels at 77 km/h for... | Ans: 76.38
RL Step 1132 | Loss: 0.0002 | Avg Reward: -0.10 | Time: 8.3s | Prob: A train travels at 69 km/h for... | Ans: 65.89
RL Step 1133 | Loss: 0.0001 | Avg Reward: -0.10 | Time: 8.2s | Prob: A train travels at 73 km/h for... | Ans: 72.25
RL Step 1134 | Loss: 0.0000 | Avg Reward: -0.10 | Time: 8.3s | Prob: A train travels at 79 km/h for... | Ans: 80.67
RL Step 1135 | Loss: 0.0001 | Avg Reward: -0.10 | Time: 8.3s | Prob: A train travels at 70 km/h for... | Ans: 68.0
RL Step 1136 | Loss: 0.0001 | Avg Reward: -0.10 | Time: 8.3s | Prob: A train travels at 57 km/h for... | Ans: 86.29
RL Step 1137 | Loss: 0.0000 | Avg Reward: -0.10 | Time: 8.3s | Prob: A train travels at 69 km/h for... | Ans: 84.0
RL Step 1138 | Loss: 0.0002 | Avg Reward: -0.10 | Time: 8.3s | Prob: A train travels at 49 km/h for... | Ans: 59.0
RL Step 1139 | Loss: 0.0001 | Avg Reward: -0.10 | Time: 8.1s | Prob: A train travels at 62 km/h for... | Ans: 74.0
RL Step 1140 | Loss: 0.0001 | Avg Reward: -0.10 | Time: 8.4s | Prob: A train travels at 52 km/h for... | Ans: 64.38
RL Step 1141 | Loss: 0.0001 | Avg Reward: -0.10 | Time: 8.3s | Prob: A train travels at 66 km/h for... | Ans: 74.89
RL Step 1142 | Loss: 0.0001 | Avg Reward: -0.10 | Time: 8.3s | Prob: A train travels at 49 km/h for... | Ans: 63.14
RL Step 1143 | Loss: 0.0000 | Avg Reward: -0.10 | Time: 8.3s | Prob: A train travels at 70 km/h for... | Ans: 70.43
RL Step 1144 | Loss: 0.0000 | Avg Reward: -0.10 | Time: 8.2s | Prob: A train travels at 54 km/h for... | Ans: 71.5
RL Step 1145 | Loss: 0.0000 | Avg Reward: -0.10 | Time: 8.2s | Prob: A train travels at 62 km/h for... | Ans: 78.11
RL Step 1146 | Loss: 0.0156 | Avg Reward: 0.17 | Time: 8.3s | Prob: A train travels at 58 km/h for... | Ans: 59.14
RL Step 1147 | Loss: 0.0001 | Avg Reward: -0.10 | Time: 8.3s | Prob: A train travels at 49 km/h for... | Ans: 66.14
RL Step 1148 | Loss: 0.0001 | Avg Reward: -0.10 | Time: 8.3s | Prob: A train travels at 49 km/h for... | Ans: 79.0
RL Step 1149 | Loss: 0.0002 | Avg Reward: -0.10 | Time: 8.4s | Prob: A train travels at 41 km/h for... | Ans: 59.38
RL Step 1150 | Loss: 0.0001 | Avg Reward: -0.10 | Time: 8.3s | Prob: A train travels at 72 km/h for... | Ans: 71.14
RL Step 1151 | Loss: 0.0078 | Avg Reward: 0.17 | Time: 8.3s | Prob: A train travels at 41 km/h for... | Ans: 56.0
RL Step 1152 | Loss: 0.0001 | Avg Reward: -0.10 | Time: 8.3s | Prob: A train travels at 79 km/h for... | Ans: 78.43
RL Step 1153 | Loss: 0.0000 | Avg Reward: -0.10 | Time: 8.2s | Prob: A train travels at 65 km/h for... | Ans: 76.25
RL Step 1154 | Loss: 0.0001 | Avg Reward: -0.10 | Time: 8.1s | Prob: A train travels at 78 km/h for... | Ans: 88.5
RL Step 1155 | Loss: 0.0003 | Avg Reward: -0.10 | Time: 8.3s | Prob: A train travels at 67 km/h for... | Ans: 69.29
RL Step 1156 | Loss: 0.0001 | Avg Reward: -0.10 | Time: 8.1s | Prob: A train travels at 63 km/h for... | Ans: 71.5
RL Step 1157 | Loss: -0.0000 | Avg Reward: -0.10 | Time: 8.2s | Prob: A train travels at 75 km/h for... | Ans: 78.5
RL Step 1158 | Loss: -0.0000 | Avg Reward: -0.10 | Time: 8.2s | Prob: A train travels at 53 km/h for... | Ans: 75.86
RL Step 1159 | Loss: -0.0001 | Avg Reward: -0.10 | Time: 8.1s | Prob: A train travels at 80 km/h for... | Ans: 78.5
RL Step 1160 | Loss: 0.0001 | Avg Reward: -0.10 | Time: 8.2s | Prob: A train travels at 58 km/h for... | Ans: 63.14
RL Step 1161 | Loss: 0.0002 | Avg Reward: -0.10 | Time: 8.3s | Prob: A train travels at 80 km/h for... | Ans: 74.29
RL Step 1162 | Loss: 0.0000 | Avg Reward: -0.10 | Time: 8.3s | Prob: A train travels at 58 km/h for... | Ans: 67.71
RL Step 1163 | Loss: 0.0001 | Avg Reward: -0.10 | Time: 8.2s | Prob: A train travels at 53 km/h for... | Ans: 71.29
RL Step 1164 | Loss: 0.0078 | Avg Reward: 0.17 | Time: 8.2s | Prob: A train travels at 65 km/h for... | Ans: 73.8
RL Step 1165 | Loss: 0.0001 | Avg Reward: -0.10 | Time: 8.2s | Prob: A train travels at 49 km/h for... | Ans: 70.0
RL Step 1166 | Loss: 0.0001 | Avg Reward: -0.10 | Time: 8.2s | Prob: A train travels at 64 km/h for... | Ans: 80.0
RL Step 1167 | Loss: 0.0000 | Avg Reward: -0.10 | Time: 8.2s | Prob: A train travels at 43 km/h for... | Ans: 57.5
RL Step 1168 | Loss: 0.0001 | Avg Reward: -0.10 | Time: 8.3s | Prob: A train travels at 58 km/h for... | Ans: 64.22
RL Step 1169 | Loss: 0.0000 | Avg Reward: -0.10 | Time: 8.2s | Prob: A train travels at 40 km/h for... | Ans: 58.0
RL Step 1170 | Loss: 0.0039 | Avg Reward: 0.17 | Time: 8.2s | Prob: A train travels at 50 km/h for... | Ans: 59.33
RL Step 1171 | Loss: 0.0001 | Avg Reward: -0.10 | Time: 8.3s | Prob: A train travels at 77 km/h for... | Ans: 73.44
RL Step 1172 | Loss: 0.0000 | Avg Reward: -0.10 | Time: 8.3s | Prob: A train travels at 77 km/h for... | Ans: 74.75
RL Step 1173 | Loss: 0.0000 | Avg Reward: -0.10 | Time: 8.3s | Prob: A train travels at 42 km/h for... | Ans: 51.43
RL Step 1174 | Loss: 0.0001 | Avg Reward: -0.10 | Time: 8.3s | Prob: A train travels at 67 km/h for... | Ans: 79.0
RL Step 1175 | Loss: 0.0001 | Avg Reward: -0.10 | Time: 8.3s | Prob: A train travels at 42 km/h for... | Ans: 58.71
RL Step 1176 | Loss: 0.0078 | Avg Reward: 0.17 | Time: 8.1s | Prob: A train travels at 74 km/h for... | Ans: 86.5
RL Step 1177 | Loss: 0.0001 | Avg Reward: -0.10 | Time: 8.3s | Prob: A train travels at 60 km/h for... | Ans: 68.0
RL Step 1178 | Loss: -0.0117 | Avg Reward: 0.17 | Time: 8.3s | Prob: A train travels at 61 km/h for... | Ans: 73.0
RL Step 1179 | Loss: 0.0002 | Avg Reward: -0.10 | Time: 8.3s | Prob: A train travels at 56 km/h for... | Ans: 70.57
RL Step 1180 | Loss: 0.0001 | Avg Reward: -0.10 | Time: 8.1s | Prob: A train travels at 76 km/h for... | Ans: 74.0
RL Step 1181 | Loss: 0.0273 | Avg Reward: 0.17 | Time: 8.1s | Prob: A train travels at 56 km/h for... | Ans: 74.6
RL Step 1182 | Loss: 0.0001 | Avg Reward: -0.10 | Time: 8.2s | Prob: A train travels at 77 km/h for... | Ans: 78.0
RL Step 1183 | Loss: 0.0002 | Avg Reward: -0.10 | Time: 8.3s | Prob: A train travels at 45 km/h for... | Ans: 68.43
RL Step 1184 | Loss: 0.0001 | Avg Reward: -0.10 | Time: 8.2s | Prob: A train travels at 80 km/h for... | Ans: 88.5
RL Step 1185 | Loss: 0.0001 | Avg Reward: -0.10 | Time: 8.1s | Prob: A train travels at 68 km/h for... | Ans: 83.0
RL Step 1186 | Loss: 0.0002 | Avg Reward: -0.10 | Time: 8.3s | Prob: A train travels at 74 km/h for... | Ans: 83.38
RL Step 1187 | Loss: 0.0002 | Avg Reward: -0.10 | Time: 8.1s | Prob: A train travels at 53 km/h for... | Ans: 77.6
RL Step 1188 | Loss: 0.0000 | Avg Reward: -0.10 | Time: 8.2s | Prob: A train travels at 50 km/h for... | Ans: 61.5
RL Step 1189 | Loss: 0.0001 | Avg Reward: -0.10 | Time: 8.2s | Prob: A train travels at 50 km/h for... | Ans: 62.5
RL Step 1190 | Loss: 0.0001 | Avg Reward: -0.10 | Time: 8.3s | Prob: A train travels at 80 km/h for... | Ans: 87.86
RL Step 1191 | Loss: 0.0000 | Avg Reward: -0.10 | Time: 8.0s | Prob: A train travels at 76 km/h for... | Ans: 75.4
RL Step 1192 | Loss: 0.0001 | Avg Reward: -0.10 | Time: 8.3s | Prob: A train travels at 47 km/h for... | Ans: 56.43
RL Step 1193 | Loss: 0.0001 | Avg Reward: -0.10 | Time: 8.2s | Prob: A train travels at 57 km/h for... | Ans: 68.5
RL Step 1194 | Loss: 0.0001 | Avg Reward: -0.10 | Time: 8.3s | Prob: A train travels at 63 km/h for... | Ans: 77.67
RL Step 1195 | Loss: 0.0001 | Avg Reward: -0.10 | Time: 8.2s | Prob: A train travels at 60 km/h for... | Ans: 73.57
RL Step 1196 | Loss: 0.0001 | Avg Reward: -0.10 | Time: 8.3s | Prob: A train travels at 71 km/h for... | Ans: 78.5
RL Step 1197 | Loss: 0.0001 | Avg Reward: -0.10 | Time: 8.3s | Prob: A train travels at 62 km/h for... | Ans: 67.67
RL Step 1198 | Loss: 0.0001 | Avg Reward: -0.10 | Time: 8.2s | Prob: A train travels at 73 km/h for... | Ans: 71.0
RL Step 1199 | Loss: 0.0000 | Avg Reward: -0.10 | Time: 8.2s | Prob: A train travels at 72 km/h for... | Ans: 84.5
RL Step 1200 | Loss: 0.0001 | Avg Reward: -0.10 | Time: 8.2s | Prob: A train travels at 54 km/h for... | Ans: 63.0
Saving RL Checkpoint at step 1200...
RL Step 1201 | Loss: 0.0020 | Avg Reward: 0.17 | Time: 8.2s | Prob: A train travels at 57 km/h for... | Ans: 63.0
RL Step 1202 | Loss: -0.0000 | Avg Reward: -0.10 | Time: 8.1s | Prob: A train travels at 66 km/h for... | Ans: 70.5
RL Step 1203 | Loss: 0.0001 | Avg Reward: -0.10 | Time: 8.1s | Prob: A train travels at 62 km/h for... | Ans: 63.2
RL Step 1204 | Loss: 0.0002 | Avg Reward: -0.10 | Time: 8.1s | Prob: A train travels at 64 km/h for... | Ans: 77.6
RL Step 1205 | Loss: 0.0003 | Avg Reward: -0.10 | Time: 8.3s | Prob: A train travels at 72 km/h for... | Ans: 69.0
RL Step 1206 | Loss: 0.0001 | Avg Reward: -0.10 | Time: 8.3s | Prob: A train travels at 74 km/h for... | Ans: 79.43
RL Step 1207 | Loss: 0.0000 | Avg Reward: -0.10 | Time: 8.3s | Prob: A train travels at 65 km/h for... | Ans: 71.22
RL Step 1208 | Loss: 0.0001 | Avg Reward: -0.10 | Time: 8.3s | Prob: A train travels at 63 km/h for... | Ans: 70.43
RL Step 1209 | Loss: 0.0002 | Avg Reward: -0.10 | Time: 8.1s | Prob: A train travels at 60 km/h for... | Ans: 68.5
RL Step 1210 | Loss: 0.0001 | Avg Reward: -0.10 | Time: 8.2s | Prob: A train travels at 62 km/h for... | Ans: 87.0
RL Step 1211 | Loss: 0.0001 | Avg Reward: -0.10 | Time: 8.3s | Prob: A train travels at 76 km/h for... | Ans: 73.86
RL Step 1212 | Loss: 0.0000 | Avg Reward: -0.10 | Time: 8.3s | Prob: A train travels at 53 km/h for... | Ans: 71.86
RL Step 1213 | Loss: -0.0039 | Avg Reward: 0.17 | Time: 8.2s | Prob: A train travels at 46 km/h for... | Ans: 63.2
RL Step 1214 | Loss: 0.0000 | Avg Reward: -0.10 | Time: 8.2s | Prob: A train travels at 54 km/h for... | Ans: 61.33
RL Step 1215 | Loss: 0.0000 | Avg Reward: 0.17 | Time: 8.2s | Prob: A train travels at 60 km/h for... | Ans: 70.5
RL Step 1216 | Loss: 0.0039 | Avg Reward: 0.17 | Time: 8.4s | Prob: A train travels at 56 km/h for... | Ans: 63.12
RL Step 1217 | Loss: 0.0195 | Avg Reward: 0.17 | Time: 8.2s | Prob: A train travels at 65 km/h for... | Ans: 82.5
RL Step 1218 | Loss: 0.0002 | Avg Reward: -0.10 | Time: 8.2s | Prob: A train travels at 46 km/h for... | Ans: 67.14
RL Step 1219 | Loss: 0.0039 | Avg Reward: 0.17 | Time: 8.1s | Prob: A train travels at 63 km/h for... | Ans: 64.5
RL Step 1220 | Loss: 0.0002 | Avg Reward: -0.10 | Time: 8.1s | Prob: A train travels at 76 km/h for... | Ans: 87.4
RL Step 1221 | Loss: -0.0000 | Avg Reward: -0.10 | Time: 8.2s | Prob: A train travels at 65 km/h for... | Ans: 66.0
RL Step 1222 | Loss: -0.0001 | Avg Reward: -0.10 | Time: 8.2s | Prob: A train travels at 63 km/h for... | Ans: 63.67
RL Step 1223 | Loss: 0.0001 | Avg Reward: -0.10 | Time: 8.2s | Prob: A train travels at 63 km/h for... | Ans: 63.0
RL Step 1224 | Loss: 0.0002 | Avg Reward: -0.10 | Time: 8.1s | Prob: A train travels at 76 km/h for... | Ans: 84.0
RL Step 1225 | Loss: 0.0001 | Avg Reward: -0.10 | Time: 8.2s | Prob: A train travels at 69 km/h for... | Ans: 73.0
RL Step 1226 | Loss: 0.0001 | Avg Reward: -0.10 | Time: 8.3s | Prob: A train travels at 62 km/h for... | Ans: 73.14
RL Step 1227 | Loss: 0.0001 | Avg Reward: -0.10 | Time: 8.3s | Prob: A train travels at 76 km/h for... | Ans: 86.86
RL Step 1228 | Loss: 0.0001 | Avg Reward: -0.10 | Time: 8.3s | Prob: A train travels at 63 km/h for... | Ans: 80.5
RL Step 1229 | Loss: 0.0117 | Avg Reward: 0.17 | Time: 8.2s | Prob: A train travels at 46 km/h for... | Ans: 71.33
RL Step 1230 | Loss: 0.0001 | Avg Reward: -0.10 | Time: 8.2s | Prob: A train travels at 68 km/h for... | Ans: 77.6
RL Step 1231 | Loss: 0.0137 | Avg Reward: 0.17 | Time: 8.2s | Prob: A train travels at 41 km/h for... | Ans: 53.5
RL Step 1232 | Loss: 0.0001 | Avg Reward: -0.10 | Time: 8.3s | Prob: A train travels at 63 km/h for... | Ans: 78.62
RL Step 1233 | Loss: 0.0000 | Avg Reward: -0.10 | Time: 8.1s | Prob: A train travels at 79 km/h for... | Ans: 87.0
RL Step 1234 | Loss: 0.0001 | Avg Reward: -0.10 | Time: 8.2s | Prob: A train travels at 73 km/h for... | Ans: 82.5
RL Step 1235 | Loss: 0.0001 | Avg Reward: -0.10 | Time: 8.3s | Prob: A train travels at 47 km/h for... | Ans: 69.67
RL Step 1236 | Loss: 0.0000 | Avg Reward: -0.10 | Time: 8.2s | Prob: A train travels at 45 km/h for... | Ans: 57.33
RL Step 1237 | Loss: 0.0001 | Avg Reward: -0.10 | Time: 8.2s | Prob: A train travels at 73 km/h for... | Ans: 72.0
RL Step 1238 | Loss: 0.0000 | Avg Reward: -0.10 | Time: 8.2s | Prob: A train travels at 49 km/h for... | Ans: 72.0
RL Step 1239 | Loss: 0.0000 | Avg Reward: -0.10 | Time: 8.2s | Prob: A train travels at 44 km/h for... | Ans: 66.67
RL Step 1240 | Loss: 0.0001 | Avg Reward: -0.10 | Time: 8.2s | Prob: A train travels at 48 km/h for... | Ans: 62.29
RL Step 1241 | Loss: 0.0001 | Avg Reward: -0.10 | Time: 8.2s | Prob: A train travels at 73 km/h for... | Ans: 82.0
RL Step 1242 | Loss: 0.0001 | Avg Reward: -0.10 | Time: 8.3s | Prob: A train travels at 65 km/h for... | Ans: 65.0
RL Step 1243 | Loss: 0.0001 | Avg Reward: -0.10 | Time: 8.2s | Prob: A train travels at 55 km/h for... | Ans: 82.14
RL Step 1244 | Loss: 0.0001 | Avg Reward: -0.10 | Time: 8.3s | Prob: A train travels at 66 km/h for... | Ans: 83.86
RL Step 1245 | Loss: 0.0001 | Avg Reward: -0.10 | Time: 8.3s | Prob: A train travels at 45 km/h for... | Ans: 62.62
RL Step 1246 | Loss: 0.0000 | Avg Reward: -0.10 | Time: 8.1s | Prob: A train travels at 50 km/h for... | Ans: 70.5
RL Step 1247 | Loss: 0.0000 | Avg Reward: -0.10 | Time: 8.2s | Prob: A train travels at 74 km/h for... | Ans: 67.75
RL Step 1248 | Loss: 0.0001 | Avg Reward: -0.10 | Time: 8.3s | Prob: A train travels at 42 km/h for... | Ans: 57.0
RL Step 1249 | Loss: 0.0002 | Avg Reward: -0.10 | Time: 8.3s | Prob: A train travels at 50 km/h for... | Ans: 68.86
RL Step 1250 | Loss: 0.0001 | Avg Reward: -0.10 | Time: 8.1s | Prob: A train travels at 45 km/h for... | Ans: 66.0
RL Step 1251 | Loss: 0.0001 | Avg Reward: -0.10 | Time: 8.3s | Prob: A train travels at 75 km/h for... | Ans: 73.12
RL Step 1252 | Loss: 0.0001 | Avg Reward: -0.10 | Time: 8.2s | Prob: A train travels at 47 km/h for... | Ans: 56.75
RL Step 1253 | Loss: 0.0001 | Avg Reward: -0.10 | Time: 8.3s | Prob: A train travels at 44 km/h for... | Ans: 65.25
RL Step 1254 | Loss: 0.0002 | Avg Reward: -0.10 | Time: 8.1s | Prob: A train travels at 44 km/h for... | Ans: 69.2
RL Step 1255 | Loss: 0.0000 | Avg Reward: -0.10 | Time: 8.2s | Prob: A train travels at 72 km/h for... | Ans: 70.0
RL Step 1256 | Loss: 0.0001 | Avg Reward: -0.10 | Time: 8.2s | Prob: A train travels at 60 km/h for... | Ans: 68.89
RL Step 1257 | Loss: 0.0001 | Avg Reward: -0.10 | Time: 8.3s | Prob: A train travels at 72 km/h for... | Ans: 72.29
RL Step 1258 | Loss: 0.0001 | Avg Reward: -0.10 | Time: 8.4s | Prob: A train travels at 59 km/h for... | Ans: 80.43
RL Step 1259 | Loss: 0.0000 | Avg Reward: -0.10 | Time: 8.2s | Prob: A train travels at 75 km/h for... | Ans: 71.5
RL Step 1260 | Loss: 0.0001 | Avg Reward: -0.10 | Time: 8.3s | Prob: A train travels at 71 km/h for... | Ans: 67.33
RL Step 1261 | Loss: 0.0001 | Avg Reward: -0.10 | Time: 8.2s | Prob: A train travels at 77 km/h for... | Ans: 72.0
RL Step 1262 | Loss: 0.0039 | Avg Reward: 0.17 | Time: 8.3s | Prob: A train travels at 68 km/h for... | Ans: 80.78
RL Step 1263 | Loss: 0.0001 | Avg Reward: -0.10 | Time: 8.2s | Prob: A train travels at 67 km/h for... | Ans: 71.33
RL Step 1264 | Loss: 0.0000 | Avg Reward: -0.10 | Time: 8.4s | Prob: A train travels at 50 km/h for... | Ans: 59.78
RL Step 1265 | Loss: 0.0001 | Avg Reward: -0.10 | Time: 8.3s | Prob: A train travels at 67 km/h for... | Ans: 85.75
RL Step 1266 | Loss: 0.0001 | Avg Reward: -0.10 | Time: 8.3s | Prob: A train travels at 54 km/h for... | Ans: 67.71
RL Step 1267 | Loss: 0.0000 | Avg Reward: -0.10 | Time: 8.3s | Prob: A train travels at 76 km/h for... | Ans: 79.43
RL Step 1268 | Loss: 0.0001 | Avg Reward: -0.10 | Time: 8.2s | Prob: A train travels at 57 km/h for... | Ans: 64.33
RL Step 1269 | Loss: 0.0001 | Avg Reward: -0.10 | Time: 8.1s | Prob: A train travels at 63 km/h for... | Ans: 75.6
RL Step 1270 | Loss: 0.0001 | Avg Reward: -0.10 | Time: 8.1s | Prob: A train travels at 50 km/h for... | Ans: 57.8
RL Step 1271 | Loss: 0.0117 | Avg Reward: 0.17 | Time: 8.1s | Prob: A train travels at 80 km/h for... | Ans: 78.8
RL Step 1272 | Loss: 0.0003 | Avg Reward: -0.10 | Time: 8.3s | Prob: A train travels at 70 km/h for... | Ans: 75.56
RL Step 1273 | Loss: 0.0000 | Avg Reward: -0.10 | Time: 8.2s | Prob: A train travels at 69 km/h for... | Ans: 72.0
RL Step 1274 | Loss: 0.0001 | Avg Reward: -0.10 | Time: 8.1s | Prob: A train travels at 78 km/h for... | Ans: 70.5
RL Step 1275 | Loss: 0.0001 | Avg Reward: -0.10 | Time: 8.3s | Prob: A train travels at 40 km/h for... | Ans: 52.0
RL Step 1276 | Loss: 0.0001 | Avg Reward: -0.10 | Time: 8.4s | Prob: A train travels at 71 km/h for... | Ans: 91.71
RL Step 1277 | Loss: 0.0001 | Avg Reward: -0.10 | Time: 8.3s | Prob: A train travels at 56 km/h for... | Ans: 69.88
RL Step 1278 | Loss: 0.0002 | Avg Reward: -0.10 | Time: 8.3s | Prob: A train travels at 45 km/h for... | Ans: 64.29
RL Step 1279 | Loss: 0.0001 | Avg Reward: -0.10 | Time: 8.3s | Prob: A train travels at 65 km/h for... | Ans: 76.11
RL Step 1280 | Loss: -0.0039 | Avg Reward: 0.17 | Time: 8.1s | Prob: A train travels at 68 km/h for... | Ans: 67.0
RL Step 1281 | Loss: 0.0001 | Avg Reward: -0.10 | Time: 8.2s | Prob: A train travels at 43 km/h for... | Ans: 56.0
RL Step 1282 | Loss: 0.0001 | Avg Reward: -0.10 | Time: 8.4s | Prob: A train travels at 52 km/h for... | Ans: 68.89
RL Step 1283 | Loss: -0.0001 | Avg Reward: -0.10 | Time: 8.1s | Prob: A train travels at 59 km/h for... | Ans: 76.5
RL Step 1284 | Loss: 0.0001 | Avg Reward: -0.10 | Time: 8.2s | Prob: A train travels at 60 km/h for... | Ans: 71.2
RL Step 1285 | Loss: 0.0001 | Avg Reward: -0.10 | Time: 8.2s | Prob: A train travels at 57 km/h for... | Ans: 62.5
RL Step 1286 | Loss: -0.0000 | Avg Reward: -0.10 | Time: 8.1s | Prob: A train travels at 60 km/h for... | Ans: 61.0
RL Step 1287 | Loss: 0.0001 | Avg Reward: -0.10 | Time: 8.3s | Prob: A train travels at 40 km/h for... | Ans: 51.11
RL Step 1288 | Loss: 0.0234 | Avg Reward: 0.17 | Time: 8.2s | Prob: A train travels at 44 km/h for... | Ans: 52.0
RL Step 1289 | Loss: 0.0001 | Avg Reward: -0.10 | Time: 8.3s | Prob: A train travels at 42 km/h for... | Ans: 77.0
RL Step 1290 | Loss: 0.0001 | Avg Reward: -0.10 | Time: 8.2s | Prob: A train travels at 60 km/h for... | Ans: 73.33
RL Step 1291 | Loss: 0.0001 | Avg Reward: -0.10 | Time: 8.1s | Prob: A train travels at 40 km/h for... | Ans: 52.0
RL Step 1292 | Loss: 0.0001 | Avg Reward: -0.10 | Time: 8.3s | Prob: A train travels at 57 km/h for... | Ans: 66.71
RL Step 1293 | Loss: -0.0000 | Avg Reward: -0.10 | Time: 8.2s | Prob: A train travels at 44 km/h for... | Ans: 50.33
RL Step 1294 | Loss: -0.0000 | Avg Reward: -0.10 | Time: 8.3s | Prob: A train travels at 70 km/h for... | Ans: 80.67
RL Step 1295 | Loss: 0.0001 | Avg Reward: -0.10 | Time: 8.3s | Prob: A train travels at 75 km/h for... | Ans: 77.29
RL Step 1296 | Loss: -0.0000 | Avg Reward: -0.10 | Time: 8.3s | Prob: A train travels at 56 km/h for... | Ans: 70.38
RL Step 1297 | Loss: 0.0000 | Avg Reward: -0.10 | Time: 8.1s | Prob: A train travels at 74 km/h for... | Ans: 86.6
RL Step 1298 | Loss: 0.0001 | Avg Reward: -0.10 | Time: 8.3s | Prob: A train travels at 41 km/h for... | Ans: 68.86
RL Step 1299 | Loss: 0.0001 | Avg Reward: -0.10 | Time: 8.1s | Prob: A train travels at 51 km/h for... | Ans: 55.5
RL Step 1300 | Loss: 0.0000 | Avg Reward: -0.10 | Time: 8.2s | Prob: A train travels at 45 km/h for... | Ans: 57.67
RL Step 1301 | Loss: 0.0000 | Avg Reward: -0.10 | Time: 8.3s | Prob: A train travels at 54 km/h for... | Ans: 64.0
RL Step 1302 | Loss: 0.0000 | Avg Reward: -0.10 | Time: 8.3s | Prob: A train travels at 73 km/h for... | Ans: 78.67
RL Step 1303 | Loss: 0.0001 | Avg Reward: -0.10 | Time: 8.1s | Prob: A train travels at 68 km/h for... | Ans: 65.0
RL Step 1304 | Loss: 0.0000 | Avg Reward: -0.10 | Time: 8.1s | Prob: A train travels at 66 km/h for... | Ans: 65.2
RL Step 1305 | Loss: 0.0001 | Avg Reward: -0.10 | Time: 8.3s | Prob: A train travels at 62 km/h for... | Ans: 62.0
RL Step 1306 | Loss: 0.0001 | Avg Reward: -0.10 | Time: 8.3s | Prob: A train travels at 78 km/h for... | Ans: 77.56
RL Step 1307 | Loss: 0.0000 | Avg Reward: -0.10 | Time: 8.2s | Prob: A train travels at 61 km/h for... | Ans: 78.0
RL Step 1308 | Loss: 0.0020 | Avg Reward: 0.17 | Time: 8.1s | Prob: A train travels at 65 km/h for... | Ans: 73.0
RL Step 1309 | Loss: -0.0000 | Avg Reward: -0.10 | Time: 8.2s | Prob: A train travels at 68 km/h for... | Ans: 70.5
RL Step 1310 | Loss: 0.0000 | Avg Reward: -0.10 | Time: 8.0s | Prob: A train travels at 53 km/h for... | Ans: 67.4
RL Step 1311 | Loss: 0.0001 | Avg Reward: -0.10 | Time: 8.3s | Prob: A train travels at 76 km/h for... | Ans: 83.33
RL Step 1312 | Loss: 0.0003 | Avg Reward: -0.10 | Time: 8.3s | Prob: A train travels at 58 km/h for... | Ans: 79.11
RL Step 1313 | Loss: 0.0001 | Avg Reward: -0.10 | Time: 8.2s | Prob: A train travels at 48 km/h for... | Ans: 62.0
RL Step 1314 | Loss: 0.0002 | Avg Reward: -0.10 | Time: 8.3s | Prob: A train travels at 70 km/h for... | Ans: 67.43
RL Step 1315 | Loss: -0.0078 | Avg Reward: 0.17 | Time: 8.1s | Prob: A train travels at 58 km/h for... | Ans: 65.2
RL Step 1316 | Loss: 0.0001 | Avg Reward: -0.10 | Time: 8.2s | Prob: A train travels at 66 km/h for... | Ans: 86.67
RL Step 1317 | Loss: 0.0000 | Avg Reward: -0.10 | Time: 8.3s | Prob: A train travels at 59 km/h for... | Ans: 72.67
RL Step 1318 | Loss: 0.0001 | Avg Reward: -0.10 | Time: 8.3s | Prob: A train travels at 61 km/h for... | Ans: 65.5
RL Step 1319 | Loss: 0.0001 | Avg Reward: -0.10 | Time: 8.3s | Prob: A train travels at 52 km/h for... | Ans: 56.44
RL Step 1320 | Loss: 0.0001 | Avg Reward: -0.10 | Time: 8.1s | Prob: A train travels at 73 km/h for... | Ans: 65.8
RL Step 1321 | Loss: 0.0000 | Avg Reward: -0.10 | Time: 8.1s | Prob: A train travels at 69 km/h for... | Ans: 74.5
RL Step 1322 | Loss: 0.0312 | Avg Reward: 0.17 | Time: 8.2s | Prob: A train travels at 43 km/h for... | Ans: 60.0
RL Step 1323 | Loss: 0.0001 | Avg Reward: -0.10 | Time: 8.2s | Prob: A train travels at 44 km/h for... | Ans: 74.67
RL Step 1324 | Loss: 0.0001 | Avg Reward: -0.10 | Time: 8.3s | Prob: A train travels at 54 km/h for... | Ans: 61.11
RL Step 1325 | Loss: 0.0001 | Avg Reward: -0.10 | Time: 8.2s | Prob: A train travels at 42 km/h for... | Ans: 55.2
RL Step 1326 | Loss: 0.0000 | Avg Reward: -0.10 | Time: 8.1s | Prob: A train travels at 78 km/h for... | Ans: 77.0
RL Step 1327 | Loss: 0.0001 | Avg Reward: -0.10 | Time: 8.1s | Prob: A train travels at 71 km/h for... | Ans: 73.4
RL Step 1328 | Loss: 0.0078 | Avg Reward: 0.17 | Time: 8.3s | Prob: A train travels at 78 km/h for... | Ans: 77.56
RL Step 1329 | Loss: 0.0002 | Avg Reward: -0.10 | Time: 8.3s | Prob: A train travels at 49 km/h for... | Ans: 78.38
RL Step 1330 | Loss: 0.0001 | Avg Reward: -0.10 | Time: 8.1s | Prob: A train travels at 69 km/h for... | Ans: 65.8
RL Step 1331 | Loss: 0.0001 | Avg Reward: -0.10 | Time: 8.3s | Prob: A train travels at 57 km/h for... | Ans: 69.29
RL Step 1332 | Loss: 0.0000 | Avg Reward: -0.10 | Time: 8.3s | Prob: A train travels at 45 km/h for... | Ans: 57.0
RL Step 1333 | Loss: 0.0001 | Avg Reward: -0.10 | Time: 8.3s | Prob: A train travels at 65 km/h for... | Ans: 80.71
RL Step 1334 | Loss: 0.0001 | Avg Reward: -0.10 | Time: 8.2s | Prob: A train travels at 80 km/h for... | Ans: 82.5
RL Step 1335 | Loss: 0.0312 | Avg Reward: 0.17 | Time: 8.1s | Prob: A train travels at 64 km/h for... | Ans: 68.5
RL Step 1336 | Loss: 0.0000 | Avg Reward: -0.10 | Time: 8.1s | Prob: A train travels at 73 km/h for... | Ans: 80.0
RL Step 1337 | Loss: 0.0098 | Avg Reward: 0.17 | Time: 8.1s | Prob: A train travels at 41 km/h for... | Ans: 58.6
RL Step 1338 | Loss: 0.0001 | Avg Reward: -0.10 | Time: 8.3s | Prob: A train travels at 61 km/h for... | Ans: 67.86
RL Step 1339 | Loss: 0.0001 | Avg Reward: -0.10 | Time: 8.1s | Prob: A train travels at 51 km/h for... | Ans: 54.6
RL Step 1340 | Loss: 0.0001 | Avg Reward: -0.10 | Time: 8.2s | Prob: A train travels at 68 km/h for... | Ans: 70.0
RL Step 1341 | Loss: 0.0001 | Avg Reward: -0.10 | Time: 8.3s | Prob: A train travels at 80 km/h for... | Ans: 75.0
RL Step 1342 | Loss: 0.0000 | Avg Reward: -0.10 | Time: 8.3s | Prob: A train travels at 41 km/h for... | Ans: 46.71
RL Step 1343 | Loss: 0.0002 | Avg Reward: -0.10 | Time: 8.3s | Prob: A train travels at 60 km/h for... | Ans: 61.33
RL Step 1344 | Loss: 0.0000 | Avg Reward: -0.10 | Time: 8.3s | Prob: A train travels at 53 km/h for... | Ans: 64.43
RL Step 1345 | Loss: 0.0001 | Avg Reward: -0.10 | Time: 8.2s | Prob: A train travels at 54 km/h for... | Ans: 63.6
RL Step 1346 | Loss: 0.0000 | Avg Reward: -0.10 | Time: 8.2s | Prob: A train travels at 62 km/h for... | Ans: 76.0
RL Step 1347 | Loss: 0.0000 | Avg Reward: -0.10 | Time: 8.4s | Prob: A train travels at 54 km/h for... | Ans: 65.25
RL Step 1348 | Loss: 0.0001 | Avg Reward: -0.10 | Time: 8.3s | Prob: A train travels at 59 km/h for... | Ans: 60.33
RL Step 1349 | Loss: 0.0001 | Avg Reward: -0.10 | Time: 8.3s | Prob: A train travels at 73 km/h for... | Ans: 74.43
RL Step 1350 | Loss: 0.0000 | Avg Reward: -0.10 | Time: 8.2s | Prob: A train travels at 65 km/h for... | Ans: 77.67
RL Step 1351 | Loss: 0.0001 | Avg Reward: -0.10 | Time: 8.1s | Prob: A train travels at 67 km/h for... | Ans: 79.6
RL Step 1352 | Loss: 0.0001 | Avg Reward: -0.10 | Time: 8.3s | Prob: A train travels at 63 km/h for... | Ans: 78.62
RL Step 1353 | Loss: 0.0001 | Avg Reward: -0.10 | Time: 8.1s | Prob: A train travels at 61 km/h for... | Ans: 64.0
RL Step 1354 | Loss: 0.0001 | Avg Reward: -0.10 | Time: 8.1s | Prob: A train travels at 51 km/h for... | Ans: 65.5
RL Step 1355 | Loss: 0.0001 | Avg Reward: -0.10 | Time: 8.2s | Prob: A train travels at 64 km/h for... | Ans: 79.33
RL Step 1356 | Loss: -0.0000 | Avg Reward: -0.10 | Time: 8.3s | Prob: A train travels at 59 km/h for... | Ans: 63.0
RL Step 1357 | Loss: 0.0001 | Avg Reward: -0.10 | Time: 8.1s | Prob: A train travels at 67 km/h for... | Ans: 74.5
RL Step 1358 | Loss: 0.0001 | Avg Reward: -0.10 | Time: 8.2s | Prob: A train travels at 64 km/h for... | Ans: 74.0
RL Step 1359 | Loss: 0.0002 | Avg Reward: -0.10 | Time: 8.3s | Prob: A train travels at 59 km/h for... | Ans: 66.14
RL Step 1360 | Loss: 0.0039 | Avg Reward: 0.17 | Time: 8.1s | Prob: A train travels at 50 km/h for... | Ans: 64.0
RL Step 1361 | Loss: -0.0000 | Avg Reward: -0.10 | Time: 8.3s | Prob: A train travels at 71 km/h for... | Ans: 73.33
RL Step 1362 | Loss: 0.0000 | Avg Reward: -0.10 | Time: 8.3s | Prob: A train travels at 57 km/h for... | Ans: 64.5
RL Step 1363 | Loss: 0.0000 | Avg Reward: -0.10 | Time: 8.3s | Prob: A train travels at 71 km/h for... | Ans: 68.86
RL Step 1364 | Loss: 0.0001 | Avg Reward: -0.10 | Time: 8.1s | Prob: A train travels at 76 km/h for... | Ans: 70.0
RL Step 1365 | Loss: 0.0001 | Avg Reward: -0.10 | Time: 8.3s | Prob: A train travels at 49 km/h for... | Ans: 77.33
RL Step 1366 | Loss: 0.0000 | Avg Reward: -0.10 | Time: 8.2s | Prob: A train travels at 77 km/h for... | Ans: 76.25
RL Step 1367 | Loss: 0.0002 | Avg Reward: -0.10 | Time: 8.3s | Prob: A train travels at 46 km/h for... | Ans: 55.43
RL Step 1368 | Loss: 0.0001 | Avg Reward: -0.10 | Time: 8.2s | Prob: A train travels at 45 km/h for... | Ans: 57.89
RL Step 1369 | Loss: 0.0003 | Avg Reward: -0.10 | Time: 8.3s | Prob: A train travels at 41 km/h for... | Ans: 65.38
RL Step 1370 | Loss: 0.0001 | Avg Reward: -0.10 | Time: 8.3s | Prob: A train travels at 68 km/h for... | Ans: 76.57
RL Step 1371 | Loss: 0.0001 | Avg Reward: -0.10 | Time: 8.1s | Prob: A train travels at 70 km/h for... | Ans: 73.6
RL Step 1372 | Loss: 0.0001 | Avg Reward: -0.10 | Time: 8.3s | Prob: A train travels at 49 km/h for... | Ans: 61.78
RL Step 1373 | Loss: -0.0000 | Avg Reward: -0.10 | Time: 8.1s | Prob: A train travels at 64 km/h for... | Ans: 79.0
RL Step 1374 | Loss: 0.0001 | Avg Reward: -0.10 | Time: 8.1s | Prob: A train travels at 43 km/h for... | Ans: 68.5
RL Step 1375 | Loss: 0.0000 | Avg Reward: -0.10 | Time: 8.2s | Prob: A train travels at 69 km/h for... | Ans: 81.67
RL Step 1376 | Loss: 0.0001 | Avg Reward: -0.10 | Time: 8.2s | Prob: A train travels at 50 km/h for... | Ans: 68.6
RL Step 1377 | Loss: 0.0000 | Avg Reward: -0.10 | Time: 8.2s | Prob: A train travels at 78 km/h for... | Ans: 74.0
RL Step 1378 | Loss: -0.0000 | Avg Reward: -0.10 | Time: 8.3s | Prob: A train travels at 64 km/h for... | Ans: 75.67
RL Step 1379 | Loss: 0.0000 | Avg Reward: -0.10 | Time: 8.2s | Prob: A train travels at 58 km/h for... | Ans: 62.29
RL Step 1380 | Loss: 0.0001 | Avg Reward: -0.10 | Time: 8.1s | Prob: A train travels at 80 km/h for... | Ans: 69.8
RL Step 1381 | Loss: 0.0001 | Avg Reward: -0.10 | Time: 8.3s | Prob: A train travels at 52 km/h for... | Ans: 64.75
RL Step 1382 | Loss: 0.0002 | Avg Reward: -0.10 | Time: 8.2s | Prob: A train travels at 52 km/h for... | Ans: 72.0
RL Step 1383 | Loss: 0.0098 | Avg Reward: 0.17 | Time: 8.3s | Prob: A train travels at 45 km/h for... | Ans: 72.86
RL Step 1384 | Loss: 0.0001 | Avg Reward: -0.10 | Time: 8.3s | Prob: A train travels at 57 km/h for... | Ans: 61.29
RL Step 1385 | Loss: 0.0002 | Avg Reward: -0.10 | Time: 8.1s | Prob: A train travels at 75 km/h for... | Ans: 68.5
RL Step 1386 | Loss: 0.0156 | Avg Reward: 0.17 | Time: 8.1s | Prob: A train travels at 41 km/h for... | Ans: 67.5
RL Step 1387 | Loss: 0.0001 | Avg Reward: -0.10 | Time: 8.2s | Prob: A train travels at 71 km/h for... | Ans: 85.5
RL Step 1388 | Loss: 0.0002 | Avg Reward: -0.10 | Time: 8.1s | Prob: A train travels at 52 km/h for... | Ans: 70.0
RL Step 1389 | Loss: 0.0001 | Avg Reward: -0.10 | Time: 8.3s | Prob: A train travels at 44 km/h for... | Ans: 72.89
RL Step 1390 | Loss: 0.0000 | Avg Reward: -0.10 | Time: 8.1s | Prob: A train travels at 49 km/h for... | Ans: 57.67
RL Step 1391 | Loss: 0.0001 | Avg Reward: -0.10 | Time: 8.3s | Prob: A train travels at 76 km/h for... | Ans: 87.43
RL Step 1392 | Loss: 0.0001 | Avg Reward: -0.10 | Time: 8.3s | Prob: A train travels at 61 km/h for... | Ans: 63.57
RL Step 1393 | Loss: 0.0002 | Avg Reward: -0.10 | Time: 8.2s | Prob: A train travels at 73 km/h for... | Ans: 75.5
RL Step 1394 | Loss: 0.0001 | Avg Reward: -0.10 | Time: 8.1s | Prob: A train travels at 70 km/h for... | Ans: 73.6
RL Step 1395 | Loss: -0.0001 | Avg Reward: -0.10 | Time: 8.2s | Prob: A train travels at 40 km/h for... | Ans: 68.0
RL Step 1396 | Loss: 0.0002 | Avg Reward: -0.10 | Time: 8.3s | Prob: A train travels at 53 km/h for... | Ans: 71.86
RL Step 1397 | Loss: 0.0001 | Avg Reward: -0.10 | Time: 8.3s | Prob: A train travels at 75 km/h for... | Ans: 83.25
RL Step 1398 | Loss: -0.0000 | Avg Reward: -0.10 | Time: 8.3s | Prob: A train travels at 65 km/h for... | Ans: 81.88
RL Step 1399 | Loss: 0.0000 | Avg Reward: -0.10 | Time: 8.2s | Prob: A train travels at 60 km/h for... | Ans: 63.5
RL Step 1400 | Loss: 0.0001 | Avg Reward: -0.10 | Time: 8.2s | Prob: A train travels at 43 km/h for... | Ans: 60.5
Saving RL Checkpoint at step 1400...
RL Step 1401 | Loss: 0.0001 | Avg Reward: -0.10 | Time: 8.2s | Prob: A train travels at 48 km/h for... | Ans: 57.14
RL Step 1402 | Loss: 0.0000 | Avg Reward: -0.10 | Time: 8.3s | Prob: A train travels at 53 km/h for... | Ans: 62.75
RL Step 1403 | Loss: 0.0001 | Avg Reward: -0.10 | Time: 8.2s | Prob: A train travels at 40 km/h for... | Ans: 55.5
RL Step 1404 | Loss: 0.0312 | Avg Reward: 0.17 | Time: 8.3s | Prob: A train travels at 58 km/h for... | Ans: 60.67
RL Step 1405 | Loss: 0.0001 | Avg Reward: -0.10 | Time: 8.1s | Prob: A train travels at 77 km/h for... | Ans: 88.5
RL Step 1406 | Loss: 0.0000 | Avg Reward: -0.10 | Time: 8.3s | Prob: A train travels at 44 km/h for... | Ans: 57.33
RL Step 1407 | Loss: 0.0001 | Avg Reward: -0.10 | Time: 8.3s | Prob: A train travels at 41 km/h for... | Ans: 67.67
RL Step 1408 | Loss: 0.0003 | Avg Reward: -0.10 | Time: 8.1s | Prob: A train travels at 43 km/h for... | Ans: 75.4
RL Step 1409 | Loss: 0.0001 | Avg Reward: -0.10 | Time: 8.2s | Prob: A train travels at 80 km/h for... | Ans: 89.0
RL Step 1410 | Loss: 0.0001 | Avg Reward: -0.10 | Time: 8.3s | Prob: A train travels at 75 km/h for... | Ans: 86.67
RL Step 1411 | Loss: 0.0001 | Avg Reward: -0.10 | Time: 8.2s | Prob: A train travels at 78 km/h for... | Ans: 90.0
RL Step 1412 | Loss: 0.0001 | Avg Reward: -0.10 | Time: 8.1s | Prob: A train travels at 49 km/h for... | Ans: 66.4
RL Step 1413 | Loss: 0.0002 | Avg Reward: -0.10 | Time: 8.1s | Prob: A train travels at 80 km/h for... | Ans: 73.4
RL Step 1414 | Loss: 0.0000 | Avg Reward: -0.10 | Time: 8.1s | Prob: A train travels at 68 km/h for... | Ans: 65.5
RL Step 1415 | Loss: 0.0001 | Avg Reward: -0.10 | Time: 8.3s | Prob: A train travels at 80 km/h for... | Ans: 83.43
RL Step 1416 | Loss: 0.0002 | Avg Reward: -0.10 | Time: 8.2s | Prob: A train travels at 40 km/h for... | Ans: 56.67
RL Step 1417 | Loss: 0.0001 | Avg Reward: -0.10 | Time: 8.3s | Prob: A train travels at 68 km/h for... | Ans: 66.22
RL Step 1418 | Loss: 0.0001 | Avg Reward: -0.10 | Time: 8.3s | Prob: A train travels at 55 km/h for... | Ans: 75.67
RL Step 1419 | Loss: 0.0001 | Avg Reward: -0.10 | Time: 8.3s | Prob: A train travels at 53 km/h for... | Ans: 67.29
RL Step 1420 | Loss: 0.0001 | Avg Reward: -0.10 | Time: 8.1s | Prob: A train travels at 57 km/h for... | Ans: 73.8
RL Step 1421 | Loss: 0.0001 | Avg Reward: -0.10 | Time: 8.1s | Prob: A train travels at 55 km/h for... | Ans: 77.8
RL Step 1422 | Loss: 0.0002 | Avg Reward: -0.10 | Time: 8.2s | Prob: A train travels at 40 km/h for... | Ans: 54.33
RL Step 1423 | Loss: 0.0001 | Avg Reward: -0.10 | Time: 8.3s | Prob: A train travels at 61 km/h for... | Ans: 71.29
RL Step 1424 | Loss: 0.0000 | Avg Reward: -0.10 | Time: 8.3s | Prob: A train travels at 74 km/h for... | Ans: 73.71
RL Step 1425 | Loss: -0.0000 | Avg Reward: -0.10 | Time: 8.0s | Prob: A train travels at 66 km/h for... | Ans: 79.0
RL Step 1426 | Loss: 0.0000 | Avg Reward: -0.10 | Time: 8.1s | Prob: A train travels at 78 km/h for... | Ans: 86.0
RL Step 1427 | Loss: 0.0000 | Avg Reward: -0.10 | Time: 8.1s | Prob: A train travels at 42 km/h for... | Ans: 68.0
RL Step 1428 | Loss: 0.0000 | Avg Reward: -0.10 | Time: 8.3s | Prob: A train travels at 63 km/h for... | Ans: 63.0
RL Step 1429 | Loss: 0.0001 | Avg Reward: -0.10 | Time: 8.3s | Prob: A train travels at 60 km/h for... | Ans: 69.0
RL Step 1430 | Loss: 0.0001 | Avg Reward: -0.10 | Time: 8.1s | Prob: A train travels at 63 km/h for... | Ans: 75.4
RL Step 1431 | Loss: 0.0137 | Avg Reward: 0.17 | Time: 8.1s | Prob: A train travels at 48 km/h for... | Ans: 54.5
RL Step 1432 | Loss: 0.0001 | Avg Reward: -0.10 | Time: 8.2s | Prob: A train travels at 80 km/h for... | Ans: 77.33
RL Step 1433 | Loss: 0.0002 | Avg Reward: -0.10 | Time: 8.3s | Prob: A train travels at 68 km/h for... | Ans: 75.11
RL Step 1434 | Loss: 0.0002 | Avg Reward: -0.10 | Time: 8.1s | Prob: A train travels at 54 km/h for... | Ans: 72.5
RL Step 1435 | Loss: 0.0001 | Avg Reward: -0.10 | Time: 8.3s | Prob: A train travels at 72 km/h for... | Ans: 68.33
RL Step 1436 | Loss: 0.0001 | Avg Reward: -0.10 | Time: 8.2s | Prob: A train travels at 44 km/h for... | Ans: 52.14
RL Step 1437 | Loss: 0.0001 | Avg Reward: -0.10 | Time: 8.4s | Prob: A train travels at 50 km/h for... | Ans: 58.44
RL Step 1438 | Loss: 0.0000 | Avg Reward: -0.10 | Time: 8.3s | Prob: A train travels at 40 km/h for... | Ans: 61.71
RL Step 1439 | Loss: 0.0002 | Avg Reward: -0.10 | Time: 8.1s | Prob: A train travels at 59 km/h for... | Ans: 65.0
RL Step 1440 | Loss: 0.0001 | Avg Reward: -0.10 | Time: 8.2s | Prob: A train travels at 74 km/h for... | Ans: 73.0
RL Step 1441 | Loss: 0.0000 | Avg Reward: -0.10 | Time: 8.3s | Prob: A train travels at 72 km/h for... | Ans: 68.44
RL Step 1442 | Loss: 0.0000 | Avg Reward: -0.10 | Time: 8.4s | Prob: A train travels at 56 km/h for... | Ans: 71.62
RL Step 1443 | Loss: 0.0000 | Avg Reward: -0.10 | Time: 8.1s | Prob: A train travels at 61 km/h for... | Ans: 61.0
RL Step 1444 | Loss: 0.0000 | Avg Reward: -0.10 | Time: 8.2s | Prob: A train travels at 43 km/h for... | Ans: 57.8
RL Step 1445 | Loss: 0.0001 | Avg Reward: -0.10 | Time: 8.0s | Prob: A train travels at 46 km/h for... | Ans: 74.8
RL Step 1446 | Loss: 0.0000 | Avg Reward: -0.10 | Time: 8.3s | Prob: A train travels at 67 km/h for... | Ans: 67.86
RL Step 1447 | Loss: 0.0002 | Avg Reward: -0.10 | Time: 8.3s | Prob: A train travels at 51 km/h for... | Ans: 73.78
RL Step 1448 | Loss: 0.0001 | Avg Reward: -0.10 | Time: 8.2s | Prob: A train travels at 69 km/h for... | Ans: 69.0
RL Step 1449 | Loss: 0.0002 | Avg Reward: -0.10 | Time: 8.3s | Prob: A train travels at 44 km/h for... | Ans: 70.86
RL Step 1450 | Loss: 0.0001 | Avg Reward: -0.10 | Time: 8.3s | Prob: A train travels at 73 km/h for... | Ans: 77.44
RL Step 1451 | Loss: 0.0000 | Avg Reward: -0.10 | Time: 8.2s | Prob: A train travels at 53 km/h for... | Ans: 67.29
RL Step 1452 | Loss: 0.0000 | Avg Reward: -0.10 | Time: 8.4s | Prob: A train travels at 52 km/h for... | Ans: 66.25
RL Step 1453 | Loss: 0.0078 | Avg Reward: 0.17 | Time: 8.2s | Prob: A train travels at 59 km/h for... | Ans: 66.67
RL Step 1454 | Loss: 0.0001 | Avg Reward: -0.10 | Time: 8.1s | Prob: A train travels at 41 km/h for... | Ans: 52.4
RL Step 1455 | Loss: 0.0002 | Avg Reward: -0.10 | Time: 8.2s | Prob: A train travels at 45 km/h for... | Ans: 71.5
RL Step 1456 | Loss: 0.0000 | Avg Reward: -0.10 | Time: 8.4s | Prob: A train travels at 70 km/h for... | Ans: 70.0
RL Step 1457 | Loss: 0.0000 | Avg Reward: -0.10 | Time: 8.2s | Prob: A train travels at 69 km/h for... | Ans: 76.43
RL Step 1458 | Loss: 0.0001 | Avg Reward: -0.10 | Time: 8.1s | Prob: A train travels at 63 km/h for... | Ans: 73.2
RL Step 1459 | Loss: 0.0000 | Avg Reward: -0.10 | Time: 8.1s | Prob: A train travels at 66 km/h for... | Ans: 66.4
RL Step 1460 | Loss: 0.0000 | Avg Reward: -0.10 | Time: 8.2s | Prob: A train travels at 73 km/h for... | Ans: 69.0
RL Step 1461 | Loss: 0.0098 | Avg Reward: 0.17 | Time: 8.2s | Prob: A train travels at 61 km/h for... | Ans: 67.0
RL Step 1462 | Loss: 0.0001 | Avg Reward: -0.10 | Time: 8.3s | Prob: A train travels at 66 km/h for... | Ans: 82.0
RL Step 1463 | Loss: 0.0002 | Avg Reward: -0.10 | Time: 8.2s | Prob: A train travels at 78 km/h for... | Ans: 68.0
RL Step 1464 | Loss: 0.0000 | Avg Reward: -0.10 | Time: 8.3s | Prob: A train travels at 74 km/h for... | Ans: 75.29
RL Step 1465 | Loss: 0.0001 | Avg Reward: -0.10 | Time: 8.1s | Prob: A train travels at 55 km/h for... | Ans: 58.6
RL Step 1466 | Loss: 0.0002 | Avg Reward: -0.10 | Time: 8.3s | Prob: A train travels at 47 km/h for... | Ans: 61.86
RL Step 1467 | Loss: 0.0002 | Avg Reward: -0.10 | Time: 8.3s | Prob: A train travels at 41 km/h for... | Ans: 63.71
RL Step 1468 | Loss: 0.0039 | Avg Reward: 0.17 | Time: 8.1s | Prob: A train travels at 44 km/h for... | Ans: 63.5
RL Step 1469 | Loss: 0.0001 | Avg Reward: -0.10 | Time: 8.3s | Prob: A train travels at 73 km/h for... | Ans: 74.71
RL Step 1470 | Loss: -0.0098 | Avg Reward: 0.17 | Time: 8.2s | Prob: A train travels at 45 km/h for... | Ans: 53.5
RL Step 1471 | Loss: 0.0000 | Avg Reward: -0.10 | Time: 8.3s | Prob: A train travels at 48 km/h for... | Ans: 76.57
RL Step 1472 | Loss: 0.0001 | Avg Reward: -0.10 | Time: 8.2s | Prob: A train travels at 75 km/h for... | Ans: 67.5
RL Step 1473 | Loss: -0.0020 | Avg Reward: 0.17 | Time: 8.1s | Prob: A train travels at 63 km/h for... | Ans: 81.5
RL Step 1474 | Loss: 0.0002 | Avg Reward: -0.10 | Time: 8.1s | Prob: A train travels at 77 km/h for... | Ans: 79.0
RL Step 1475 | Loss: 0.0002 | Avg Reward: -0.10 | Time: 8.3s | Prob: A train travels at 68 km/h for... | Ans: 73.78
RL Step 1476 | Loss: 0.0000 | Avg Reward: -0.10 | Time: 8.3s | Prob: A train travels at 42 km/h for... | Ans: 54.22
RL Step 1477 | Loss: 0.0000 | Avg Reward: -0.10 | Time: 8.1s | Prob: A train travels at 73 km/h for... | Ans: 72.5
RL Step 1478 | Loss: 0.0001 | Avg Reward: -0.10 | Time: 8.1s | Prob: A train travels at 48 km/h for... | Ans: 61.2
RL Step 1479 | Loss: 0.0001 | Avg Reward: -0.10 | Time: 8.2s | Prob: A train travels at 45 km/h for... | Ans: 74.33
RL Step 1480 | Loss: -0.0000 | Avg Reward: -0.10 | Time: 8.2s | Prob: A train travels at 54 km/h for... | Ans: 57.5
RL Step 1481 | Loss: 0.0001 | Avg Reward: -0.10 | Time: 8.3s | Prob: A train travels at 76 km/h for... | Ans: 67.88
RL Step 1482 | Loss: 0.0001 | Avg Reward: -0.10 | Time: 8.1s | Prob: A train travels at 69 km/h for... | Ans: 82.5
RL Step 1483 | Loss: 0.0001 | Avg Reward: -0.10 | Time: 8.1s | Prob: A train travels at 49 km/h for... | Ans: 66.0
RL Step 1484 | Loss: 0.0000 | Avg Reward: -0.10 | Time: 8.2s | Prob: A train travels at 42 km/h for... | Ans: 59.5
RL Step 1485 | Loss: 0.0001 | Avg Reward: -0.10 | Time: 8.3s | Prob: A train travels at 53 km/h for... | Ans: 67.67
RL Step 1486 | Loss: 0.0000 | Avg Reward: -0.10 | Time: 8.1s | Prob: A train travels at 78 km/h for... | Ans: 77.4
RL Step 1487 | Loss: -0.0000 | Avg Reward: -0.10 | Time: 8.2s | Prob: A train travels at 65 km/h for... | Ans: 75.0
RL Step 1488 | Loss: 0.0001 | Avg Reward: -0.10 | Time: 8.3s | Prob: A train travels at 48 km/h for... | Ans: 60.38
RL Step 1489 | Loss: 0.0001 | Avg Reward: -0.10 | Time: 8.3s | Prob: A train travels at 73 km/h for... | Ans: 74.43
RL Step 1490 | Loss: 0.0001 | Avg Reward: -0.10 | Time: 8.3s | Prob: A train travels at 43 km/h for... | Ans: 58.11
RL Step 1491 | Loss: 0.0001 | Avg Reward: -0.10 | Time: 8.3s | Prob: A train travels at 78 km/h for... | Ans: 75.0
RL Step 1492 | Loss: 0.0001 | Avg Reward: -0.10 | Time: 8.3s | Prob: A train travels at 58 km/h for... | Ans: 59.14
RL Step 1493 | Loss: 0.0000 | Avg Reward: -0.10 | Time: 8.3s | Prob: A train travels at 56 km/h for... | Ans: 78.86
RL Step 1494 | Loss: 0.0001 | Avg Reward: -0.10 | Time: 8.2s | Prob: A train travels at 52 km/h for... | Ans: 78.0
RL Step 1495 | Loss: 0.0001 | Avg Reward: -0.10 | Time: 8.2s | Prob: A train travels at 46 km/h for... | Ans: 64.5
RL Step 1496 | Loss: 0.0001 | Avg Reward: -0.10 | Time: 8.4s | Prob: A train travels at 67 km/h for... | Ans: 76.38
RL Step 1497 | Loss: 0.0001 | Avg Reward: -0.10 | Time: 8.3s | Prob: A train travels at 50 km/h for... | Ans: 59.14
RL Step 1498 | Loss: 0.0001 | Avg Reward: -0.10 | Time: 8.3s | Prob: A train travels at 69 km/h for... | Ans: 69.43
RL Step 1499 | Loss: 0.0001 | Avg Reward: -0.10 | Time: 8.2s | Prob: A train travels at 78 km/h for... | Ans: 88.0
RL Step 1500 | Loss: 0.0004 | Avg Reward: -0.10 | Time: 8.3s | Prob: A train travels at 46 km/h for... | Ans: 73.14
RL Step 1501 | Loss: 0.0002 | Avg Reward: -0.10 | Time: 8.1s | Prob: A train travels at 42 km/h for... | Ans: 61.6
RL Step 1502 | Loss: 0.0000 | Avg Reward: -0.10 | Time: 8.3s | Prob: A train travels at 77 km/h for... | Ans: 74.86
RL Step 1503 | Loss: 0.0001 | Avg Reward: -0.10 | Time: 8.3s | Prob: A train travels at 80 km/h for... | Ans: 78.33
RL Step 1504 | Loss: 0.0137 | Avg Reward: 0.17 | Time: 8.2s | Prob: A train travels at 68 km/h for... | Ans: 83.5
RL Step 1505 | Loss: 0.0000 | Avg Reward: -0.10 | Time: 8.1s | Prob: A train travels at 78 km/h for... | Ans: 84.0
RL Step 1506 | Loss: 0.0002 | Avg Reward: -0.10 | Time: 8.2s | Prob: A train travels at 69 km/h for... | Ans: 66.86
RL Step 1507 | Loss: 0.0001 | Avg Reward: -0.10 | Time: 8.2s | Prob: A train travels at 66 km/h for... | Ans: 70.0
RL Step 1508 | Loss: 0.0000 | Avg Reward: -0.10 | Time: 8.3s | Prob: A train travels at 66 km/h for... | Ans: 78.0
RL Step 1509 | Loss: 0.0001 | Avg Reward: -0.10 | Time: 8.1s | Prob: A train travels at 41 km/h for... | Ans: 56.6
RL Step 1510 | Loss: 0.0000 | Avg Reward: -0.10 | Time: 8.3s | Prob: A train travels at 62 km/h for... | Ans: 65.0
RL Step 1511 | Loss: 0.0001 | Avg Reward: -0.10 | Time: 8.3s | Prob: A train travels at 40 km/h for... | Ans: 71.67
RL Step 1512 | Loss: 0.0001 | Avg Reward: -0.10 | Time: 8.2s | Prob: A train travels at 60 km/h for... | Ans: 75.33
RL Step 1513 | Loss: 0.0039 | Avg Reward: 0.17 | Time: 8.3s | Prob: A train travels at 69 km/h for... | Ans: 79.71
RL Step 1514 | Loss: 0.0001 | Avg Reward: -0.10 | Time: 8.3s | Prob: A train travels at 46 km/h for... | Ans: 72.67
RL Step 1515 | Loss: 0.0001 | Avg Reward: -0.10 | Time: 8.3s | Prob: A train travels at 67 km/h for... | Ans: 81.86
RL Step 1516 | Loss: 0.0001 | Avg Reward: -0.10 | Time: 8.3s | Prob: A train travels at 78 km/h for... | Ans: 81.67
RL Step 1517 | Loss: 0.0002 | Avg Reward: -0.10 | Time: 8.3s | Prob: A train travels at 79 km/h for... | Ans: 87.0
RL Step 1518 | Loss: 0.0001 | Avg Reward: -0.10 | Time: 8.3s | Prob: A train travels at 65 km/h for... | Ans: 71.0
RL Step 1519 | Loss: 0.0000 | Avg Reward: -0.10 | Time: 8.3s | Prob: A train travels at 44 km/h for... | Ans: 54.29
RL Step 1520 | Loss: 0.0059 | Avg Reward: 0.17 | Time: 8.3s | Prob: A train travels at 48 km/h for... | Ans: 58.71
RL Step 1521 | Loss: 0.0000 | Avg Reward: -0.10 | Time: 8.2s | Prob: A train travels at 45 km/h for... | Ans: 50.67
RL Step 1522 | Loss: 0.0001 | Avg Reward: -0.10 | Time: 8.3s | Prob: A train travels at 64 km/h for... | Ans: 63.57
RL Step 1523 | Loss: 0.0001 | Avg Reward: -0.10 | Time: 8.3s | Prob: A train travels at 50 km/h for... | Ans: 69.29
RL Step 1524 | Loss: 0.0117 | Avg Reward: 0.17 | Time: 8.1s | Prob: A train travels at 68 km/h for... | Ans: 70.5
RL Step 1525 | Loss: 0.0001 | Avg Reward: -0.10 | Time: 8.3s | Prob: A train travels at 76 km/h for... | Ans: 85.43
RL Step 1526 | Loss: 0.0000 | Avg Reward: -0.10 | Time: 8.1s | Prob: A train travels at 79 km/h for... | Ans: 77.0
RL Step 1527 | Loss: 0.0000 | Avg Reward: -0.10 | Time: 8.3s | Prob: A train travels at 40 km/h for... | Ans: 52.89
RL Step 1528 | Loss: 0.0003 | Avg Reward: -0.10 | Time: 8.1s | Prob: A train travels at 54 km/h for... | Ans: 56.4
RL Step 1529 | Loss: 0.0001 | Avg Reward: -0.10 | Time: 8.3s | Prob: A train travels at 57 km/h for... | Ans: 68.62
RL Step 1530 | Loss: 0.0001 | Avg Reward: -0.10 | Time: 8.3s | Prob: A train travels at 45 km/h for... | Ans: 65.0
RL Step 1531 | Loss: 0.0001 | Avg Reward: -0.10 | Time: 8.2s | Prob: A train travels at 70 km/h for... | Ans: 80.8
RL Step 1532 | Loss: 0.0001 | Avg Reward: -0.10 | Time: 8.3s | Prob: A train travels at 61 km/h for... | Ans: 62.71
RL Step 1533 | Loss: 0.0001 | Avg Reward: -0.10 | Time: 8.2s | Prob: A train travels at 41 km/h for... | Ans: 51.5
RL Step 1534 | Loss: 0.0000 | Avg Reward: -0.10 | Time: 8.3s | Prob: A train travels at 78 km/h for... | Ans: 82.38
RL Step 1535 | Loss: 0.0001 | Avg Reward: -0.10 | Time: 8.3s | Prob: A train travels at 79 km/h for... | Ans: 68.44
RL Step 1536 | Loss: 0.0078 | Avg Reward: 0.17 | Time: 8.3s | Prob: A train travels at 43 km/h for... | Ans: 73.71
RL Step 1537 | Loss: 0.0001 | Avg Reward: -0.10 | Time: 8.2s | Prob: A train travels at 68 km/h for... | Ans: 74.0
RL Step 1538 | Loss: 0.0000 | Avg Reward: -0.10 | Time: 8.2s | Prob: A train travels at 54 km/h for... | Ans: 71.4
RL Step 1539 | Loss: 0.0001 | Avg Reward: -0.10 | Time: 8.2s | Prob: A train travels at 73 km/h for... | Ans: 78.6
RL Step 1540 | Loss: 0.0000 | Avg Reward: -0.10 | Time: 8.2s | Prob: A train travels at 52 km/h for... | Ans: 73.33
RL Step 1541 | Loss: 0.0001 | Avg Reward: -0.10 | Time: 8.3s | Prob: A train travels at 67 km/h for... | Ans: 79.86
RL Step 1542 | Loss: 0.0001 | Avg Reward: -0.10 | Time: 8.2s | Prob: A train travels at 44 km/h for... | Ans: 62.89
RL Step 1543 | Loss: 0.0001 | Avg Reward: -0.10 | Time: 8.1s | Prob: A train travels at 75 km/h for... | Ans: 68.4
RL Step 1544 | Loss: 0.0000 | Avg Reward: -0.10 | Time: 8.2s | Prob: A train travels at 65 km/h for... | Ans: 79.67
RL Step 1545 | Loss: -0.0078 | Avg Reward: 0.17 | Time: 8.2s | Prob: A train travels at 80 km/h for... | Ans: 79.14
RL Step 1546 | Loss: 0.0001 | Avg Reward: -0.10 | Time: 8.2s | Prob: A train travels at 74 km/h for... | Ans: 70.0
RL Step 1547 | Loss: 0.0000 | Avg Reward: -0.10 | Time: 8.3s | Prob: A train travels at 47 km/h for... | Ans: 75.57
RL Step 1548 | Loss: 0.0001 | Avg Reward: -0.10 | Time: 8.3s | Prob: A train travels at 76 km/h for... | Ans: 76.43
RL Step 1549 | Loss: 0.0001 | Avg Reward: -0.10 | Time: 8.3s | Prob: A train travels at 79 km/h for... | Ans: 78.44
RL Step 1550 | Loss: 0.0002 | Avg Reward: -0.10 | Time: 8.1s | Prob: A train travels at 53 km/h for... | Ans: 61.0
RL Step 1551 | Loss: 0.0000 | Avg Reward: -0.10 | Time: 8.3s | Prob: A train travels at 59 km/h for... | Ans: 70.25
RL Step 1552 | Loss: 0.0000 | Avg Reward: -0.10 | Time: 8.3s | Prob: A train travels at 49 km/h for... | Ans: 60.11
RL Step 1553 | Loss: 0.0001 | Avg Reward: -0.10 | Time: 8.3s | Prob: A train travels at 79 km/h for... | Ans: 70.88
RL Step 1554 | Loss: 0.0002 | Avg Reward: -0.10 | Time: 8.1s | Prob: A train travels at 50 km/h for... | Ans: 67.0
RL Step 1555 | Loss: 0.0001 | Avg Reward: -0.10 | Time: 8.3s | Prob: A train travels at 46 km/h for... | Ans: 58.78
RL Step 1556 | Loss: -0.0000 | Avg Reward: -0.10 | Time: 8.2s | Prob: A train travels at 70 km/h for... | Ans: 85.0
RL Step 1557 | Loss: 0.0000 | Avg Reward: -0.10 | Time: 8.2s | Prob: A train travels at 76 km/h for... | Ans: 84.89
RL Step 1558 | Loss: 0.0000 | Avg Reward: -0.10 | Time: 8.2s | Prob: A train travels at 49 km/h for... | Ans: 74.5
RL Step 1559 | Loss: 0.0002 | Avg Reward: -0.10 | Time: 8.3s | Prob: A train travels at 49 km/h for... | Ans: 71.78
RL Step 1560 | Loss: 0.0117 | Avg Reward: 0.17 | Time: 8.3s | Prob: A train travels at 54 km/h for... | Ans: 78.0
RL Step 1561 | Loss: 0.0001 | Avg Reward: -0.10 | Time: 8.2s | Prob: A train travels at 68 km/h for... | Ans: 65.43
RL Step 1562 | Loss: 0.0001 | Avg Reward: -0.10 | Time: 8.3s | Prob: A train travels at 56 km/h for... | Ans: 70.86
RL Step 1563 | Loss: 0.0001 | Avg Reward: -0.10 | Time: 8.3s | Prob: A train travels at 75 km/h for... | Ans: 74.43
RL Step 1564 | Loss: 0.0000 | Avg Reward: -0.10 | Time: 8.2s | Prob: A train travels at 70 km/h for... | Ans: 77.12
RL Step 1565 | Loss: 0.0000 | Avg Reward: -0.10 | Time: 8.1s | Prob: A train travels at 63 km/h for... | Ans: 82.2
RL Step 1566 | Loss: 0.0002 | Avg Reward: -0.10 | Time: 8.3s | Prob: A train travels at 60 km/h for... | Ans: 78.67
RL Step 1567 | Loss: 0.0001 | Avg Reward: -0.10 | Time: 8.2s | Prob: A train travels at 64 km/h for... | Ans: 63.57
RL Step 1568 | Loss: 0.0001 | Avg Reward: -0.10 | Time: 8.2s | Prob: A train travels at 77 km/h for... | Ans: 81.4
RL Step 1569 | Loss: 0.0001 | Avg Reward: -0.10 | Time: 8.3s | Prob: A train travels at 46 km/h for... | Ans: 65.43
RL Step 1570 | Loss: 0.0002 | Avg Reward: -0.10 | Time: 8.4s | Prob: A train travels at 56 km/h for... | Ans: 69.78
RL Step 1571 | Loss: 0.0000 | Avg Reward: -0.10 | Time: 8.3s | Prob: A train travels at 64 km/h for... | Ans: 62.67
RL Step 1572 | Loss: 0.0000 | Avg Reward: -0.10 | Time: 8.3s | Prob: A train travels at 59 km/h for... | Ans: 69.29
RL Step 1573 | Loss: 0.0001 | Avg Reward: -0.10 | Time: 8.3s | Prob: A train travels at 50 km/h for... | Ans: 61.88
RL Step 1574 | Loss: 0.0000 | Avg Reward: -0.10 | Time: 8.2s | Prob: A train travels at 78 km/h for... | Ans: 74.67
RL Step 1575 | Loss: 0.0001 | Avg Reward: -0.10 | Time: 8.1s | Prob: A train travels at 71 km/h for... | Ans: 67.0
RL Step 1576 | Loss: 0.0001 | Avg Reward: -0.10 | Time: 8.2s | Prob: A train travels at 72 km/h for... | Ans: 76.5
RL Step 1577 | Loss: 0.0000 | Avg Reward: -0.10 | Time: 8.3s | Prob: A train travels at 53 km/h for... | Ans: 61.0
RL Step 1578 | Loss: 0.0001 | Avg Reward: -0.10 | Time: 8.3s | Prob: A train travels at 72 km/h for... | Ans: 69.86
RL Step 1579 | Loss: 0.0002 | Avg Reward: -0.10 | Time: 8.3s | Prob: A train travels at 50 km/h for... | Ans: 74.0
RL Step 1580 | Loss: 0.0001 | Avg Reward: -0.10 | Time: 8.1s | Prob: A train travels at 72 km/h for... | Ans: 69.0
RL Step 1581 | Loss: 0.0002 | Avg Reward: -0.10 | Time: 8.2s | Prob: A train travels at 58 km/h for... | Ans: 69.2
RL Step 1582 | Loss: 0.0003 | Avg Reward: -0.10 | Time: 8.3s | Prob: A train travels at 72 km/h for... | Ans: 69.86
RL Step 1583 | Loss: 0.0002 | Avg Reward: -0.10 | Time: 8.2s | Prob: A train travels at 41 km/h for... | Ans: 56.0
RL Step 1584 | Loss: 0.0001 | Avg Reward: -0.10 | Time: 8.1s | Prob: A train travels at 45 km/h for... | Ans: 55.0
RL Step 1585 | Loss: 0.0000 | Avg Reward: -0.10 | Time: 8.2s | Prob: A train travels at 58 km/h for... | Ans: 61.86
RL Step 1586 | Loss: 0.0001 | Avg Reward: -0.10 | Time: 8.2s | Prob: A train travels at 77 km/h for... | Ans: 73.5
RL Step 1587 | Loss: 0.0000 | Avg Reward: -0.10 | Time: 8.1s | Prob: A train travels at 75 km/h for... | Ans: 82.2
RL Step 1588 | Loss: 0.0002 | Avg Reward: -0.10 | Time: 8.3s | Prob: A train travels at 67 km/h for... | Ans: 75.0
RL Step 1589 | Loss: 0.0002 | Avg Reward: -0.10 | Time: 8.3s | Prob: A train travels at 41 km/h for... | Ans: 56.67
RL Step 1590 | Loss: 0.0001 | Avg Reward: -0.10 | Time: 8.1s | Prob: A train travels at 52 km/h for... | Ans: 61.2
RL Step 1591 | Loss: 0.0001 | Avg Reward: -0.10 | Time: 8.3s | Prob: A train travels at 47 km/h for... | Ans: 65.33
RL Step 1592 | Loss: 0.0001 | Avg Reward: -0.10 | Time: 8.1s | Prob: A train travels at 61 km/h for... | Ans: 83.2
RL Step 1593 | Loss: 0.0001 | Avg Reward: -0.10 | Time: 8.2s | Prob: A train travels at 63 km/h for... | Ans: 64.67
RL Step 1594 | Loss: 0.0156 | Avg Reward: 0.17 | Time: 8.1s | Prob: A train travels at 47 km/h for... | Ans: 56.5
RL Step 1595 | Loss: 0.0001 | Avg Reward: -0.10 | Time: 8.1s | Prob: A train travels at 53 km/h for... | Ans: 68.6
RL Step 1596 | Loss: 0.0078 | Avg Reward: 0.17 | Time: 8.1s | Prob: A train travels at 51 km/h for... | Ans: 69.6
RL Step 1597 | Loss: 0.0000 | Avg Reward: -0.10 | Time: 8.3s | Prob: A train travels at 80 km/h for... | Ans: 81.12
RL Step 1598 | Loss: 0.0001 | Avg Reward: -0.10 | Time: 8.3s | Prob: A train travels at 60 km/h for... | Ans: 74.38
RL Step 1599 | Loss: 0.0001 | Avg Reward: -0.10 | Time: 8.3s | Prob: A train travels at 55 km/h for... | Ans: 67.0
RL Step 1600 | Loss: 0.0003 | Avg Reward: -0.10 | Time: 8.1s | Prob: A train travels at 61 km/h for... | Ans: 79.0
Saving RL Checkpoint at step 1600...
RL Step 1601 | Loss: 0.0000 | Avg Reward: -0.10 | Time: 8.2s | Prob: A train travels at 42 km/h for... | Ans: 62.0
RL Step 1602 | Loss: 0.0001 | Avg Reward: -0.10 | Time: 8.3s | Prob: A train travels at 61 km/h for... | Ans: 63.78
RL Step 1603 | Loss: 0.0001 | Avg Reward: -0.10 | Time: 8.2s | Prob: A train travels at 58 km/h for... | Ans: 65.33
RL Step 1604 | Loss: 0.0000 | Avg Reward: -0.10 | Time: 8.2s | Prob: A train travels at 65 km/h for... | Ans: 66.0
RL Step 1605 | Loss: 0.0078 | Avg Reward: 0.17 | Time: 8.2s | Prob: A train travels at 64 km/h for... | Ans: 79.0
RL Step 1606 | Loss: 0.0001 | Avg Reward: -0.10 | Time: 8.1s | Prob: A train travels at 57 km/h for... | Ans: 58.6
RL Step 1607 | Loss: 0.0002 | Avg Reward: -0.10 | Time: 8.3s | Prob: A train travels at 42 km/h for... | Ans: 55.43
RL Step 1608 | Loss: 0.0001 | Avg Reward: -0.10 | Time: 8.2s | Prob: A train travels at 44 km/h for... | Ans: 63.0
RL Step 1609 | Loss: 0.0000 | Avg Reward: -0.10 | Time: 8.1s | Prob: A train travels at 55 km/h for... | Ans: 75.5
RL Step 1610 | Loss: 0.0001 | Avg Reward: -0.10 | Time: 8.2s | Prob: A train travels at 64 km/h for... | Ans: 62.29
RL Step 1611 | Loss: 0.0001 | Avg Reward: -0.10 | Time: 8.1s | Prob: A train travels at 80 km/h for... | Ans: 86.6
RL Step 1612 | Loss: 0.0000 | Avg Reward: -0.10 | Time: 8.2s | Prob: A train travels at 61 km/h for... | Ans: 63.57
RL Step 1613 | Loss: 0.0001 | Avg Reward: -0.10 | Time: 8.2s | Prob: A train travels at 53 km/h for... | Ans: 71.0
RL Step 1614 | Loss: 0.0001 | Avg Reward: -0.10 | Time: 8.3s | Prob: A train travels at 48 km/h for... | Ans: 59.11
RL Step 1615 | Loss: 0.0391 | Avg Reward: 0.17 | Time: 8.3s | Prob: A train travels at 40 km/h for... | Ans: 56.67
RL Step 1616 | Loss: 0.0000 | Avg Reward: -0.10 | Time: 8.3s | Prob: A train travels at 71 km/h for... | Ans: 72.5
RL Step 1617 | Loss: 0.0001 | Avg Reward: -0.10 | Time: 8.2s | Prob: A train travels at 76 km/h for... | Ans: 73.2
RL Step 1618 | Loss: 0.0001 | Avg Reward: -0.10 | Time: 8.2s | Prob: A train travels at 42 km/h for... | Ans: 52.0
RL Step 1619 | Loss: 0.0000 | Avg Reward: -0.10 | Time: 8.2s | Prob: A train travels at 73 km/h for... | Ans: 68.71
RL Step 1620 | Loss: 0.0195 | Avg Reward: 0.17 | Time: 8.1s | Prob: A train travels at 48 km/h for... | Ans: 57.5
RL Step 1621 | Loss: 0.0002 | Avg Reward: -0.10 | Time: 8.3s | Prob: A train travels at 56 km/h for... | Ans: 68.57
RL Step 1622 | Loss: 0.0137 | Avg Reward: 0.17 | Time: 8.2s | Prob: A train travels at 69 km/h for... | Ans: 84.5
RL Step 1623 | Loss: 0.0001 | Avg Reward: -0.10 | Time: 8.1s | Prob: A train travels at 71 km/h for... | Ans: 75.0
RL Step 1624 | Loss: 0.0001 | Avg Reward: -0.10 | Time: 8.3s | Prob: A train travels at 48 km/h for... | Ans: 68.57
RL Step 1625 | Loss: -0.0059 | Avg Reward: 0.17 | Time: 8.1s | Prob: A train travels at 72 km/h for... | Ans: 79.0
RL Step 1626 | Loss: 0.0001 | Avg Reward: -0.10 | Time: 8.2s | Prob: A train travels at 68 km/h for... | Ans: 62.67
RL Step 1627 | Loss: -0.0000 | Avg Reward: -0.10 | Time: 8.3s | Prob: A train travels at 43 km/h for... | Ans: 56.43
RL Step 1628 | Loss: 0.0001 | Avg Reward: -0.10 | Time: 8.2s | Prob: A train travels at 79 km/h for... | Ans: 82.5
RL Step 1629 | Loss: 0.0001 | Avg Reward: -0.10 | Time: 8.1s | Prob: A train travels at 68 km/h for... | Ans: 72.33
RL Step 1630 | Loss: 0.0001 | Avg Reward: -0.10 | Time: 8.3s | Prob: A train travels at 50 km/h for... | Ans: 65.86
RL Step 1631 | Loss: 0.0001 | Avg Reward: -0.10 | Time: 8.2s | Prob: A train travels at 78 km/h for... | Ans: 74.88
RL Step 1632 | Loss: 0.0000 | Avg Reward: -0.10 | Time: 8.2s | Prob: A train travels at 62 km/h for... | Ans: 72.5
RL Step 1633 | Loss: 0.0001 | Avg Reward: -0.10 | Time: 8.1s | Prob: A train travels at 42 km/h for... | Ans: 57.0
RL Step 1634 | Loss: 0.0002 | Avg Reward: -0.10 | Time: 8.3s | Prob: A train travels at 49 km/h for... | Ans: 66.78
RL Step 1635 | Loss: 0.0000 | Avg Reward: -0.10 | Time: 8.3s | Prob: A train travels at 53 km/h for... | Ans: 66.12
RL Step 1636 | Loss: 0.0001 | Avg Reward: -0.10 | Time: 8.2s | Prob: A train travels at 42 km/h for... | Ans: 64.86
RL Step 1637 | Loss: 0.0000 | Avg Reward: -0.10 | Time: 8.3s | Prob: A train travels at 47 km/h for... | Ans: 56.0
RL Step 1638 | Loss: 0.0001 | Avg Reward: -0.10 | Time: 8.3s | Prob: A train travels at 80 km/h for... | Ans: 85.43
RL Step 1639 | Loss: 0.0001 | Avg Reward: -0.10 | Time: 8.2s | Prob: A train travels at 62 km/h for... | Ans: 74.67
RL Step 1640 | Loss: 0.0001 | Avg Reward: -0.10 | Time: 8.3s | Prob: A train travels at 53 km/h for... | Ans: 59.0
RL Step 1641 | Loss: 0.0000 | Avg Reward: -0.10 | Time: 8.2s | Prob: A train travels at 61 km/h for... | Ans: 71.0
RL Step 1642 | Loss: 0.0001 | Avg Reward: -0.10 | Time: 8.1s | Prob: A train travels at 58 km/h for... | Ans: 63.0
RL Step 1643 | Loss: -0.0000 | Avg Reward: -0.10 | Time: 8.3s | Prob: A train travels at 40 km/h for... | Ans: 60.56
RL Step 1644 | Loss: 0.0002 | Avg Reward: -0.10 | Time: 8.1s | Prob: A train travels at 48 km/h for... | Ans: 76.8
RL Step 1645 | Loss: 0.0003 | Avg Reward: -0.10 | Time: 8.3s | Prob: A train travels at 75 km/h for... | Ans: 78.56
RL Step 1646 | Loss: 0.0001 | Avg Reward: -0.10 | Time: 8.1s | Prob: A train travels at 61 km/h for... | Ans: 60.5
RL Step 1647 | Loss: 0.0001 | Avg Reward: -0.10 | Time: 8.1s | Prob: A train travels at 69 km/h for... | Ans: 84.0
RL Step 1648 | Loss: 0.0001 | Avg Reward: -0.10 | Time: 8.3s | Prob: A train travels at 53 km/h for... | Ans: 57.89
RL Step 1649 | Loss: 0.0000 | Avg Reward: -0.10 | Time: 8.2s | Prob: A train travels at 68 km/h for... | Ans: 67.5
RL Step 1650 | Loss: 0.0001 | Avg Reward: -0.10 | Time: 8.4s | Prob: A train travels at 51 km/h for... | Ans: 74.75
RL Step 1651 | Loss: 0.0001 | Avg Reward: -0.10 | Time: 8.3s | Prob: A train travels at 51 km/h for... | Ans: 59.57
RL Step 1652 | Loss: 0.0001 | Avg Reward: -0.10 | Time: 8.3s | Prob: A train travels at 43 km/h for... | Ans: 60.78
RL Step 1653 | Loss: 0.0001 | Avg Reward: -0.10 | Time: 8.2s | Prob: A train travels at 57 km/h for... | Ans: 61.86
RL Step 1654 | Loss: 0.0001 | Avg Reward: -0.10 | Time: 8.3s | Prob: A train travels at 52 km/h for... | Ans: 60.33
RL Step 1655 | Loss: 0.0000 | Avg Reward: -0.10 | Time: 8.1s | Prob: A train travels at 48 km/h for... | Ans: 62.5
RL Step 1656 | Loss: 0.0000 | Avg Reward: -0.10 | Time: 8.3s | Prob: A train travels at 65 km/h for... | Ans: 76.62
RL Step 1657 | Loss: 0.0000 | Avg Reward: -0.10 | Time: 8.1s | Prob: A train travels at 47 km/h for... | Ans: 59.4
RL Step 1658 | Loss: 0.0001 | Avg Reward: -0.10 | Time: 8.3s | Prob: A train travels at 75 km/h for... | Ans: 85.71
RL Step 1659 | Loss: 0.0000 | Avg Reward: -0.10 | Time: 8.1s | Prob: A train travels at 61 km/h for... | Ans: 66.5
RL Step 1660 | Loss: 0.0002 | Avg Reward: -0.10 | Time: 8.1s | Prob: A train travels at 48 km/h for... | Ans: 63.0
RL Step 1661 | Loss: 0.0000 | Avg Reward: -0.10 | Time: 8.3s | Prob: A train travels at 72 km/h for... | Ans: 74.25
RL Step 1662 | Loss: 0.0001 | Avg Reward: -0.10 | Time: 8.3s | Prob: A train travels at 61 km/h for... | Ans: 69.12
RL Step 1663 | Loss: 0.0000 | Avg Reward: -0.10 | Time: 8.1s | Prob: A train travels at 51 km/h for... | Ans: 62.5
RL Step 1664 | Loss: 0.0000 | Avg Reward: -0.10 | Time: 8.2s | Prob: A train travels at 65 km/h for... | Ans: 65.0
RL Step 1665 | Loss: -0.0137 | Avg Reward: 0.17 | Time: 8.1s | Prob: A train travels at 57 km/h for... | Ans: 66.6
RL Step 1666 | Loss: 0.0000 | Avg Reward: -0.10 | Time: 8.3s | Prob: A train travels at 78 km/h for... | Ans: 82.29
RL Step 1667 | Loss: 0.0001 | Avg Reward: -0.10 | Time: 8.2s | Prob: A train travels at 72 km/h for... | Ans: 70.5
RL Step 1668 | Loss: 0.0001 | Avg Reward: -0.10 | Time: 8.3s | Prob: A train travels at 46 km/h for... | Ans: 57.88
RL Step 1669 | Loss: 0.0002 | Avg Reward: -0.10 | Time: 8.3s | Prob: A train travels at 71 km/h for... | Ans: 75.0
RL Step 1670 | Loss: 0.0156 | Avg Reward: 0.17 | Time: 8.3s | Prob: A train travels at 60 km/h for... | Ans: 62.0
RL Step 1671 | Loss: 0.0001 | Avg Reward: -0.10 | Time: 8.3s | Prob: A train travels at 54 km/h for... | Ans: 58.0
RL Step 1672 | Loss: 0.0000 | Avg Reward: -0.10 | Time: 8.2s | Prob: A train travels at 64 km/h for... | Ans: 69.0
RL Step 1673 | Loss: 0.0000 | Avg Reward: -0.10 | Time: 8.2s | Prob: A train travels at 69 km/h for... | Ans: 76.0
RL Step 1674 | Loss: 0.0001 | Avg Reward: -0.10 | Time: 8.3s | Prob: A train travels at 76 km/h for... | Ans: 79.56
RL Step 1675 | Loss: 0.0001 | Avg Reward: -0.10 | Time: 8.3s | Prob: A train travels at 60 km/h for... | Ans: 66.0
RL Step 1676 | Loss: 0.0001 | Avg Reward: -0.10 | Time: 8.3s | Prob: A train travels at 80 km/h for... | Ans: 81.0
RL Step 1677 | Loss: 0.0001 | Avg Reward: -0.10 | Time: 8.1s | Prob: A train travels at 57 km/h for... | Ans: 75.0
RL Step 1678 | Loss: 0.0001 | Avg Reward: -0.10 | Time: 8.2s | Prob: A train travels at 62 km/h for... | Ans: 78.0
RL Step 1679 | Loss: 0.0001 | Avg Reward: -0.10 | Time: 8.3s | Prob: A train travels at 51 km/h for... | Ans: 72.11
RL Step 1680 | Loss: 0.0002 | Avg Reward: -0.10 | Time: 8.3s | Prob: A train travels at 44 km/h for... | Ans: 62.43
RL Step 1681 | Loss: 0.0002 | Avg Reward: -0.10 | Time: 8.2s | Prob: A train travels at 69 km/h for... | Ans: 70.0
RL Step 1682 | Loss: 0.0078 | Avg Reward: 0.17 | Time: 8.3s | Prob: A train travels at 65 km/h for... | Ans: 83.57
RL Step 1683 | Loss: 0.0000 | Avg Reward: -0.10 | Time: 8.3s | Prob: A train travels at 43 km/h for... | Ans: 53.62
RL Step 1684 | Loss: 0.0001 | Avg Reward: -0.10 | Time: 8.1s | Prob: A train travels at 75 km/h for... | Ans: 72.2
RL Step 1685 | Loss: 0.0001 | Avg Reward: -0.10 | Time: 8.3s | Prob: A train travels at 60 km/h for... | Ans: 62.22
RL Step 1686 | Loss: 0.0000 | Avg Reward: -0.10 | Time: 8.3s | Prob: A train travels at 65 km/h for... | Ans: 64.62
RL Step 1687 | Loss: -0.0000 | Avg Reward: -0.10 | Time: 8.1s | Prob: A train travels at 62 km/h for... | Ans: 69.0
RL Step 1688 | Loss: 0.0001 | Avg Reward: -0.10 | Time: 8.2s | Prob: A train travels at 42 km/h for... | Ans: 75.0
RL Step 1689 | Loss: 0.0000 | Avg Reward: -0.10 | Time: 8.1s | Prob: A train travels at 42 km/h for... | Ans: 70.5
RL Step 1690 | Loss: 0.0001 | Avg Reward: -0.10 | Time: 8.1s | Prob: A train travels at 78 km/h for... | Ans: 85.2
RL Step 1691 | Loss: 0.0001 | Avg Reward: -0.10 | Time: 8.2s | Prob: A train travels at 72 km/h for... | Ans: 84.5
RL Step 1692 | Loss: 0.0001 | Avg Reward: -0.10 | Time: 8.4s | Prob: A train travels at 79 km/h for... | Ans: 80.5
RL Step 1693 | Loss: 0.0000 | Avg Reward: -0.10 | Time: 8.2s | Prob: A train travels at 47 km/h for... | Ans: 66.0
RL Step 1694 | Loss: 0.0001 | Avg Reward: -0.10 | Time: 8.3s | Prob: A train travels at 43 km/h for... | Ans: 67.29
RL Step 1695 | Loss: 0.0001 | Avg Reward: -0.10 | Time: 8.2s | Prob: A train travels at 42 km/h for... | Ans: 66.0
RL Step 1696 | Loss: 0.0001 | Avg Reward: -0.10 | Time: 8.3s | Prob: A train travels at 77 km/h for... | Ans: 79.14
RL Step 1697 | Loss: 0.0001 | Avg Reward: -0.10 | Time: 8.3s | Prob: A train travels at 73 km/h for... | Ans: 73.38
RL Step 1698 | Loss: 0.0001 | Avg Reward: -0.10 | Time: 8.2s | Prob: A train travels at 70 km/h for... | Ans: 81.0
RL Step 1699 | Loss: 0.0001 | Avg Reward: -0.10 | Time: 8.2s | Prob: A train travels at 50 km/h for... | Ans: 56.86
RL Step 1700 | Loss: 0.0001 | Avg Reward: -0.10 | Time: 8.2s | Prob: A train travels at 42 km/h for... | Ans: 49.71
RL Step 1701 | Loss: -0.0098 | Avg Reward: 0.17 | Time: 8.1s | Prob: A train travels at 56 km/h for... | Ans: 64.0
RL Step 1702 | Loss: 0.0001 | Avg Reward: -0.10 | Time: 8.3s | Prob: A train travels at 70 km/h for... | Ans: 78.57
RL Step 1703 | Loss: 0.0002 | Avg Reward: -0.10 | Time: 8.1s | Prob: A train travels at 40 km/h for... | Ans: 67.6
RL Step 1704 | Loss: 0.0078 | Avg Reward: 0.17 | Time: 8.2s | Prob: A train travels at 48 km/h for... | Ans: 65.5
RL Step 1705 | Loss: 0.0000 | Avg Reward: -0.10 | Time: 8.2s | Prob: A train travels at 66 km/h for... | Ans: 67.0
RL Step 1706 | Loss: 0.0000 | Avg Reward: -0.10 | Time: 8.3s | Prob: A train travels at 78 km/h for... | Ans: 79.33
RL Step 1707 | Loss: 0.0002 | Avg Reward: -0.10 | Time: 8.1s | Prob: A train travels at 56 km/h for... | Ans: 59.0
RL Step 1708 | Loss: 0.0001 | Avg Reward: -0.10 | Time: 8.3s | Prob: A train travels at 71 km/h for... | Ans: 78.11
RL Step 1709 | Loss: 0.0039 | Avg Reward: 0.17 | Time: 8.3s | Prob: A train travels at 73 km/h for... | Ans: 86.71
RL Step 1710 | Loss: 0.0039 | Avg Reward: 0.17 | Time: 8.3s | Prob: A train travels at 56 km/h for... | Ans: 84.67
RL Step 1711 | Loss: 0.0000 | Avg Reward: -0.10 | Time: 8.3s | Prob: A train travels at 48 km/h for... | Ans: 57.38
RL Step 1712 | Loss: 0.0001 | Avg Reward: -0.10 | Time: 8.1s | Prob: A train travels at 61 km/h for... | Ans: 80.8
RL Step 1713 | Loss: 0.0001 | Avg Reward: -0.10 | Time: 8.2s | Prob: A train travels at 43 km/h for... | Ans: 61.5
RL Step 1714 | Loss: 0.0002 | Avg Reward: -0.10 | Time: 8.1s | Prob: A train travels at 40 km/h for... | Ans: 74.67
RL Step 1715 | Loss: 0.0001 | Avg Reward: -0.10 | Time: 8.4s | Prob: A train travels at 47 km/h for... | Ans: 58.43
RL Step 1716 | Loss: 0.0000 | Avg Reward: -0.10 | Time: 8.2s | Prob: A train travels at 74 km/h for... | Ans: 70.5
RL Step 1717 | Loss: 0.0000 | Avg Reward: 0.17 | Time: 8.3s | Prob: A train travels at 66 km/h for... | Ans: 70.67
RL Step 1718 | Loss: 0.0001 | Avg Reward: -0.10 | Time: 8.3s | Prob: A train travels at 78 km/h for... | Ans: 91.33
RL Step 1719 | Loss: 0.0001 | Avg Reward: -0.10 | Time: 8.3s | Prob: A train travels at 61 km/h for... | Ans: 66.43
RL Step 1720 | Loss: 0.0001 | Avg Reward: -0.10 | Time: 8.2s | Prob: A train travels at 67 km/h for... | Ans: 71.5
RL Step 1721 | Loss: -0.0000 | Avg Reward: -0.10 | Time: 8.2s | Prob: A train travels at 61 km/h for... | Ans: 62.5
RL Step 1722 | Loss: 0.0001 | Avg Reward: -0.10 | Time: 8.2s | Prob: A train travels at 58 km/h for... | Ans: 76.0
RL Step 1723 | Loss: 0.0039 | Avg Reward: 0.17 | Time: 8.2s | Prob: A train travels at 64 km/h for... | Ans: 73.33
RL Step 1724 | Loss: 0.0156 | Avg Reward: 0.17 | Time: 8.3s | Prob: A train travels at 42 km/h for... | Ans: 65.57
RL Step 1725 | Loss: 0.0002 | Avg Reward: -0.10 | Time: 8.2s | Prob: A train travels at 50 km/h for... | Ans: 77.6
RL Step 1726 | Loss: 0.0000 | Avg Reward: -0.10 | Time: 8.3s | Prob: A train travels at 52 km/h for... | Ans: 62.71
RL Step 1727 | Loss: 0.0001 | Avg Reward: -0.10 | Time: 8.3s | Prob: A train travels at 47 km/h for... | Ans: 64.22
RL Step 1728 | Loss: 0.0000 | Avg Reward: -0.10 | Time: 8.3s | Prob: A train travels at 43 km/h for... | Ans: 58.0
RL Step 1729 | Loss: 0.0002 | Avg Reward: -0.10 | Time: 8.2s | Prob: A train travels at 69 km/h for... | Ans: 79.5
RL Step 1730 | Loss: 0.0001 | Avg Reward: -0.10 | Time: 8.2s | Prob: A train travels at 42 km/h for... | Ans: 57.0
RL Step 1731 | Loss: 0.0001 | Avg Reward: -0.10 | Time: 8.1s | Prob: A train travels at 72 km/h for... | Ans: 77.6
RL Step 1732 | Loss: 0.0001 | Avg Reward: -0.10 | Time: 8.2s | Prob: A train travels at 79 km/h for... | Ans: 73.38
RL Step 1733 | Loss: 0.0001 | Avg Reward: -0.10 | Time: 8.1s | Prob: A train travels at 65 km/h for... | Ans: 71.8
RL Step 1734 | Loss: 0.0000 | Avg Reward: -0.10 | Time: 8.3s | Prob: A train travels at 67 km/h for... | Ans: 74.71
RL Step 1735 | Loss: -0.0000 | Avg Reward: -0.10 | Time: 8.2s | Prob: A train travels at 74 km/h for... | Ans: 86.67
RL Step 1736 | Loss: 0.0001 | Avg Reward: -0.10 | Time: 8.2s | Prob: A train travels at 57 km/h for... | Ans: 72.0
RL Step 1737 | Loss: 0.0000 | Avg Reward: -0.10 | Time: 8.2s | Prob: A train travels at 57 km/h for... | Ans: 75.0
RL Step 1738 | Loss: 0.0001 | Avg Reward: -0.10 | Time: 8.3s | Prob: A train travels at 75 km/h for... | Ans: 88.12
RL Step 1739 | Loss: 0.0001 | Avg Reward: -0.10 | Time: 8.3s | Prob: A train travels at 52 km/h for... | Ans: 58.29
RL Step 1740 | Loss: 0.0001 | Avg Reward: -0.10 | Time: 8.3s | Prob: A train travels at 46 km/h for... | Ans: 59.43
RL Step 1741 | Loss: 0.0003 | Avg Reward: -0.10 | Time: 8.3s | Prob: A train travels at 47 km/h for... | Ans: 74.78
RL Step 1742 | Loss: 0.0000 | Avg Reward: -0.10 | Time: 8.3s | Prob: A train travels at 49 km/h for... | Ans: 56.56
RL Step 1743 | Loss: 0.0117 | Avg Reward: 0.17 | Time: 8.3s | Prob: A train travels at 50 km/h for... | Ans: 78.57
RL Step 1744 | Loss: 0.0000 | Avg Reward: -0.10 | Time: 8.2s | Prob: A train travels at 66 km/h for... | Ans: 66.43
RL Step 1745 | Loss: 0.0001 | Avg Reward: -0.10 | Time: 8.1s | Prob: A train travels at 55 km/h for... | Ans: 64.5
RL Step 1746 | Loss: 0.0001 | Avg Reward: -0.10 | Time: 8.2s | Prob: A train travels at 49 km/h for... | Ans: 65.0
RL Step 1747 | Loss: 0.0195 | Avg Reward: 0.17 | Time: 8.1s | Prob: A train travels at 49 km/h for... | Ans: 66.0
RL Step 1748 | Loss: 0.0000 | Avg Reward: -0.10 | Time: 8.3s | Prob: A train travels at 42 km/h for... | Ans: 67.0
RL Step 1749 | Loss: 0.0000 | Avg Reward: -0.10 | Time: 8.3s | Prob: A train travels at 69 km/h for... | Ans: 70.12
RL Step 1750 | Loss: 0.0000 | Avg Reward: -0.10 | Time: 8.3s | Prob: A train travels at 46 km/h for... | Ans: 56.22
RL Step 1751 | Loss: 0.0001 | Avg Reward: -0.10 | Time: 8.3s | Prob: A train travels at 45 km/h for... | Ans: 58.71
RL Step 1752 | Loss: 0.0001 | Avg Reward: -0.10 | Time: 8.2s | Prob: A train travels at 63 km/h for... | Ans: 65.57
RL Step 1753 | Loss: 0.0001 | Avg Reward: -0.10 | Time: 8.1s | Prob: A train travels at 61 km/h for... | Ans: 64.6
RL Step 1754 | Loss: 0.0002 | Avg Reward: -0.10 | Time: 8.3s | Prob: A train travels at 73 km/h for... | Ans: 85.0
RL Step 1755 | Loss: 0.0002 | Avg Reward: -0.10 | Time: 8.2s | Prob: A train travels at 56 km/h for... | Ans: 66.86
RL Step 1756 | Loss: 0.0001 | Avg Reward: -0.10 | Time: 8.4s | Prob: A train travels at 54 km/h for... | Ans: 64.0
RL Step 1757 | Loss: 0.0001 | Avg Reward: -0.10 | Time: 8.3s | Prob: A train travels at 79 km/h for... | Ans: 80.14
RL Step 1758 | Loss: 0.0000 | Avg Reward: -0.10 | Time: 8.3s | Prob: A train travels at 63 km/h for... | Ans: 70.5
RL Step 1759 | Loss: 0.0000 | Avg Reward: -0.10 | Time: 8.2s | Prob: A train travels at 67 km/h for... | Ans: 67.62
RL Step 1760 | Loss: 0.0000 | Avg Reward: -0.10 | Time: 8.1s | Prob: A train travels at 68 km/h for... | Ans: 75.0
RL Step 1761 | Loss: 0.0001 | Avg Reward: -0.10 | Time: 8.2s | Prob: A train travels at 61 km/h for... | Ans: 69.4
RL Step 1762 | Loss: 0.0000 | Avg Reward: -0.10 | Time: 8.2s | Prob: A train travels at 48 km/h for... | Ans: 60.0
RL Step 1763 | Loss: 0.0000 | Avg Reward: -0.10 | Time: 8.3s | Prob: A train travels at 50 km/h for... | Ans: 73.75
RL Step 1764 | Loss: 0.0001 | Avg Reward: -0.10 | Time: 8.2s | Prob: A train travels at 47 km/h for... | Ans: 59.0
RL Step 1765 | Loss: 0.0001 | Avg Reward: -0.10 | Time: 8.3s | Prob: A train travels at 55 km/h for... | Ans: 73.89
RL Step 1766 | Loss: 0.0000 | Avg Reward: -0.10 | Time: 8.3s | Prob: A train travels at 44 km/h for... | Ans: 81.86
RL Step 1767 | Loss: 0.0001 | Avg Reward: -0.10 | Time: 8.2s | Prob: A train travels at 58 km/h for... | Ans: 72.0
RL Step 1768 | Loss: 0.0059 | Avg Reward: 0.17 | Time: 8.2s | Prob: A train travels at 78 km/h for... | Ans: 74.57
RL Step 1769 | Loss: 0.0001 | Avg Reward: -0.10 | Time: 8.2s | Prob: A train travels at 64 km/h for... | Ans: 67.0
RL Step 1770 | Loss: 0.0001 | Avg Reward: -0.10 | Time: 8.2s | Prob: A train travels at 72 km/h for... | Ans: 73.0
RL Step 1771 | Loss: 0.0001 | Avg Reward: -0.10 | Time: 8.3s | Prob: A train travels at 51 km/h for... | Ans: 60.38
RL Step 1772 | Loss: 0.0001 | Avg Reward: -0.10 | Time: 8.3s | Prob: A train travels at 55 km/h for... | Ans: 70.62
RL Step 1773 | Loss: 0.0001 | Avg Reward: -0.10 | Time: 8.2s | Prob: A train travels at 64 km/h for... | Ans: 66.0
RL Step 1774 | Loss: 0.0001 | Avg Reward: -0.10 | Time: 8.3s | Prob: A train travels at 60 km/h for... | Ans: 76.0
RL Step 1775 | Loss: 0.0000 | Avg Reward: -0.10 | Time: 8.2s | Prob: A train travels at 65 km/h for... | Ans: 77.0
RL Step 1776 | Loss: 0.0002 | Avg Reward: -0.10 | Time: 8.2s | Prob: A train travels at 68 km/h for... | Ans: 68.86
RL Step 1777 | Loss: -0.0000 | Avg Reward: -0.10 | Time: 8.3s | Prob: A train travels at 80 km/h for... | Ans: 85.25
RL Step 1778 | Loss: 0.0001 | Avg Reward: -0.10 | Time: 8.1s | Prob: A train travels at 73 km/h for... | Ans: 70.5
RL Step 1779 | Loss: -0.0000 | Avg Reward: -0.10 | Time: 8.3s | Prob: A train travels at 61 km/h for... | Ans: 68.78
RL Step 1780 | Loss: 0.0001 | Avg Reward: -0.10 | Time: 8.2s | Prob: A train travels at 50 km/h for... | Ans: 74.5
RL Step 1781 | Loss: 0.0001 | Avg Reward: -0.10 | Time: 8.1s | Prob: A train travels at 65 km/h for... | Ans: 63.5
RL Step 1782 | Loss: 0.0001 | Avg Reward: -0.10 | Time: 8.1s | Prob: A train travels at 67 km/h for... | Ans: 86.2
RL Step 1783 | Loss: 0.0001 | Avg Reward: -0.10 | Time: 8.3s | Prob: A train travels at 65 km/h for... | Ans: 80.43
RL Step 1784 | Loss: 0.0001 | Avg Reward: -0.10 | Time: 8.1s | Prob: A train travels at 62 km/h for... | Ans: 79.0
RL Step 1785 | Loss: 0.0001 | Avg Reward: -0.10 | Time: 8.3s | Prob: A train travels at 64 km/h for... | Ans: 75.25
RL Step 1786 | Loss: 0.0000 | Avg Reward: -0.10 | Time: 8.3s | Prob: A train travels at 75 km/h for... | Ans: 70.0
RL Step 1787 | Loss: 0.0001 | Avg Reward: -0.10 | Time: 8.3s | Prob: A train travels at 61 km/h for... | Ans: 71.0
RL Step 1788 | Loss: 0.0001 | Avg Reward: -0.10 | Time: 8.2s | Prob: A train travels at 44 km/h for... | Ans: 65.71
RL Step 1789 | Loss: 0.0003 | Avg Reward: -0.10 | Time: 8.1s | Prob: A train travels at 71 km/h for... | Ans: 81.5
RL Step 1790 | Loss: -0.0117 | Avg Reward: 0.17 | Time: 8.3s | Prob: A train travels at 65 km/h for... | Ans: 73.67
RL Step 1791 | Loss: 0.0001 | Avg Reward: -0.10 | Time: 8.2s | Prob: A train travels at 67 km/h for... | Ans: 69.67
RL Step 1792 | Loss: 0.0001 | Avg Reward: -0.10 | Time: 8.1s | Prob: A train travels at 70 km/h for... | Ans: 76.5
RL Step 1793 | Loss: 0.0039 | Avg Reward: 0.17 | Time: 8.2s | Prob: A train travels at 41 km/h for... | Ans: 66.0
RL Step 1794 | Loss: 0.0001 | Avg Reward: -0.10 | Time: 8.3s | Prob: A train travels at 66 km/h for... | Ans: 64.22
RL Step 1795 | Loss: 0.0001 | Avg Reward: -0.10 | Time: 8.3s | Prob: A train travels at 51 km/h for... | Ans: 62.11
RL Step 1796 | Loss: 0.0001 | Avg Reward: -0.10 | Time: 8.3s | Prob: A train travels at 68 km/h for... | Ans: 72.44
RL Step 1797 | Loss: 0.0195 | Avg Reward: 0.17 | Time: 8.2s | Prob: A train travels at 75 km/h for... | Ans: 86.5
RL Step 1798 | Loss: 0.0001 | Avg Reward: -0.10 | Time: 8.3s | Prob: A train travels at 52 km/h for... | Ans: 57.71
RL Step 1799 | Loss: 0.0001 | Avg Reward: -0.10 | Time: 8.3s | Prob: A train travels at 57 km/h for... | Ans: 71.29
RL Step 1800 | Loss: 0.0001 | Avg Reward: -0.10 | Time: 8.3s | Prob: A train travels at 59 km/h for... | Ans: 70.43
Saving RL Checkpoint at step 1800...
RL Step 1801 | Loss: 0.0002 | Avg Reward: -0.10 | Time: 8.4s | Prob: A train travels at 51 km/h for... | Ans: 66.0
RL Step 1802 | Loss: 0.0137 | Avg Reward: 0.17 | Time: 8.0s | Prob: A train travels at 52 km/h for... | Ans: 67.5
RL Step 1803 | Loss: 0.0000 | Avg Reward: -0.10 | Time: 8.2s | Prob: A train travels at 60 km/h for... | Ans: 64.29
RL Step 1804 | Loss: 0.0001 | Avg Reward: -0.10 | Time: 8.3s | Prob: A train travels at 45 km/h for... | Ans: 55.22
RL Step 1805 | Loss: 0.0002 | Avg Reward: -0.10 | Time: 8.3s | Prob: A train travels at 74 km/h for... | Ans: 64.71
RL Step 1806 | Loss: 0.0000 | Avg Reward: -0.10 | Time: 8.1s | Prob: A train travels at 52 km/h for... | Ans: 66.4
RL Step 1807 | Loss: -0.0020 | Avg Reward: 0.17 | Time: 8.1s | Prob: A train travels at 75 km/h for... | Ans: 73.0
RL Step 1808 | Loss: 0.0001 | Avg Reward: -0.10 | Time: 8.2s | Prob: A train travels at 79 km/h for... | Ans: 83.0
RL Step 1809 | Loss: 0.0002 | Avg Reward: -0.10 | Time: 8.1s | Prob: A train travels at 43 km/h for... | Ans: 58.0
RL Step 1810 | Loss: 0.0001 | Avg Reward: -0.10 | Time: 8.3s | Prob: A train travels at 65 km/h for... | Ans: 66.71
RL Step 1811 | Loss: 0.0000 | Avg Reward: -0.10 | Time: 8.3s | Prob: A train travels at 47 km/h for... | Ans: 52.33
RL Step 1812 | Loss: 0.0003 | Avg Reward: -0.10 | Time: 8.3s | Prob: A train travels at 74 km/h for... | Ans: 80.38
RL Step 1813 | Loss: 0.0002 | Avg Reward: -0.10 | Time: 8.3s | Prob: A train travels at 49 km/h for... | Ans: 56.86
RL Step 1814 | Loss: 0.0001 | Avg Reward: -0.10 | Time: 8.1s | Prob: A train travels at 47 km/h for... | Ans: 69.67
RL Step 1815 | Loss: 0.0001 | Avg Reward: -0.10 | Time: 8.3s | Prob: A train travels at 72 km/h for... | Ans: 86.0
RL Step 1816 | Loss: 0.0001 | Avg Reward: -0.10 | Time: 8.1s | Prob: A train travels at 57 km/h for... | Ans: 68.0
RL Step 1817 | Loss: 0.0000 | Avg Reward: -0.10 | Time: 8.3s | Prob: A train travels at 74 km/h for... | Ans: 69.0
RL Step 1818 | Loss: 0.0001 | Avg Reward: -0.10 | Time: 8.3s | Prob: A train travels at 72 km/h for... | Ans: 78.33
RL Step 1819 | Loss: 0.0002 | Avg Reward: -0.10 | Time: 8.3s | Prob: A train travels at 46 km/h for... | Ans: 58.86
RL Step 1820 | Loss: 0.0002 | Avg Reward: -0.10 | Time: 8.1s | Prob: A train travels at 47 km/h for... | Ans: 56.2
RL Step 1821 | Loss: 0.0002 | Avg Reward: -0.10 | Time: 8.2s | Prob: A train travels at 45 km/h for... | Ans: 79.67
RL Step 1822 | Loss: 0.0002 | Avg Reward: -0.10 | Time: 8.3s | Prob: A train travels at 50 km/h for... | Ans: 69.5
RL Step 1823 | Loss: 0.0002 | Avg Reward: -0.10 | Time: 8.3s | Prob: A train travels at 61 km/h for... | Ans: 77.57
RL Step 1824 | Loss: 0.0000 | Avg Reward: -0.10 | Time: 8.3s | Prob: A train travels at 53 km/h for... | Ans: 57.86
RL Step 1825 | Loss: 0.0001 | Avg Reward: -0.10 | Time: 8.2s | Prob: A train travels at 49 km/h for... | Ans: 65.67
RL Step 1826 | Loss: 0.0001 | Avg Reward: -0.10 | Time: 8.3s | Prob: A train travels at 60 km/h for... | Ans: 80.62
RL Step 1827 | Loss: 0.0000 | Avg Reward: -0.10 | Time: 8.3s | Prob: A train travels at 58 km/h for... | Ans: 67.38
RL Step 1828 | Loss: 0.0001 | Avg Reward: -0.10 | Time: 8.2s | Prob: A train travels at 71 km/h for... | Ans: 77.0
RL Step 1829 | Loss: -0.0000 | Avg Reward: -0.10 | Time: 8.2s | Prob: A train travels at 53 km/h for... | Ans: 59.67
RL Step 1830 | Loss: 0.0002 | Avg Reward: -0.10 | Time: 8.1s | Prob: A train travels at 40 km/h for... | Ans: 60.5
RL Step 1831 | Loss: 0.0002 | Avg Reward: -0.10 | Time: 8.2s | Prob: A train travels at 40 km/h for... | Ans: 55.0
RL Step 1832 | Loss: 0.0001 | Avg Reward: -0.10 | Time: 8.2s | Prob: A train travels at 76 km/h for... | Ans: 86.0
RL Step 1833 | Loss: 0.0002 | Avg Reward: -0.10 | Time: 8.1s | Prob: A train travels at 51 km/h for... | Ans: 62.0
RL Step 1834 | Loss: 0.0001 | Avg Reward: -0.10 | Time: 8.3s | Prob: A train travels at 42 km/h for... | Ans: 51.78
RL Step 1835 | Loss: 0.0000 | Avg Reward: -0.10 | Time: 8.2s | Prob: A train travels at 64 km/h for... | Ans: 63.0
RL Step 1836 | Loss: 0.0001 | Avg Reward: -0.10 | Time: 8.2s | Prob: A train travels at 69 km/h for... | Ans: 68.5
RL Step 1837 | Loss: 0.0000 | Avg Reward: -0.10 | Time: 8.1s | Prob: A train travels at 41 km/h for... | Ans: 55.4
RL Step 1838 | Loss: 0.0001 | Avg Reward: -0.10 | Time: 8.4s | Prob: A train travels at 64 km/h for... | Ans: 76.44
RL Step 1839 | Loss: 0.0000 | Avg Reward: -0.10 | Time: 8.3s | Prob: A train travels at 45 km/h for... | Ans: 52.11
RL Step 1840 | Loss: 0.0001 | Avg Reward: -0.10 | Time: 8.1s | Prob: A train travels at 77 km/h for... | Ans: 72.0
RL Step 1841 | Loss: 0.0001 | Avg Reward: -0.10 | Time: 8.2s | Prob: A train travels at 40 km/h for... | Ans: 51.62
RL Step 1842 | Loss: -0.0000 | Avg Reward: -0.10 | Time: 8.3s | Prob: A train travels at 46 km/h for... | Ans: 61.0
RL Step 1843 | Loss: -0.0000 | Avg Reward: -0.10 | Time: 8.1s | Prob: A train travels at 74 km/h for... | Ans: 81.0
RL Step 1844 | Loss: 0.0001 | Avg Reward: -0.10 | Time: 8.3s | Prob: A train travels at 58 km/h for... | Ans: 63.71
RL Step 1845 | Loss: 0.0000 | Avg Reward: -0.10 | Time: 8.2s | Prob: A train travels at 57 km/h for... | Ans: 66.5
RL Step 1846 | Loss: 0.0001 | Avg Reward: -0.10 | Time: 8.3s | Prob: A train travels at 44 km/h for... | Ans: 67.89
RL Step 1847 | Loss: 0.0000 | Avg Reward: -0.10 | Time: 8.2s | Prob: A train travels at 71 km/h for... | Ans: 81.0
RL Step 1848 | Loss: 0.0000 | Avg Reward: -0.10 | Time: 8.3s | Prob: A train travels at 44 km/h for... | Ans: 76.0
RL Step 1849 | Loss: 0.0002 | Avg Reward: -0.10 | Time: 8.3s | Prob: A train travels at 72 km/h for... | Ans: 68.57
RL Step 1850 | Loss: 0.0000 | Avg Reward: -0.10 | Time: 8.3s | Prob: A train travels at 62 km/h for... | Ans: 60.86
RL Step 1851 | Loss: 0.0001 | Avg Reward: -0.10 | Time: 8.2s | Prob: A train travels at 80 km/h for... | Ans: 73.6
RL Step 1852 | Loss: 0.0002 | Avg Reward: -0.10 | Time: 8.1s | Prob: A train travels at 62 km/h for... | Ans: 61.0
RL Step 1853 | Loss: 0.0001 | Avg Reward: -0.10 | Time: 8.2s | Prob: A train travels at 41 km/h for... | Ans: 67.5
RL Step 1854 | Loss: 0.0195 | Avg Reward: 0.45 | Time: 8.1s | Prob: A train travels at 49 km/h for... | Ans: 60.0
RL Step 1855 | Loss: 0.0002 | Avg Reward: -0.10 | Time: 8.2s | Prob: A train travels at 65 km/h for... | Ans: 80.0
RL Step 1856 | Loss: 0.0001 | Avg Reward: -0.10 | Time: 8.1s | Prob: A train travels at 44 km/h for... | Ans: 56.0
RL Step 1857 | Loss: -0.0000 | Avg Reward: -0.10 | Time: 8.1s | Prob: A train travels at 46 km/h for... | Ans: 66.0
RL Step 1858 | Loss: 0.0001 | Avg Reward: -0.10 | Time: 8.1s | Prob: A train travels at 66 km/h for... | Ans: 78.8
RL Step 1859 | Loss: 0.0002 | Avg Reward: -0.10 | Time: 8.2s | Prob: A train travels at 40 km/h for... | Ans: 62.8
RL Step 1860 | Loss: 0.0001 | Avg Reward: -0.10 | Time: 8.3s | Prob: A train travels at 59 km/h for... | Ans: 71.44
RL Step 1861 | Loss: 0.0000 | Avg Reward: -0.10 | Time: 8.1s | Prob: A train travels at 43 km/h for... | Ans: 52.0
RL Step 1862 | Loss: 0.0000 | Avg Reward: -0.10 | Time: 8.1s | Prob: A train travels at 75 km/h for... | Ans: 74.0
RL Step 1863 | Loss: 0.0001 | Avg Reward: -0.10 | Time: 8.2s | Prob: A train travels at 79 km/h for... | Ans: 83.0
RL Step 1864 | Loss: 0.0001 | Avg Reward: -0.10 | Time: 8.1s | Prob: A train travels at 55 km/h for... | Ans: 68.0
RL Step 1865 | Loss: 0.0001 | Avg Reward: -0.10 | Time: 8.3s | Prob: A train travels at 40 km/h for... | Ans: 66.25
RL Step 1866 | Loss: 0.0001 | Avg Reward: -0.10 | Time: 8.3s | Prob: A train travels at 42 km/h for... | Ans: 56.29
RL Step 1867 | Loss: 0.0000 | Avg Reward: -0.10 | Time: 8.4s | Prob: A train travels at 69 km/h for... | Ans: 67.12
RL Step 1868 | Loss: 0.0000 | Avg Reward: -0.10 | Time: 8.2s | Prob: A train travels at 76 km/h for... | Ans: 81.62
RL Step 1869 | Loss: -0.0000 | Avg Reward: -0.10 | Time: 8.2s | Prob: A train travels at 49 km/h for... | Ans: 54.5
RL Step 1870 | Loss: 0.0000 | Avg Reward: -0.10 | Time: 8.3s | Prob: A train travels at 48 km/h for... | Ans: 76.57
RL Step 1871 | Loss: 0.0001 | Avg Reward: -0.10 | Time: 8.3s | Prob: A train travels at 49 km/h for... | Ans: 69.56
RL Step 1872 | Loss: 0.0001 | Avg Reward: -0.10 | Time: 8.3s | Prob: A train travels at 51 km/h for... | Ans: 59.44
RL Step 1873 | Loss: 0.0001 | Avg Reward: -0.10 | Time: 8.2s | Prob: A train travels at 48 km/h for... | Ans: 59.5
RL Step 1874 | Loss: 0.0000 | Avg Reward: -0.10 | Time: 8.2s | Prob: A train travels at 50 km/h for... | Ans: 69.38
RL Step 1875 | Loss: 0.0001 | Avg Reward: -0.10 | Time: 8.3s | Prob: A train travels at 44 km/h for... | Ans: 55.67
RL Step 1876 | Loss: 0.0001 | Avg Reward: -0.10 | Time: 8.3s | Prob: A train travels at 78 km/h for... | Ans: 78.56
RL Step 1877 | Loss: 0.0002 | Avg Reward: -0.10 | Time: 8.1s | Prob: A train travels at 46 km/h for... | Ans: 77.2
RL Step 1878 | Loss: 0.0002 | Avg Reward: -0.10 | Time: 8.3s | Prob: A train travels at 47 km/h for... | Ans: 60.43
RL Step 1879 | Loss: 0.0001 | Avg Reward: -0.10 | Time: 8.1s | Prob: A train travels at 46 km/h for... | Ans: 59.67
RL Step 1880 | Loss: 0.0001 | Avg Reward: -0.10 | Time: 8.3s | Prob: A train travels at 50 km/h for... | Ans: 56.0
RL Step 1881 | Loss: 0.0000 | Avg Reward: -0.10 | Time: 8.1s | Prob: A train travels at 67 km/h for... | Ans: 77.8
RL Step 1882 | Loss: 0.0000 | Avg Reward: -0.10 | Time: 8.1s | Prob: A train travels at 44 km/h for... | Ans: 57.2
RL Step 1883 | Loss: 0.0001 | Avg Reward: -0.10 | Time: 8.1s | Prob: A train travels at 52 km/h for... | Ans: 60.4
RL Step 1884 | Loss: 0.0001 | Avg Reward: -0.10 | Time: 8.3s | Prob: A train travels at 51 km/h for... | Ans: 82.33
RL Step 1885 | Loss: 0.0001 | Avg Reward: -0.10 | Time: 8.2s | Prob: A train travels at 68 km/h for... | Ans: 71.86
RL Step 1886 | Loss: 0.0000 | Avg Reward: -0.10 | Time: 8.3s | Prob: A train travels at 44 km/h for... | Ans: 55.14
RL Step 1887 | Loss: 0.0001 | Avg Reward: -0.10 | Time: 8.2s | Prob: A train travels at 68 km/h for... | Ans: 73.14
RL Step 1888 | Loss: -0.0001 | Avg Reward: -0.10 | Time: 8.3s | Prob: A train travels at 52 km/h for... | Ans: 59.88
RL Step 1889 | Loss: 0.0001 | Avg Reward: -0.10 | Time: 8.2s | Prob: A train travels at 52 km/h for... | Ans: 59.5
RL Step 1890 | Loss: 0.0001 | Avg Reward: -0.10 | Time: 8.2s | Prob: A train travels at 77 km/h for... | Ans: 77.67
RL Step 1891 | Loss: 0.0001 | Avg Reward: -0.10 | Time: 8.3s | Prob: A train travels at 65 km/h for... | Ans: 86.43
RL Step 1892 | Loss: 0.0001 | Avg Reward: -0.10 | Time: 8.1s | Prob: A train travels at 59 km/h for... | Ans: 67.0
RL Step 1893 | Loss: 0.0002 | Avg Reward: -0.10 | Time: 8.1s | Prob: A train travels at 60 km/h for... | Ans: 68.5
RL Step 1894 | Loss: 0.0000 | Avg Reward: -0.10 | Time: 8.2s | Prob: A train travels at 70 km/h for... | Ans: 73.6
RL Step 1895 | Loss: 0.0000 | Avg Reward: -0.10 | Time: 8.2s | Prob: A train travels at 41 km/h for... | Ans: 62.5
RL Step 1896 | Loss: 0.0001 | Avg Reward: -0.10 | Time: 8.1s | Prob: A train travels at 62 km/h for... | Ans: 64.0
RL Step 1897 | Loss: -0.0000 | Avg Reward: -0.10 | Time: 8.1s | Prob: A train travels at 49 km/h for... | Ans: 60.0
RL Step 1898 | Loss: 0.0000 | Avg Reward: -0.10 | Time: 8.3s | Prob: A train travels at 52 km/h for... | Ans: 68.0
RL Step 1899 | Loss: 0.0001 | Avg Reward: -0.10 | Time: 8.2s | Prob: A train travels at 58 km/h for... | Ans: 62.0
RL Step 1900 | Loss: 0.0000 | Avg Reward: -0.10 | Time: 8.3s | Prob: A train travels at 68 km/h for... | Ans: 69.14
RL Step 1901 | Loss: 0.0001 | Avg Reward: -0.10 | Time: 8.1s | Prob: A train travels at 55 km/h for... | Ans: 60.2
RL Step 1902 | Loss: 0.0001 | Avg Reward: -0.10 | Time: 8.3s | Prob: A train travels at 54 km/h for... | Ans: 60.43
RL Step 1903 | Loss: 0.0001 | Avg Reward: -0.10 | Time: 8.2s | Prob: A train travels at 79 km/h for... | Ans: 74.12
RL Step 1904 | Loss: 0.0002 | Avg Reward: -0.10 | Time: 8.2s | Prob: A train travels at 53 km/h for... | Ans: 73.5
RL Step 1905 | Loss: 0.0001 | Avg Reward: -0.10 | Time: 8.3s | Prob: A train travels at 50 km/h for... | Ans: 70.0
RL Step 1906 | Loss: 0.0000 | Avg Reward: -0.10 | Time: 8.1s | Prob: A train travels at 49 km/h for... | Ans: 68.5
RL Step 1907 | Loss: 0.0001 | Avg Reward: -0.10 | Time: 8.2s | Prob: A train travels at 47 km/h for... | Ans: 63.0
RL Step 1908 | Loss: 0.0000 | Avg Reward: -0.10 | Time: 8.3s | Prob: A train travels at 72 km/h for... | Ans: 85.33
RL Step 1909 | Loss: 0.0002 | Avg Reward: -0.10 | Time: 8.3s | Prob: A train travels at 41 km/h for... | Ans: 65.29
RL Step 1910 | Loss: 0.0098 | Avg Reward: 0.17 | Time: 8.3s | Prob: A train travels at 74 km/h for... | Ans: 85.33
RL Step 1911 | Loss: 0.0001 | Avg Reward: -0.10 | Time: 8.1s | Prob: A train travels at 55 km/h for... | Ans: 63.0
RL Step 1912 | Loss: 0.0000 | Avg Reward: -0.10 | Time: 8.3s | Prob: A train travels at 55 km/h for... | Ans: 59.38
RL Step 1913 | Loss: 0.0000 | Avg Reward: 0.17 | Time: 8.2s | Prob: A train travels at 44 km/h for... | Ans: 65.0
RL Step 1914 | Loss: 0.0000 | Avg Reward: -0.10 | Time: 8.1s | Prob: A train travels at 63 km/h for... | Ans: 82.8
RL Step 1915 | Loss: 0.0001 | Avg Reward: -0.10 | Time: 8.0s | Prob: A train travels at 44 km/h for... | Ans: 59.5
RL Step 1916 | Loss: 0.0001 | Avg Reward: -0.10 | Time: 8.2s | Prob: A train travels at 65 km/h for... | Ans: 68.5
RL Step 1917 | Loss: 0.0001 | Avg Reward: -0.10 | Time: 8.4s | Prob: A train travels at 48 km/h for... | Ans: 63.75
RL Step 1918 | Loss: 0.0000 | Avg Reward: -0.10 | Time: 8.2s | Prob: A train travels at 78 km/h for... | Ans: 79.0
RL Step 1919 | Loss: 0.0001 | Avg Reward: -0.10 | Time: 8.2s | Prob: A train travels at 50 km/h for... | Ans: 55.5
RL Step 1920 | Loss: 0.0001 | Avg Reward: -0.10 | Time: 8.3s | Prob: A train travels at 70 km/h for... | Ans: 65.43
RL Step 1921 | Loss: 0.0001 | Avg Reward: -0.10 | Time: 8.3s | Prob: A train travels at 73 km/h for... | Ans: 86.57
RL Step 1922 | Loss: 0.0001 | Avg Reward: -0.10 | Time: 8.1s | Prob: A train travels at 49 km/h for... | Ans: 59.5
RL Step 1923 | Loss: -0.0000 | Avg Reward: -0.10 | Time: 8.2s | Prob: A train travels at 64 km/h for... | Ans: 73.5
RL Step 1924 | Loss: -0.0000 | Avg Reward: -0.10 | Time: 8.3s | Prob: A train travels at 78 km/h for... | Ans: 83.14
RL Step 1925 | Loss: 0.0001 | Avg Reward: -0.10 | Time: 8.1s | Prob: A train travels at 69 km/h for... | Ans: 75.0
RL Step 1926 | Loss: 0.0001 | Avg Reward: -0.10 | Time: 8.3s | Prob: A train travels at 78 km/h for... | Ans: 67.71
RL Step 1927 | Loss: 0.0001 | Avg Reward: -0.10 | Time: 8.1s | Prob: A train travels at 49 km/h for... | Ans: 71.0
RL Step 1928 | Loss: 0.0078 | Avg Reward: 0.17 | Time: 8.1s | Prob: A train travels at 58 km/h for... | Ans: 69.5
RL Step 1929 | Loss: 0.0000 | Avg Reward: -0.10 | Time: 8.3s | Prob: A train travels at 72 km/h for... | Ans: 70.12
RL Step 1930 | Loss: 0.0001 | Avg Reward: -0.10 | Time: 8.1s | Prob: A train travels at 53 km/h for... | Ans: 61.5
RL Step 1931 | Loss: 0.0000 | Avg Reward: -0.10 | Time: 8.3s | Prob: A train travels at 69 km/h for... | Ans: 74.62
RL Step 1932 | Loss: 0.0002 | Avg Reward: -0.10 | Time: 8.1s | Prob: A train travels at 69 km/h for... | Ans: 77.5
RL Step 1933 | Loss: -0.0000 | Avg Reward: -0.10 | Time: 8.2s | Prob: A train travels at 44 km/h for... | Ans: 80.67
RL Step 1934 | Loss: -0.0000 | Avg Reward: -0.10 | Time: 8.2s | Prob: A train travels at 43 km/h for... | Ans: 53.22
RL Step 1935 | Loss: 0.0001 | Avg Reward: -0.10 | Time: 8.2s | Prob: A train travels at 57 km/h for... | Ans: 63.25
RL Step 1936 | Loss: 0.0001 | Avg Reward: -0.10 | Time: 8.3s | Prob: A train travels at 61 km/h for... | Ans: 66.33
RL Step 1937 | Loss: 0.0039 | Avg Reward: 0.17 | Time: 8.2s | Prob: A train travels at 51 km/h for... | Ans: 74.5
RL Step 1938 | Loss: 0.0002 | Avg Reward: -0.10 | Time: 8.2s | Prob: A train travels at 42 km/h for... | Ans: 70.57
RL Step 1939 | Loss: 0.0001 | Avg Reward: -0.10 | Time: 8.2s | Prob: A train travels at 48 km/h for... | Ans: 58.0
RL Step 1940 | Loss: 0.0001 | Avg Reward: -0.10 | Time: 8.3s | Prob: A train travels at 71 km/h for... | Ans: 78.5
RL Step 1941 | Loss: 0.0000 | Avg Reward: -0.10 | Time: 8.2s | Prob: A train travels at 43 km/h for... | Ans: 53.5
RL Step 1942 | Loss: 0.0001 | Avg Reward: -0.10 | Time: 8.3s | Prob: A train travels at 51 km/h for... | Ans: 69.33
RL Step 1943 | Loss: 0.0002 | Avg Reward: -0.10 | Time: 8.3s | Prob: A train travels at 73 km/h for... | Ans: 78.33
RL Step 1944 | Loss: 0.0000 | Avg Reward: -0.10 | Time: 8.1s | Prob: A train travels at 59 km/h for... | Ans: 64.5
RL Step 1945 | Loss: 0.0001 | Avg Reward: -0.10 | Time: 8.3s | Prob: A train travels at 57 km/h for... | Ans: 72.43
RL Step 1946 | Loss: 0.0001 | Avg Reward: -0.10 | Time: 8.3s | Prob: A train travels at 72 km/h for... | Ans: 87.0
RL Step 1947 | Loss: 0.0001 | Avg Reward: -0.10 | Time: 8.3s | Prob: A train travels at 52 km/h for... | Ans: 65.33
RL Step 1948 | Loss: 0.0000 | Avg Reward: -0.10 | Time: 8.0s | Prob: A train travels at 72 km/h for... | Ans: 80.0
RL Step 1949 | Loss: 0.0001 | Avg Reward: -0.10 | Time: 8.3s | Prob: A train travels at 50 km/h for... | Ans: 63.67
RL Step 1950 | Loss: 0.0001 | Avg Reward: -0.10 | Time: 8.1s | Prob: A train travels at 74 km/h for... | Ans: 70.4
RL Step 1951 | Loss: 0.0002 | Avg Reward: -0.10 | Time: 8.2s | Prob: A train travels at 46 km/h for... | Ans: 64.0
RL Step 1952 | Loss: 0.0001 | Avg Reward: -0.10 | Time: 8.2s | Prob: A train travels at 47 km/h for... | Ans: 57.5
RL Step 1953 | Loss: 0.0001 | Avg Reward: -0.10 | Time: 8.3s | Prob: A train travels at 42 km/h for... | Ans: 61.0
RL Step 1954 | Loss: 0.0000 | Avg Reward: -0.10 | Time: 8.3s | Prob: A train travels at 58 km/h for... | Ans: 83.62
RL Step 1955 | Loss: 0.0001 | Avg Reward: -0.10 | Time: 8.3s | Prob: A train travels at 61 km/h for... | Ans: 66.56
RL Step 1956 | Loss: 0.0001 | Avg Reward: -0.10 | Time: 8.1s | Prob: A train travels at 42 km/h for... | Ans: 55.0
RL Step 1957 | Loss: -0.0000 | Avg Reward: -0.10 | Time: 8.1s | Prob: A train travels at 73 km/h for... | Ans: 80.5
RL Step 1958 | Loss: 0.0000 | Avg Reward: -0.10 | Time: 8.2s | Prob: A train travels at 52 km/h for... | Ans: 61.5
RL Step 1959 | Loss: 0.0001 | Avg Reward: -0.10 | Time: 8.3s | Prob: A train travels at 45 km/h for... | Ans: 54.38
RL Step 1960 | Loss: 0.0001 | Avg Reward: -0.10 | Time: 8.3s | Prob: A train travels at 70 km/h for... | Ans: 74.71
RL Step 1961 | Loss: 0.0001 | Avg Reward: -0.10 | Time: 8.1s | Prob: A train travels at 54 km/h for... | Ans: 70.0
RL Step 1962 | Loss: 0.0001 | Avg Reward: -0.10 | Time: 8.3s | Prob: A train travels at 45 km/h for... | Ans: 53.86
RL Step 1963 | Loss: 0.0001 | Avg Reward: -0.10 | Time: 8.1s | Prob: A train travels at 73 km/h for... | Ans: 80.6
RL Step 1964 | Loss: 0.0001 | Avg Reward: -0.10 | Time: 8.1s | Prob: A train travels at 61 km/h for... | Ans: 67.4
RL Step 1965 | Loss: -0.0000 | Avg Reward: -0.10 | Time: 8.3s | Prob: A train travels at 71 km/h for... | Ans: 81.12
RL Step 1966 | Loss: 0.0001 | Avg Reward: -0.10 | Time: 8.3s | Prob: A train travels at 71 km/h for... | Ans: 77.22
RL Step 1967 | Loss: 0.0000 | Avg Reward: -0.10 | Time: 8.1s | Prob: A train travels at 80 km/h for... | Ans: 81.2
RL Step 1968 | Loss: 0.0001 | Avg Reward: -0.10 | Time: 8.3s | Prob: A train travels at 65 km/h for... | Ans: 69.44
RL Step 1969 | Loss: 0.0001 | Avg Reward: -0.10 | Time: 8.1s | Prob: A train travels at 63 km/h for... | Ans: 68.0
RL Step 1970 | Loss: 0.0000 | Avg Reward: -0.10 | Time: 8.3s | Prob: A train travels at 47 km/h for... | Ans: 72.71
RL Step 1971 | Loss: -0.0000 | Avg Reward: -0.10 | Time: 8.1s | Prob: A train travels at 65 km/h for... | Ans: 72.5
RL Step 1972 | Loss: 0.0000 | Avg Reward: -0.10 | Time: 8.2s | Prob: A train travels at 45 km/h for... | Ans: 60.0
RL Step 1973 | Loss: 0.0001 | Avg Reward: -0.10 | Time: 8.3s | Prob: A train travels at 43 km/h for... | Ans: 55.86
RL Step 1974 | Loss: 0.0000 | Avg Reward: -0.10 | Time: 8.3s | Prob: A train travels at 68 km/h for... | Ans: 66.33
RL Step 1975 | Loss: 0.0001 | Avg Reward: -0.10 | Time: 8.2s | Prob: A train travels at 64 km/h for... | Ans: 74.67
RL Step 1976 | Loss: 0.0000 | Avg Reward: -0.10 | Time: 8.2s | Prob: A train travels at 45 km/h for... | Ans: 54.5
RL Step 1977 | Loss: 0.0000 | Avg Reward: 0.45 | Time: 8.2s | Prob: A train travels at 54 km/h for... | Ans: 70.0
RL Step 1978 | Loss: 0.0001 | Avg Reward: -0.10 | Time: 8.2s | Prob: A train travels at 40 km/h for... | Ans: 75.33
RL Step 1979 | Loss: 0.0000 | Avg Reward: -0.10 | Time: 8.0s | Prob: A train travels at 62 km/h for... | Ans: 68.6
RL Step 1980 | Loss: 0.0001 | Avg Reward: -0.10 | Time: 8.3s | Prob: A train travels at 45 km/h for... | Ans: 62.33
RL Step 1981 | Loss: 0.0000 | Avg Reward: -0.10 | Time: 8.1s | Prob: A train travels at 47 km/h for... | Ans: 65.4
RL Step 1982 | Loss: 0.0000 | Avg Reward: -0.10 | Time: 8.2s | Prob: A train travels at 61 km/h for... | Ans: 66.71
RL Step 1983 | Loss: 0.0003 | Avg Reward: -0.10 | Time: 8.1s | Prob: A train travels at 61 km/h for... | Ans: 79.0
RL Step 1984 | Loss: 0.0000 | Avg Reward: -0.10 | Time: 8.3s | Prob: A train travels at 79 km/h for... | Ans: 72.33
RL Step 1985 | Loss: 0.0001 | Avg Reward: -0.10 | Time: 8.3s | Prob: A train travels at 74 km/h for... | Ans: 78.38
RL Step 1986 | Loss: 0.0001 | Avg Reward: -0.10 | Time: 8.2s | Prob: A train travels at 59 km/h for... | Ans: 65.0
RL Step 1987 | Loss: 0.0002 | Avg Reward: -0.10 | Time: 8.3s | Prob: A train travels at 50 km/h for... | Ans: 70.0
RL Step 1988 | Loss: 0.0000 | Avg Reward: -0.10 | Time: 8.2s | Prob: A train travels at 74 km/h for... | Ans: 88.67
RL Step 1989 | Loss: 0.0000 | Avg Reward: -0.10 | Time: 8.2s | Prob: A train travels at 43 km/h for... | Ans: 58.75
RL Step 1990 | Loss: 0.0059 | Avg Reward: 0.17 | Time: 8.2s | Prob: A train travels at 45 km/h for... | Ans: 70.71
RL Step 1991 | Loss: 0.0000 | Avg Reward: -0.10 | Time: 8.3s | Prob: A train travels at 60 km/h for... | Ans: 68.89
RL Step 1992 | Loss: 0.0000 | Avg Reward: -0.10 | Time: 8.1s | Prob: A train travels at 63 km/h for... | Ans: 70.5
RL Step 1993 | Loss: 0.0000 | Avg Reward: -0.10 | Time: 8.3s | Prob: A train travels at 73 km/h for... | Ans: 78.78
RL Step 1994 | Loss: 0.0001 | Avg Reward: -0.10 | Time: 8.3s | Prob: A train travels at 47 km/h for... | Ans: 57.71
RL Step 1995 | Loss: 0.0001 | Avg Reward: -0.10 | Time: 8.2s | Prob: A train travels at 61 km/h for... | Ans: 71.71
RL Step 1996 | Loss: 0.0001 | Avg Reward: -0.10 | Time: 8.3s | Prob: A train travels at 80 km/h for... | Ans: 83.14
RL Step 1997 | Loss: 0.0000 | Avg Reward: -0.10 | Time: 8.1s | Prob: A train travels at 72 km/h for... | Ans: 81.0
RL Step 1998 | Loss: 0.0001 | Avg Reward: -0.10 | Time: 8.3s | Prob: A train travels at 61 km/h for... | Ans: 74.29
RL Step 1999 | Loss: 0.0002 | Avg Reward: -0.10 | Time: 8.3s | Prob: A train travels at 68 km/h for... | Ans: 67.38
RL Step 2000 | Loss: 0.0001 | Avg Reward: -0.10 | Time: 8.0s | Prob: A train travels at 62 km/h for... | Ans: 68.4
Saving RL Checkpoint at step 2000...
RL Step 2001 | Loss: 0.0001 | Avg Reward: -0.10 | Time: 8.3s | Prob: A train travels at 53 km/h for... | Ans: 58.0
RL Step 2002 | Loss: 0.0195 | Avg Reward: 0.17 | Time: 8.1s | Prob: A train travels at 46 km/h for... | Ans: 56.0
RL Step 2003 | Loss: 0.0002 | Avg Reward: -0.10 | Time: 8.3s | Prob: A train travels at 61 km/h for... | Ans: 67.22
RL Step 2004 | Loss: 0.0001 | Avg Reward: -0.10 | Time: 8.3s | Prob: A train travels at 47 km/h for... | Ans: 55.89
RL Step 2005 | Loss: 0.0002 | Avg Reward: -0.10 | Time: 8.3s | Prob: A train travels at 40 km/h for... | Ans: 59.43
RL Step 2006 | Loss: 0.0039 | Avg Reward: 0.17 | Time: 8.2s | Prob: A train travels at 51 km/h for... | Ans: 61.5
RL Step 2007 | Loss: 0.0000 | Avg Reward: -0.10 | Time: 8.4s | Prob: A train travels at 51 km/h for... | Ans: 55.44
RL Step 2008 | Loss: 0.0001 | Avg Reward: -0.10 | Time: 8.2s | Prob: A train travels at 75 km/h for... | Ans: 86.5
RL Step 2009 | Loss: 0.0001 | Avg Reward: -0.10 | Time: 8.3s | Prob: A train travels at 65 km/h for... | Ans: 75.29
RL Step 2010 | Loss: 0.0001 | Avg Reward: -0.10 | Time: 8.3s | Prob: A train travels at 52 km/h for... | Ans: 75.57
RL Step 2011 | Loss: 0.0000 | Avg Reward: -0.10 | Time: 8.3s | Prob: A train travels at 45 km/h for... | Ans: 62.14
RL Step 2012 | Loss: 0.0002 | Avg Reward: -0.10 | Time: 8.3s | Prob: A train travels at 46 km/h for... | Ans: 71.71
RL Step 2013 | Loss: -0.0000 | Avg Reward: -0.10 | Time: 8.1s | Prob: A train travels at 57 km/h for... | Ans: 66.0
RL Step 2014 | Loss: 0.0001 | Avg Reward: -0.10 | Time: 8.1s | Prob: A train travels at 74 km/h for... | Ans: 86.0
RL Step 2015 | Loss: 0.0001 | Avg Reward: -0.10 | Time: 8.1s | Prob: A train travels at 70 km/h for... | Ans: 70.6
RL Step 2016 | Loss: 0.0001 | Avg Reward: -0.10 | Time: 8.3s | Prob: A train travels at 78 km/h for... | Ans: 87.0
RL Step 2017 | Loss: -0.0039 | Avg Reward: 0.17 | Time: 8.1s | Prob: A train travels at 43 km/h for... | Ans: 64.5
RL Step 2018 | Loss: 0.0002 | Avg Reward: -0.10 | Time: 8.3s | Prob: A train travels at 69 km/h for... | Ans: 69.0
RL Step 2019 | Loss: 0.0000 | Avg Reward: -0.10 | Time: 8.1s | Prob: A train travels at 77 km/h for... | Ans: 68.5
RL Step 2020 | Loss: 0.0001 | Avg Reward: -0.10 | Time: 8.2s | Prob: A train travels at 66 km/h for... | Ans: 66.5
RL Step 2021 | Loss: 0.0000 | Avg Reward: -0.10 | Time: 8.3s | Prob: A train travels at 62 km/h for... | Ans: 66.71
RL Step 2022 | Loss: -0.0215 | Avg Reward: 0.17 | Time: 8.1s | Prob: A train travels at 71 km/h for... | Ans: 65.5
RL Step 2023 | Loss: 0.0001 | Avg Reward: -0.10 | Time: 8.1s | Prob: A train travels at 68 km/h for... | Ans: 81.0
RL Step 2024 | Loss: 0.0001 | Avg Reward: -0.10 | Time: 8.1s | Prob: A train travels at 77 km/h for... | Ans: 75.2
RL Step 2025 | Loss: 0.0001 | Avg Reward: -0.10 | Time: 8.3s | Prob: A train travels at 68 km/h for... | Ans: 73.56
RL Step 2026 | Loss: 0.0001 | Avg Reward: -0.10 | Time: 8.3s | Prob: A train travels at 57 km/h for... | Ans: 78.71
RL Step 2027 | Loss: 0.0003 | Avg Reward: -0.10 | Time: 8.3s | Prob: A train travels at 40 km/h for... | Ans: 74.38
RL Step 2028 | Loss: 0.0001 | Avg Reward: -0.10 | Time: 8.3s | Prob: A train travels at 44 km/h for... | Ans: 65.43
RL Step 2029 | Loss: -0.0000 | Avg Reward: -0.10 | Time: 8.3s | Prob: A train travels at 79 km/h for... | Ans: 82.75
RL Step 2030 | Loss: 0.0000 | Avg Reward: -0.10 | Time: 8.4s | Prob: A train travels at 48 km/h for... | Ans: 55.5
RL Step 2031 | Loss: 0.0002 | Avg Reward: -0.10 | Time: 8.1s | Prob: A train travels at 57 km/h for... | Ans: 60.5
RL Step 2032 | Loss: 0.0000 | Avg Reward: -0.10 | Time: 8.1s | Prob: A train travels at 67 km/h for... | Ans: 68.5
RL Step 2033 | Loss: 0.0001 | Avg Reward: -0.10 | Time: 8.3s | Prob: A train travels at 56 km/h for... | Ans: 58.57
RL Step 2034 | Loss: 0.0001 | Avg Reward: -0.10 | Time: 8.3s | Prob: A train travels at 55 km/h for... | Ans: 65.86
RL Step 2035 | Loss: 0.0001 | Avg Reward: -0.10 | Time: 8.3s | Prob: A train travels at 63 km/h for... | Ans: 61.75
RL Step 2036 | Loss: 0.0000 | Avg Reward: -0.10 | Time: 8.3s | Prob: A train travels at 69 km/h for... | Ans: 73.57
RL Step 2037 | Loss: 0.0001 | Avg Reward: -0.10 | Time: 8.3s | Prob: A train travels at 55 km/h for... | Ans: 68.71
RL Step 2038 | Loss: 0.0001 | Avg Reward: -0.10 | Time: 8.1s | Prob: A train travels at 67 km/h for... | Ans: 76.0
RL Step 2039 | Loss: 0.0001 | Avg Reward: -0.10 | Time: 8.3s | Prob: A train travels at 64 km/h for... | Ans: 75.11
RL Step 2040 | Loss: -0.0000 | Avg Reward: -0.10 | Time: 8.2s | Prob: A train travels at 76 km/h for... | Ans: 69.5
RL Step 2041 | Loss: 0.0000 | Avg Reward: -0.10 | Time: 8.2s | Prob: A train travels at 58 km/h for... | Ans: 84.0
RL Step 2042 | Loss: 0.0001 | Avg Reward: -0.10 | Time: 8.3s | Prob: A train travels at 73 km/h for... | Ans: 88.0
RL Step 2043 | Loss: 0.0000 | Avg Reward: 0.17 | Time: 8.1s | Prob: A train travels at 60 km/h for... | Ans: 77.5
RL Step 2044 | Loss: 0.0002 | Avg Reward: -0.10 | Time: 8.3s | Prob: A train travels at 73 km/h for... | Ans: 73.0
RL Step 2045 | Loss: 0.0001 | Avg Reward: -0.10 | Time: 8.2s | Prob: A train travels at 60 km/h for... | Ans: 60.0
RL Step 2046 | Loss: 0.0000 | Avg Reward: -0.10 | Time: 8.1s | Prob: A train travels at 78 km/h for... | Ans: 86.4
RL Step 2047 | Loss: -0.0000 | Avg Reward: -0.10 | Time: 8.3s | Prob: A train travels at 63 km/h for... | Ans: 81.89
RL Step 2048 | Loss: 0.0001 | Avg Reward: -0.10 | Time: 8.3s | Prob: A train travels at 76 km/h for... | Ans: 78.86
RL Step 2049 | Loss: 0.0001 | Avg Reward: -0.10 | Time: 8.1s | Prob: A train travels at 78 km/h for... | Ans: 75.6
RL Step 2050 | Loss: 0.0000 | Avg Reward: -0.10 | Time: 8.3s | Prob: A train travels at 61 km/h for... | Ans: 60.38
RL Step 2051 | Loss: 0.0002 | Avg Reward: -0.10 | Time: 8.3s | Prob: A train travels at 41 km/h for... | Ans: 69.89
RL Step 2052 | Loss: 0.0001 | Avg Reward: -0.10 | Time: 8.1s | Prob: A train travels at 75 km/h for... | Ans: 76.0
RL Step 2053 | Loss: 0.0002 | Avg Reward: -0.10 | Time: 8.3s | Prob: A train travels at 69 km/h for... | Ans: 70.14
RL Step 2054 | Loss: 0.0078 | Avg Reward: 0.45 | Time: 8.1s | Prob: A train travels at 69 km/h for... | Ans: 78.5
RL Step 2055 | Loss: 0.0001 | Avg Reward: -0.10 | Time: 8.3s | Prob: A train travels at 48 km/h for... | Ans: 54.0
RL Step 2056 | Loss: 0.0000 | Avg Reward: -0.10 | Time: 8.2s | Prob: A train travels at 67 km/h for... | Ans: 87.71
RL Step 2057 | Loss: -0.0039 | Avg Reward: 0.17 | Time: 8.2s | Prob: A train travels at 53 km/h for... | Ans: 58.2
RL Step 2058 | Loss: 0.0000 | Avg Reward: -0.10 | Time: 8.3s | Prob: A train travels at 45 km/h for... | Ans: 80.71
RL Step 2059 | Loss: 0.0000 | Avg Reward: -0.10 | Time: 8.3s | Prob: A train travels at 69 km/h for... | Ans: 75.67
RL Step 2060 | Loss: -0.0117 | Avg Reward: 0.45 | Time: 8.2s | Prob: A train travels at 55 km/h for... | Ans: 65.0
RL Step 2061 | Loss: 0.0002 | Avg Reward: -0.10 | Time: 8.3s | Prob: A train travels at 69 km/h for... | Ans: 82.71
RL Step 2062 | Loss: 0.0000 | Avg Reward: -0.10 | Time: 8.3s | Prob: A train travels at 41 km/h for... | Ans: 54.71
RL Step 2063 | Loss: 0.0001 | Avg Reward: -0.10 | Time: 8.3s | Prob: A train travels at 68 km/h for... | Ans: 76.89
RL Step 2064 | Loss: 0.0001 | Avg Reward: -0.10 | Time: 8.1s | Prob: A train travels at 61 km/h for... | Ans: 68.6
RL Step 2065 | Loss: 0.0001 | Avg Reward: -0.10 | Time: 8.2s | Prob: A train travels at 74 km/h for... | Ans: 82.8
RL Step 2066 | Loss: 0.0002 | Avg Reward: -0.10 | Time: 8.1s | Prob: A train travels at 70 km/h for... | Ans: 71.5
RL Step 2067 | Loss: 0.0001 | Avg Reward: -0.10 | Time: 8.2s | Prob: A train travels at 60 km/h for... | Ans: 60.5
RL Step 2068 | Loss: 0.0000 | Avg Reward: -0.10 | Time: 8.2s | Prob: A train travels at 63 km/h for... | Ans: 65.5
RL Step 2069 | Loss: 0.0000 | Avg Reward: -0.10 | Time: 8.3s | Prob: A train travels at 48 km/h for... | Ans: 58.33
RL Step 2070 | Loss: 0.0000 | Avg Reward: -0.10 | Time: 8.2s | Prob: A train travels at 78 km/h for... | Ans: 70.0
RL Step 2071 | Loss: 0.0001 | Avg Reward: -0.10 | Time: 8.3s | Prob: A train travels at 69 km/h for... | Ans: 74.62
RL Step 2072 | Loss: -0.0000 | Avg Reward: -0.10 | Time: 8.3s | Prob: A train travels at 69 km/h for... | Ans: 72.0
RL Step 2073 | Loss: 0.0001 | Avg Reward: -0.10 | Time: 8.3s | Prob: A train travels at 52 km/h for... | Ans: 70.33
RL Step 2074 | Loss: 0.0000 | Avg Reward: -0.10 | Time: 8.2s | Prob: A train travels at 53 km/h for... | Ans: 65.0
RL Step 2075 | Loss: 0.0001 | Avg Reward: -0.10 | Time: 8.3s | Prob: A train travels at 52 km/h for... | Ans: 59.78
RL Step 2076 | Loss: 0.0001 | Avg Reward: -0.10 | Time: 8.2s | Prob: A train travels at 79 km/h for... | Ans: 79.6
RL Step 2077 | Loss: 0.0001 | Avg Reward: -0.10 | Time: 8.2s | Prob: A train travels at 76 km/h for... | Ans: 80.57
RL Step 2078 | Loss: 0.0002 | Avg Reward: -0.10 | Time: 8.3s | Prob: A train travels at 73 km/h for... | Ans: 77.0
RL Step 2079 | Loss: 0.0001 | Avg Reward: -0.10 | Time: 8.1s | Prob: A train travels at 77 km/h for... | Ans: 74.6
RL Step 2080 | Loss: 0.0000 | Avg Reward: -0.10 | Time: 8.3s | Prob: A train travels at 53 km/h for... | Ans: 62.29
RL Step 2081 | Loss: 0.0001 | Avg Reward: -0.10 | Time: 8.1s | Prob: A train travels at 73 km/h for... | Ans: 78.0
RL Step 2082 | Loss: -0.0117 | Avg Reward: 0.17 | Time: 8.3s | Prob: A train travels at 51 km/h for... | Ans: 58.33
RL Step 2083 | Loss: 0.0195 | Avg Reward: 0.17 | Time: 8.3s | Prob: A train travels at 69 km/h for... | Ans: 82.75
RL Step 2084 | Loss: 0.0000 | Avg Reward: -0.10 | Time: 8.1s | Prob: A train travels at 67 km/h for... | Ans: 65.0
RL Step 2085 | Loss: 0.0001 | Avg Reward: -0.10 | Time: 8.4s | Prob: A train travels at 46 km/h for... | Ans: 65.56
RL Step 2086 | Loss: 0.0001 | Avg Reward: -0.10 | Time: 8.1s | Prob: A train travels at 51 km/h for... | Ans: 78.0
RL Step 2087 | Loss: 0.0002 | Avg Reward: -0.10 | Time: 8.3s | Prob: A train travels at 44 km/h for... | Ans: 61.71
RL Step 2088 | Loss: 0.0001 | Avg Reward: -0.10 | Time: 8.2s | Prob: A train travels at 67 km/h for... | Ans: 75.5
RL Step 2089 | Loss: 0.0001 | Avg Reward: -0.10 | Time: 8.1s | Prob: A train travels at 41 km/h for... | Ans: 70.0
RL Step 2090 | Loss: 0.0001 | Avg Reward: -0.10 | Time: 8.3s | Prob: A train travels at 58 km/h for... | Ans: 66.44
RL Step 2091 | Loss: 0.0001 | Avg Reward: -0.10 | Time: 8.3s | Prob: A train travels at 73 km/h for... | Ans: 75.25
RL Step 2092 | Loss: -0.0000 | Avg Reward: -0.10 | Time: 8.3s | Prob: A train travels at 53 km/h for... | Ans: 69.88
RL Step 2093 | Loss: 0.0001 | Avg Reward: -0.10 | Time: 8.3s | Prob: A train travels at 42 km/h for... | Ans: 60.86
RL Step 2094 | Loss: 0.0000 | Avg Reward: -0.10 | Time: 8.3s | Prob: A train travels at 79 km/h for... | Ans: 82.89
RL Step 2095 | Loss: 0.0000 | Avg Reward: -0.10 | Time: 8.2s | Prob: A train travels at 52 km/h for... | Ans: 66.38
RL Step 2096 | Loss: 0.0001 | Avg Reward: -0.10 | Time: 8.2s | Prob: A train travels at 77 km/h for... | Ans: 71.0
RL Step 2097 | Loss: 0.0000 | Avg Reward: -0.10 | Time: 8.1s | Prob: A train travels at 71 km/h for... | Ans: 78.2
RL Step 2098 | Loss: 0.0001 | Avg Reward: -0.10 | Time: 8.3s | Prob: A train travels at 59 km/h for... | Ans: 61.67
RL Step 2099 | Loss: 0.0000 | Avg Reward: -0.10 | Time: 8.2s | Prob: A train travels at 77 km/h for... | Ans: 74.0
RL Step 2100 | Loss: -0.0000 | Avg Reward: -0.10 | Time: 8.1s | Prob: A train travels at 46 km/h for... | Ans: 58.0
RL Step 2101 | Loss: 0.0001 | Avg Reward: -0.10 | Time: 8.3s | Prob: A train travels at 40 km/h for... | Ans: 59.11
RL Step 2102 | Loss: 0.0001 | Avg Reward: -0.10 | Time: 8.3s | Prob: A train travels at 69 km/h for... | Ans: 65.14
RL Step 2103 | Loss: 0.0000 | Avg Reward: -0.10 | Time: 8.3s | Prob: A train travels at 61 km/h for... | Ans: 85.29
RL Step 2104 | Loss: 0.0002 | Avg Reward: -0.10 | Time: 8.2s | Prob: A train travels at 79 km/h for... | Ans: 72.2
RL Step 2105 | Loss: 0.0117 | Avg Reward: 0.17 | Time: 8.3s | Prob: A train travels at 62 km/h for... | Ans: 81.29
RL Step 2106 | Loss: 0.0000 | Avg Reward: -0.10 | Time: 8.3s | Prob: A train travels at 65 km/h for... | Ans: 62.71
RL Step 2107 | Loss: 0.0000 | Avg Reward: -0.10 | Time: 8.2s | Prob: A train travels at 44 km/h for... | Ans: 54.29
RL Step 2108 | Loss: 0.0001 | Avg Reward: -0.10 | Time: 8.2s | Prob: A train travels at 62 km/h for... | Ans: 66.0
RL Step 2109 | Loss: 0.0001 | Avg Reward: -0.10 | Time: 8.3s | Prob: A train travels at 50 km/h for... | Ans: 67.71
RL Step 2110 | Loss: 0.0117 | Avg Reward: 0.17 | Time: 8.1s | Prob: A train travels at 49 km/h for... | Ans: 70.5
RL Step 2111 | Loss: 0.0001 | Avg Reward: -0.10 | Time: 8.2s | Prob: A train travels at 73 km/h for... | Ans: 77.29
RL Step 2112 | Loss: 0.0001 | Avg Reward: -0.10 | Time: 8.3s | Prob: A train travels at 50 km/h for... | Ans: 60.67
RL Step 2113 | Loss: 0.0001 | Avg Reward: -0.10 | Time: 8.1s | Prob: A train travels at 72 km/h for... | Ans: 81.2
RL Step 2114 | Loss: 0.0002 | Avg Reward: -0.10 | Time: 8.1s | Prob: A train travels at 50 km/h for... | Ans: 64.0
RL Step 2115 | Loss: 0.0000 | Avg Reward: 0.17 | Time: 8.2s | Prob: A train travels at 52 km/h for... | Ans: 65.5
RL Step 2116 | Loss: 0.0001 | Avg Reward: -0.10 | Time: 8.3s | Prob: A train travels at 64 km/h for... | Ans: 69.0
RL Step 2117 | Loss: 0.0002 | Avg Reward: -0.10 | Time: 8.1s | Prob: A train travels at 62 km/h for... | Ans: 73.6
RL Step 2118 | Loss: 0.0001 | Avg Reward: -0.10 | Time: 8.2s | Prob: A train travels at 64 km/h for... | Ans: 62.29
RL Step 2119 | Loss: 0.0001 | Avg Reward: -0.10 | Time: 8.1s | Prob: A train travels at 80 km/h for... | Ans: 73.5
RL Step 2120 | Loss: 0.0000 | Avg Reward: -0.10 | Time: 8.2s | Prob: A train travels at 59 km/h for... | Ans: 79.0
RL Step 2121 | Loss: 0.0002 | Avg Reward: -0.10 | Time: 8.2s | Prob: A train travels at 46 km/h for... | Ans: 59.33
RL Step 2122 | Loss: 0.0000 | Avg Reward: -0.10 | Time: 8.1s | Prob: A train travels at 76 km/h for... | Ans: 72.5
RL Step 2123 | Loss: 0.0001 | Avg Reward: -0.10 | Time: 8.3s | Prob: A train travels at 43 km/h for... | Ans: 75.86
RL Step 2124 | Loss: -0.0156 | Avg Reward: 0.17 | Time: 8.1s | Prob: A train travels at 48 km/h for... | Ans: 64.2
RL Step 2125 | Loss: 0.0000 | Avg Reward: -0.10 | Time: 8.1s | Prob: A train travels at 50 km/h for... | Ans: 63.0
RL Step 2126 | Loss: 0.0002 | Avg Reward: -0.10 | Time: 8.3s | Prob: A train travels at 58 km/h for... | Ans: 68.0
RL Step 2127 | Loss: 0.0001 | Avg Reward: -0.10 | Time: 8.1s | Prob: A train travels at 79 km/h for... | Ans: 73.0
RL Step 2128 | Loss: 0.0059 | Avg Reward: 0.17 | Time: 8.2s | Prob: A train travels at 52 km/h for... | Ans: 65.5
RL Step 2129 | Loss: 0.0001 | Avg Reward: -0.10 | Time: 8.3s | Prob: A train travels at 70 km/h for... | Ans: 87.5
RL Step 2130 | Loss: 0.0001 | Avg Reward: -0.10 | Time: 8.1s | Prob: A train travels at 43 km/h for... | Ans: 71.2
RL Step 2131 | Loss: 0.0001 | Avg Reward: -0.10 | Time: 8.2s | Prob: A train travels at 63 km/h for... | Ans: 67.0
RL Step 2132 | Loss: 0.0000 | Avg Reward: -0.10 | Time: 8.4s | Prob: A train travels at 43 km/h for... | Ans: 56.75
RL Step 2133 | Loss: 0.0000 | Avg Reward: -0.10 | Time: 8.3s | Prob: A train travels at 45 km/h for... | Ans: 58.57
RL Step 2134 | Loss: 0.0002 | Avg Reward: -0.10 | Time: 8.1s | Prob: A train travels at 74 km/h for... | Ans: 72.0
RL Step 2135 | Loss: 0.0001 | Avg Reward: -0.10 | Time: 8.1s | Prob: A train travels at 44 km/h for... | Ans: 63.2
RL Step 2136 | Loss: 0.0000 | Avg Reward: -0.10 | Time: 8.1s | Prob: A train travels at 74 km/h for... | Ans: 65.6
RL Step 2137 | Loss: 0.0002 | Avg Reward: -0.10 | Time: 8.3s | Prob: A train travels at 76 km/h for... | Ans: 69.14
RL Step 2138 | Loss: 0.0001 | Avg Reward: -0.10 | Time: 8.3s | Prob: A train travels at 72 km/h for... | Ans: 72.0
RL Step 2139 | Loss: 0.0003 | Avg Reward: -0.10 | Time: 8.3s | Prob: A train travels at 69 km/h for... | Ans: 72.0
RL Step 2140 | Loss: 0.0020 | Avg Reward: 0.17 | Time: 8.1s | Prob: A train travels at 70 km/h for... | Ans: 66.0
RL Step 2141 | Loss: 0.0001 | Avg Reward: -0.10 | Time: 8.2s | Prob: A train travels at 76 km/h for... | Ans: 77.71
RL Step 2142 | Loss: 0.0001 | Avg Reward: -0.10 | Time: 8.2s | Prob: A train travels at 60 km/h for... | Ans: 63.75
RL Step 2143 | Loss: 0.0001 | Avg Reward: -0.10 | Time: 8.1s | Prob: A train travels at 73 km/h for... | Ans: 77.5
RL Step 2144 | Loss: 0.0001 | Avg Reward: -0.10 | Time: 8.2s | Prob: A train travels at 71 km/h for... | Ans: 77.5
RL Step 2145 | Loss: -0.0000 | Avg Reward: -0.10 | Time: 8.1s | Prob: A train travels at 76 km/h for... | Ans: 83.0
RL Step 2146 | Loss: 0.0000 | Avg Reward: -0.10 | Time: 8.3s | Prob: A train travels at 74 km/h for... | Ans: 70.86
RL Step 2147 | Loss: 0.0000 | Avg Reward: -0.10 | Time: 8.2s | Prob: A train travels at 45 km/h for... | Ans: 58.5
RL Step 2148 | Loss: 0.0000 | Avg Reward: -0.10 | Time: 8.3s | Prob: A train travels at 42 km/h for... | Ans: 78.25
RL Step 2149 | Loss: 0.0000 | Avg Reward: -0.10 | Time: 8.3s | Prob: A train travels at 49 km/h for... | Ans: 58.38
RL Step 2150 | Loss: 0.0000 | Avg Reward: -0.10 | Time: 8.3s | Prob: A train travels at 40 km/h for... | Ans: 57.14
RL Step 2151 | Loss: 0.0001 | Avg Reward: -0.10 | Time: 8.2s | Prob: A train travels at 75 km/h for... | Ans: 84.5
RL Step 2152 | Loss: 0.0000 | Avg Reward: -0.10 | Time: 8.1s | Prob: A train travels at 47 km/h for... | Ans: 53.5
RL Step 2153 | Loss: 0.0000 | Avg Reward: -0.10 | Time: 8.3s | Prob: A train travels at 79 km/h for... | Ans: 79.0
RL Step 2154 | Loss: 0.0002 | Avg Reward: -0.10 | Time: 8.3s | Prob: A train travels at 78 km/h for... | Ans: 78.0
RL Step 2155 | Loss: 0.0001 | Avg Reward: -0.10 | Time: 8.3s | Prob: A train travels at 46 km/h for... | Ans: 56.62
RL Step 2156 | Loss: 0.0001 | Avg Reward: -0.10 | Time: 8.1s | Prob: A train travels at 41 km/h for... | Ans: 52.5
RL Step 2157 | Loss: 0.0000 | Avg Reward: -0.10 | Time: 8.2s | Prob: A train travels at 49 km/h for... | Ans: 59.5
RL Step 2158 | Loss: 0.0002 | Avg Reward: -0.10 | Time: 8.3s | Prob: A train travels at 47 km/h for... | Ans: 73.11
RL Step 2159 | Loss: 0.0002 | Avg Reward: -0.10 | Time: 8.1s | Prob: A train travels at 57 km/h for... | Ans: 58.6
RL Step 2160 | Loss: 0.0002 | Avg Reward: -0.10 | Time: 8.2s | Prob: A train travels at 73 km/h for... | Ans: 78.0
RL Step 2161 | Loss: 0.0001 | Avg Reward: -0.10 | Time: 8.3s | Prob: A train travels at 79 km/h for... | Ans: 74.56
RL Step 2162 | Loss: 0.0001 | Avg Reward: -0.10 | Time: 8.1s | Prob: A train travels at 59 km/h for... | Ans: 67.8
RL Step 2163 | Loss: 0.0001 | Avg Reward: -0.10 | Time: 8.2s | Prob: A train travels at 52 km/h for... | Ans: 63.11
RL Step 2164 | Loss: 0.0001 | Avg Reward: -0.10 | Time: 8.2s | Prob: A train travels at 54 km/h for... | Ans: 77.33
RL Step 2165 | Loss: 0.0001 | Avg Reward: -0.10 | Time: 8.2s | Prob: A train travels at 70 km/h for... | Ans: 72.67
RL Step 2166 | Loss: 0.0000 | Avg Reward: -0.10 | Time: 8.3s | Prob: A train travels at 44 km/h for... | Ans: 64.0
RL Step 2167 | Loss: 0.0001 | Avg Reward: -0.10 | Time: 8.3s | Prob: A train travels at 59 km/h for... | Ans: 71.86
RL Step 2168 | Loss: 0.0000 | Avg Reward: -0.10 | Time: 8.1s | Prob: A train travels at 78 km/h for... | Ans: 76.5
RL Step 2169 | Loss: 0.0002 | Avg Reward: -0.10 | Time: 8.3s | Prob: A train travels at 69 km/h for... | Ans: 71.0
RL Step 2170 | Loss: 0.0001 | Avg Reward: -0.10 | Time: 8.2s | Prob: A train travels at 43 km/h for... | Ans: 58.2
RL Step 2171 | Loss: 0.0000 | Avg Reward: -0.10 | Time: 8.3s | Prob: A train travels at 67 km/h for... | Ans: 80.33
RL Step 2172 | Loss: 0.0000 | Avg Reward: -0.10 | Time: 8.3s | Prob: A train travels at 44 km/h for... | Ans: 69.0
RL Step 2173 | Loss: 0.0000 | Avg Reward: -0.10 | Time: 8.2s | Prob: A train travels at 51 km/h for... | Ans: 55.12
RL Step 2174 | Loss: 0.0001 | Avg Reward: -0.10 | Time: 8.2s | Prob: A train travels at 46 km/h for... | Ans: 63.2
RL Step 2175 | Loss: 0.0273 | Avg Reward: 0.17 | Time: 8.2s | Prob: A train travels at 70 km/h for... | Ans: 80.5
RL Step 2176 | Loss: 0.0000 | Avg Reward: -0.10 | Time: 8.1s | Prob: A train travels at 73 km/h for... | Ans: 78.4
RL Step 2177 | Loss: 0.0001 | Avg Reward: -0.10 | Time: 8.3s | Prob: A train travels at 53 km/h for... | Ans: 73.0
RL Step 2178 | Loss: 0.0002 | Avg Reward: -0.10 | Time: 8.3s | Prob: A train travels at 54 km/h for... | Ans: 61.5
RL Step 2179 | Loss: 0.0002 | Avg Reward: -0.10 | Time: 8.4s | Prob: A train travels at 78 km/h for... | Ans: 80.22
RL Step 2180 | Loss: 0.0001 | Avg Reward: -0.10 | Time: 8.2s | Prob: A train travels at 73 km/h for... | Ans: 72.71
RL Step 2181 | Loss: 0.0000 | Avg Reward: -0.10 | Time: 8.2s | Prob: A train travels at 53 km/h for... | Ans: 83.67
RL Step 2182 | Loss: 0.0000 | Avg Reward: -0.10 | Time: 8.3s | Prob: A train travels at 43 km/h for... | Ans: 60.14
RL Step 2183 | Loss: 0.0001 | Avg Reward: -0.10 | Time: 8.3s | Prob: A train travels at 48 km/h for... | Ans: 70.78
RL Step 2184 | Loss: 0.0001 | Avg Reward: -0.10 | Time: 8.2s | Prob: A train travels at 69 km/h for... | Ans: 78.5
RL Step 2185 | Loss: 0.0000 | Avg Reward: -0.10 | Time: 8.1s | Prob: A train travels at 57 km/h for... | Ans: 67.5
RL Step 2186 | Loss: 0.0001 | Avg Reward: -0.10 | Time: 8.3s | Prob: A train travels at 50 km/h for... | Ans: 71.43
RL Step 2187 | Loss: 0.0001 | Avg Reward: -0.10 | Time: 8.3s | Prob: A train travels at 68 km/h for... | Ans: 75.43
RL Step 2188 | Loss: 0.0001 | Avg Reward: -0.10 | Time: 8.3s | Prob: A train travels at 53 km/h for... | Ans: 64.43
RL Step 2189 | Loss: 0.0001 | Avg Reward: -0.10 | Time: 8.2s | Prob: A train travels at 60 km/h for... | Ans: 64.0
RL Step 2190 | Loss: 0.0000 | Avg Reward: -0.10 | Time: 8.3s | Prob: A train travels at 63 km/h for... | Ans: 66.0
RL Step 2191 | Loss: 0.0001 | Avg Reward: -0.10 | Time: 8.3s | Prob: A train travels at 57 km/h for... | Ans: 80.43
RL Step 2192 | Loss: 0.0001 | Avg Reward: -0.10 | Time: 8.2s | Prob: A train travels at 49 km/h for... | Ans: 53.4
RL Step 2193 | Loss: 0.0001 | Avg Reward: -0.10 | Time: 8.2s | Prob: A train travels at 40 km/h for... | Ans: 52.33
RL Step 2194 | Loss: 0.0001 | Avg Reward: -0.10 | Time: 8.1s | Prob: A train travels at 64 km/h for... | Ans: 71.8
RL Step 2195 | Loss: 0.0001 | Avg Reward: -0.10 | Time: 8.2s | Prob: A train travels at 59 km/h for... | Ans: 70.25
RL Step 2196 | Loss: 0.0078 | Avg Reward: 0.17 | Time: 8.1s | Prob: A train travels at 57 km/h for... | Ans: 70.5
RL Step 2197 | Loss: 0.0001 | Avg Reward: -0.10 | Time: 8.3s | Prob: A train travels at 73 km/h for... | Ans: 77.71
RL Step 2198 | Loss: 0.0000 | Avg Reward: -0.10 | Time: 8.3s | Prob: A train travels at 49 km/h for... | Ans: 71.86
RL Step 2199 | Loss: 0.0001 | Avg Reward: -0.10 | Time: 8.3s | Prob: A train travels at 74 km/h for... | Ans: 73.14
RL Step 2200 | Loss: 0.0001 | Avg Reward: -0.10 | Time: 8.2s | Prob: A train travels at 40 km/h for... | Ans: 54.5
Saving RL Checkpoint at step 2200...
RL Step 2201 | Loss: 0.0001 | Avg Reward: -0.10 | Time: 8.3s | Prob: A train travels at 44 km/h for... | Ans: 52.33
RL Step 2202 | Loss: 0.0001 | Avg Reward: -0.10 | Time: 8.3s | Prob: A train travels at 78 km/h for... | Ans: 76.22
RL Step 2203 | Loss: 0.0001 | Avg Reward: -0.10 | Time: 8.3s | Prob: A train travels at 76 km/h for... | Ans: 83.29
RL Step 2204 | Loss: 0.0002 | Avg Reward: -0.10 | Time: 8.2s | Prob: A train travels at 59 km/h for... | Ans: 73.67
RL Step 2205 | Loss: 0.0001 | Avg Reward: -0.10 | Time: 8.2s | Prob: A train travels at 44 km/h for... | Ans: 66.0
RL Step 2206 | Loss: 0.0002 | Avg Reward: -0.10 | Time: 8.3s | Prob: A train travels at 49 km/h for... | Ans: 65.89
RL Step 2207 | Loss: 0.0001 | Avg Reward: -0.10 | Time: 8.3s | Prob: A train travels at 45 km/h for... | Ans: 75.56
RL Step 2208 | Loss: 0.0000 | Avg Reward: -0.10 | Time: 8.1s | Prob: A train travels at 45 km/h for... | Ans: 56.6
RL Step 2209 | Loss: 0.0001 | Avg Reward: -0.10 | Time: 8.3s | Prob: A train travels at 43 km/h for... | Ans: 51.57
RL Step 2210 | Loss: 0.0001 | Avg Reward: -0.10 | Time: 8.2s | Prob: A train travels at 79 km/h for... | Ans: 85.0
RL Step 2211 | Loss: -0.0039 | Avg Reward: 0.17 | Time: 8.1s | Prob: A train travels at 72 km/h for... | Ans: 67.0
RL Step 2212 | Loss: 0.0001 | Avg Reward: -0.10 | Time: 8.3s | Prob: A train travels at 57 km/h for... | Ans: 70.5
RL Step 2213 | Loss: 0.0001 | Avg Reward: -0.10 | Time: 8.3s | Prob: A train travels at 71 km/h for... | Ans: 71.0
RL Step 2214 | Loss: 0.0000 | Avg Reward: -0.10 | Time: 8.3s | Prob: A train travels at 63 km/h for... | Ans: 75.0
RL Step 2215 | Loss: -0.0039 | Avg Reward: 0.17 | Time: 8.3s | Prob: A train travels at 52 km/h for... | Ans: 63.43
RL Step 2216 | Loss: 0.0001 | Avg Reward: -0.10 | Time: 8.2s | Prob: A train travels at 47 km/h for... | Ans: 62.5
RL Step 2217 | Loss: 0.0000 | Avg Reward: -0.10 | Time: 8.2s | Prob: A train travels at 45 km/h for... | Ans: 71.88
RL Step 2218 | Loss: 0.0001 | Avg Reward: -0.10 | Time: 8.2s | Prob: A train travels at 51 km/h for... | Ans: 56.67
RL Step 2219 | Loss: 0.0001 | Avg Reward: -0.10 | Time: 8.3s | Prob: A train travels at 78 km/h for... | Ans: 84.22
RL Step 2220 | Loss: 0.0002 | Avg Reward: -0.10 | Time: 8.4s | Prob: A train travels at 50 km/h for... | Ans: 77.86
RL Step 2221 | Loss: 0.0002 | Avg Reward: -0.10 | Time: 8.3s | Prob: A train travels at 69 km/h for... | Ans: 71.57
RL Step 2222 | Loss: 0.0001 | Avg Reward: -0.10 | Time: 8.3s | Prob: A train travels at 52 km/h for... | Ans: 66.86
RL Step 2223 | Loss: 0.0001 | Avg Reward: -0.10 | Time: 8.4s | Prob: A train travels at 56 km/h for... | Ans: 71.11
RL Step 2224 | Loss: 0.0195 | Avg Reward: 0.17 | Time: 8.3s | Prob: A train travels at 71 km/h for... | Ans: 86.71
RL Step 2225 | Loss: 0.0001 | Avg Reward: -0.10 | Time: 8.2s | Prob: A train travels at 46 km/h for... | Ans: 63.0
RL Step 2226 | Loss: 0.0001 | Avg Reward: -0.10 | Time: 8.3s | Prob: A train travels at 41 km/h for... | Ans: 70.44
RL Step 2227 | Loss: 0.0002 | Avg Reward: -0.10 | Time: 8.1s | Prob: A train travels at 43 km/h for... | Ans: 71.2
RL Step 2228 | Loss: -0.0001 | Avg Reward: -0.10 | Time: 8.1s | Prob: A train travels at 62 km/h for... | Ans: 71.0
RL Step 2229 | Loss: 0.0000 | Avg Reward: -0.10 | Time: 8.3s | Prob: A train travels at 64 km/h for... | Ans: 64.0
RL Step 2230 | Loss: 0.0000 | Avg Reward: -0.10 | Time: 8.3s | Prob: A train travels at 52 km/h for... | Ans: 70.89
RL Step 2231 | Loss: 0.0001 | Avg Reward: -0.10 | Time: 8.1s | Prob: A train travels at 63 km/h for... | Ans: 67.4
RL Step 2232 | Loss: -0.0000 | Avg Reward: -0.10 | Time: 8.4s | Prob: A train travels at 55 km/h for... | Ans: 71.12
RL Step 2233 | Loss: 0.0001 | Avg Reward: -0.10 | Time: 8.2s | Prob: A train travels at 51 km/h for... | Ans: 73.5
RL Step 2234 | Loss: 0.0001 | Avg Reward: -0.10 | Time: 8.3s | Prob: A train travels at 68 km/h for... | Ans: 74.25
RL Step 2235 | Loss: 0.0002 | Avg Reward: -0.10 | Time: 8.3s | Prob: A train travels at 54 km/h for... | Ans: 59.56
RL Step 2236 | Loss: 0.0002 | Avg Reward: -0.10 | Time: 8.3s | Prob: A train travels at 54 km/h for... | Ans: 61.71
RL Step 2237 | Loss: 0.0001 | Avg Reward: -0.10 | Time: 8.2s | Prob: A train travels at 72 km/h for... | Ans: 76.8
RL Step 2238 | Loss: 0.0001 | Avg Reward: -0.10 | Time: 8.3s | Prob: A train travels at 69 km/h for... | Ans: 65.88
RL Step 2239 | Loss: 0.0001 | Avg Reward: -0.10 | Time: 8.2s | Prob: A train travels at 45 km/h for... | Ans: 71.86
RL Step 2240 | Loss: 0.0002 | Avg Reward: -0.10 | Time: 8.3s | Prob: A train travels at 49 km/h for... | Ans: 56.43
RL Step 2241 | Loss: 0.0001 | Avg Reward: -0.10 | Time: 8.3s | Prob: A train travels at 42 km/h for... | Ans: 68.88
RL Step 2242 | Loss: 0.0001 | Avg Reward: -0.10 | Time: 8.2s | Prob: A train travels at 75 km/h for... | Ans: 83.4
RL Step 2243 | Loss: 0.0000 | Avg Reward: -0.10 | Time: 8.3s | Prob: A train travels at 71 km/h for... | Ans: 87.25
RL Step 2244 | Loss: 0.0000 | Avg Reward: -0.10 | Time: 8.2s | Prob: A train travels at 54 km/h for... | Ans: 72.0
RL Step 2245 | Loss: 0.0002 | Avg Reward: -0.10 | Time: 8.2s | Prob: A train travels at 60 km/h for... | Ans: 67.33
RL Step 2246 | Loss: 0.0176 | Avg Reward: 0.17 | Time: 8.2s | Prob: A train travels at 54 km/h for... | Ans: 66.0
RL Step 2247 | Loss: 0.0001 | Avg Reward: -0.10 | Time: 8.3s | Prob: A train travels at 51 km/h for... | Ans: 56.43
RL Step 2248 | Loss: 0.0039 | Avg Reward: 0.17 | Time: 8.1s | Prob: A train travels at 78 km/h for... | Ans: 85.5
RL Step 2249 | Loss: 0.0001 | Avg Reward: -0.10 | Time: 8.1s | Prob: A train travels at 46 km/h for... | Ans: 56.0
RL Step 2250 | Loss: 0.0001 | Avg Reward: -0.10 | Time: 8.2s | Prob: A train travels at 50 km/h for... | Ans: 62.0
RL Step 2251 | Loss: 0.0000 | Avg Reward: 0.17 | Time: 8.2s | Prob: A train travels at 49 km/h for... | Ans: 58.5
RL Step 2252 | Loss: 0.0001 | Avg Reward: -0.10 | Time: 8.2s | Prob: A train travels at 72 km/h for... | Ans: 76.12
RL Step 2253 | Loss: 0.0001 | Avg Reward: -0.10 | Time: 8.2s | Prob: A train travels at 74 km/h for... | Ans: 80.5
RL Step 2254 | Loss: 0.0001 | Avg Reward: -0.10 | Time: 8.3s | Prob: A train travels at 70 km/h for... | Ans: 88.67
RL Step 2255 | Loss: 0.0001 | Avg Reward: -0.10 | Time: 8.3s | Prob: A train travels at 55 km/h for... | Ans: 63.89
RL Step 2256 | Loss: 0.0001 | Avg Reward: -0.10 | Time: 8.2s | Prob: A train travels at 48 km/h for... | Ans: 67.5
RL Step 2257 | Loss: 0.0000 | Avg Reward: -0.10 | Time: 8.1s | Prob: A train travels at 79 km/h for... | Ans: 89.5
RL Step 2258 | Loss: 0.0039 | Avg Reward: 0.17 | Time: 8.3s | Prob: A train travels at 46 km/h for... | Ans: 66.0
RL Step 2259 | Loss: -0.0000 | Avg Reward: -0.10 | Time: 8.3s | Prob: A train travels at 69 km/h for... | Ans: 69.0
RL Step 2260 | Loss: 0.0000 | Avg Reward: -0.10 | Time: 8.2s | Prob: A train travels at 62 km/h for... | Ans: 64.0
RL Step 2261 | Loss: 0.0001 | Avg Reward: -0.10 | Time: 8.3s | Prob: A train travels at 68 km/h for... | Ans: 72.71
RL Step 2262 | Loss: 0.0001 | Avg Reward: -0.10 | Time: 8.1s | Prob: A train travels at 65 km/h for... | Ans: 80.0
RL Step 2263 | Loss: 0.0001 | Avg Reward: -0.10 | Time: 8.1s | Prob: A train travels at 40 km/h for... | Ans: 58.5
RL Step 2264 | Loss: 0.0059 | Avg Reward: 0.73 | Time: 8.1s | Prob: A train travels at 78 km/h for... | Ans: 80.5
RL Step 2265 | Loss: 0.0001 | Avg Reward: -0.10 | Time: 8.2s | Prob: A train travels at 63 km/h for... | Ans: 65.5
RL Step 2266 | Loss: 0.0001 | Avg Reward: -0.10 | Time: 8.3s | Prob: A train travels at 74 km/h for... | Ans: 83.0
RL Step 2267 | Loss: 0.0001 | Avg Reward: -0.10 | Time: 8.2s | Prob: A train travels at 61 km/h for... | Ans: 65.44
RL Step 2268 | Loss: -0.0234 | Avg Reward: 0.17 | Time: 8.2s | Prob: A train travels at 73 km/h for... | Ans: 70.0
RL Step 2269 | Loss: 0.0000 | Avg Reward: -0.10 | Time: 8.2s | Prob: A train travels at 67 km/h for... | Ans: 79.5
RL Step 2270 | Loss: 0.0000 | Avg Reward: -0.10 | Time: 8.2s | Prob: A train travels at 42 km/h for... | Ans: 50.57
RL Step 2271 | Loss: 0.0003 | Avg Reward: -0.10 | Time: 8.3s | Prob: A train travels at 40 km/h for... | Ans: 63.57
RL Step 2272 | Loss: 0.0000 | Avg Reward: -0.10 | Time: 8.2s | Prob: A train travels at 76 km/h for... | Ans: 75.33
RL Step 2273 | Loss: 0.0001 | Avg Reward: -0.10 | Time: 8.2s | Prob: A train travels at 47 km/h for... | Ans: 65.67
RL Step 2274 | Loss: 0.0001 | Avg Reward: -0.10 | Time: 8.3s | Prob: A train travels at 46 km/h for... | Ans: 52.43
RL Step 2275 | Loss: 0.0001 | Avg Reward: -0.10 | Time: 8.2s | Prob: A train travels at 70 km/h for... | Ans: 74.2
RL Step 2276 | Loss: 0.0001 | Avg Reward: -0.10 | Time: 8.2s | Prob: A train travels at 42 km/h for... | Ans: 62.0
RL Step 2277 | Loss: 0.0002 | Avg Reward: -0.10 | Time: 8.3s | Prob: A train travels at 42 km/h for... | Ans: 58.88
RL Step 2278 | Loss: 0.0001 | Avg Reward: -0.10 | Time: 8.1s | Prob: A train travels at 45 km/h for... | Ans: 61.0
RL Step 2279 | Loss: 0.0001 | Avg Reward: -0.10 | Time: 8.3s | Prob: A train travels at 64 km/h for... | Ans: 80.67
RL Step 2280 | Loss: 0.0001 | Avg Reward: -0.10 | Time: 8.0s | Prob: A train travels at 78 km/h for... | Ans: 78.0
RL Step 2281 | Loss: 0.0001 | Avg Reward: -0.10 | Time: 8.2s | Prob: A train travels at 45 km/h for... | Ans: 56.25
RL Step 2282 | Loss: 0.0001 | Avg Reward: -0.10 | Time: 8.3s | Prob: A train travels at 48 km/h for... | Ans: 62.25
RL Step 2283 | Loss: 0.0020 | Avg Reward: 0.17 | Time: 8.2s | Prob: A train travels at 73 km/h for... | Ans: 83.5
RL Step 2284 | Loss: 0.0001 | Avg Reward: -0.10 | Time: 8.2s | Prob: A train travels at 77 km/h for... | Ans: 86.5
RL Step 2285 | Loss: 0.0001 | Avg Reward: -0.10 | Time: 8.2s | Prob: A train travels at 46 km/h for... | Ans: 68.5
RL Step 2286 | Loss: 0.0001 | Avg Reward: -0.10 | Time: 8.1s | Prob: A train travels at 75 km/h for... | Ans: 76.2
RL Step 2287 | Loss: 0.0001 | Avg Reward: -0.10 | Time: 8.2s | Prob: A train travels at 61 km/h for... | Ans: 70.43
RL Step 2288 | Loss: 0.0000 | Avg Reward: -0.10 | Time: 8.1s | Prob: A train travels at 40 km/h for... | Ans: 53.6
RL Step 2289 | Loss: 0.0000 | Avg Reward: -0.10 | Time: 8.2s | Prob: A train travels at 54 km/h for... | Ans: 64.5
RL Step 2290 | Loss: 0.0002 | Avg Reward: -0.10 | Time: 8.1s | Prob: A train travels at 61 km/h for... | Ans: 75.8
RL Step 2291 | Loss: 0.0001 | Avg Reward: -0.10 | Time: 8.1s | Prob: A train travels at 56 km/h for... | Ans: 58.0
RL Step 2292 | Loss: 0.0002 | Avg Reward: -0.10 | Time: 8.3s | Prob: A train travels at 57 km/h for... | Ans: 74.57
RL Step 2293 | Loss: 0.0001 | Avg Reward: -0.10 | Time: 8.2s | Prob: A train travels at 78 km/h for... | Ans: 72.0
RL Step 2294 | Loss: 0.0001 | Avg Reward: -0.10 | Time: 8.2s | Prob: A train travels at 52 km/h for... | Ans: 75.4
RL Step 2295 | Loss: 0.0001 | Avg Reward: -0.10 | Time: 8.3s | Prob: A train travels at 78 km/h for... | Ans: 77.11
RL Step 2296 | Loss: 0.0002 | Avg Reward: -0.10 | Time: 8.3s | Prob: A train travels at 40 km/h for... | Ans: 59.33
RL Step 2297 | Loss: 0.0001 | Avg Reward: -0.10 | Time: 8.1s | Prob: A train travels at 52 km/h for... | Ans: 70.0
RL Step 2298 | Loss: 0.0002 | Avg Reward: -0.10 | Time: 8.2s | Prob: A train travels at 44 km/h for... | Ans: 56.43
RL Step 2299 | Loss: 0.0001 | Avg Reward: -0.10 | Time: 8.2s | Prob: A train travels at 73 km/h for... | Ans: 70.5
RL Step 2300 | Loss: 0.0156 | Avg Reward: 0.17 | Time: 8.3s | Prob: A train travels at 74 km/h for... | Ans: 66.67
RL Step 2301 | Loss: 0.0001 | Avg Reward: -0.10 | Time: 8.2s | Prob: A train travels at 48 km/h for... | Ans: 55.33
RL Step 2302 | Loss: 0.0001 | Avg Reward: -0.10 | Time: 8.3s | Prob: A train travels at 66 km/h for... | Ans: 81.11
RL Step 2303 | Loss: 0.0001 | Avg Reward: -0.10 | Time: 8.4s | Prob: A train travels at 52 km/h for... | Ans: 61.14
RL Step 2304 | Loss: 0.0001 | Avg Reward: -0.10 | Time: 8.1s | Prob: A train travels at 64 km/h for... | Ans: 77.5
RL Step 2305 | Loss: -0.0000 | Avg Reward: -0.10 | Time: 8.1s | Prob: A train travels at 53 km/h for... | Ans: 63.0
RL Step 2306 | Loss: 0.0001 | Avg Reward: -0.10 | Time: 8.1s | Prob: A train travels at 51 km/h for... | Ans: 75.0
RL Step 2307 | Loss: 0.0002 | Avg Reward: -0.10 | Time: 8.1s | Prob: A train travels at 45 km/h for... | Ans: 66.6
RL Step 2308 | Loss: 0.0002 | Avg Reward: -0.10 | Time: 8.3s | Prob: A train travels at 66 km/h for... | Ans: 75.71
RL Step 2309 | Loss: 0.0000 | Avg Reward: -0.10 | Time: 8.3s | Prob: A train travels at 54 km/h for... | Ans: 60.0
RL Step 2310 | Loss: 0.0000 | Avg Reward: -0.10 | Time: 8.2s | Prob: A train travels at 67 km/h for... | Ans: 86.29
RL Step 2311 | Loss: 0.0000 | Avg Reward: -0.10 | Time: 8.1s | Prob: A train travels at 43 km/h for... | Ans: 63.0
RL Step 2312 | Loss: 0.0002 | Avg Reward: -0.10 | Time: 8.2s | Prob: A train travels at 51 km/h for... | Ans: 74.4
RL Step 2313 | Loss: 0.0001 | Avg Reward: -0.10 | Time: 8.2s | Prob: A train travels at 53 km/h for... | Ans: 69.25
RL Step 2314 | Loss: 0.0001 | Avg Reward: -0.10 | Time: 8.3s | Prob: A train travels at 54 km/h for... | Ans: 85.43
RL Step 2315 | Loss: 0.0000 | Avg Reward: -0.10 | Time: 8.2s | Prob: A train travels at 66 km/h for... | Ans: 72.0
RL Step 2316 | Loss: -0.0000 | Avg Reward: -0.10 | Time: 8.1s | Prob: A train travels at 58 km/h for... | Ans: 60.5
RL Step 2317 | Loss: 0.0002 | Avg Reward: -0.10 | Time: 8.2s | Prob: A train travels at 52 km/h for... | Ans: 72.0
RL Step 2318 | Loss: -0.0059 | Avg Reward: 0.17 | Time: 8.2s | Prob: A train travels at 71 km/h for... | Ans: 77.4
RL Step 2319 | Loss: 0.0001 | Avg Reward: -0.10 | Time: 8.3s | Prob: A train travels at 60 km/h for... | Ans: 71.67
RL Step 2320 | Loss: 0.0002 | Avg Reward: -0.10 | Time: 8.2s | Prob: A train travels at 48 km/h for... | Ans: 64.71
RL Step 2321 | Loss: 0.0000 | Avg Reward: -0.10 | Time: 8.3s | Prob: A train travels at 70 km/h for... | Ans: 78.75
RL Step 2322 | Loss: 0.0001 | Avg Reward: -0.10 | Time: 8.2s | Prob: A train travels at 67 km/h for... | Ans: 82.6
RL Step 2323 | Loss: 0.0002 | Avg Reward: -0.10 | Time: 8.3s | Prob: A train travels at 57 km/h for... | Ans: 58.12
RL Step 2324 | Loss: 0.0001 | Avg Reward: -0.10 | Time: 8.2s | Prob: A train travels at 41 km/h for... | Ans: 71.56
RL Step 2325 | Loss: 0.0001 | Avg Reward: -0.10 | Time: 8.2s | Prob: A train travels at 75 km/h for... | Ans: 86.0
RL Step 2326 | Loss: 0.0000 | Avg Reward: -0.10 | Time: 8.1s | Prob: A train travels at 49 km/h for... | Ans: 63.5
RL Step 2327 | Loss: 0.0002 | Avg Reward: -0.10 | Time: 8.3s | Prob: A train travels at 73 km/h for... | Ans: 77.89
RL Step 2328 | Loss: 0.0001 | Avg Reward: -0.10 | Time: 8.3s | Prob: A train travels at 55 km/h for... | Ans: 69.57
RL Step 2329 | Loss: 0.0000 | Avg Reward: -0.10 | Time: 8.3s | Prob: A train travels at 46 km/h for... | Ans: 54.89
RL Step 2330 | Loss: 0.0001 | Avg Reward: -0.10 | Time: 8.2s | Prob: A train travels at 44 km/h for... | Ans: 63.5
RL Step 2331 | Loss: 0.0001 | Avg Reward: -0.10 | Time: 8.3s | Prob: A train travels at 50 km/h for... | Ans: 78.75
RL Step 2332 | Loss: 0.0001 | Avg Reward: -0.10 | Time: 8.2s | Prob: A train travels at 69 km/h for... | Ans: 75.0
RL Step 2333 | Loss: 0.0000 | Avg Reward: -0.10 | Time: 8.2s | Prob: A train travels at 66 km/h for... | Ans: 70.5
RL Step 2334 | Loss: 0.0001 | Avg Reward: -0.10 | Time: 8.3s | Prob: A train travels at 47 km/h for... | Ans: 72.62
RL Step 2335 | Loss: 0.0195 | Avg Reward: 0.17 | Time: 8.3s | Prob: A train travels at 52 km/h for... | Ans: 56.5
RL Step 2336 | Loss: 0.0000 | Avg Reward: -0.10 | Time: 8.2s | Prob: A train travels at 74 km/h for... | Ans: 68.29
RL Step 2337 | Loss: 0.0001 | Avg Reward: -0.10 | Time: 8.3s | Prob: A train travels at 57 km/h for... | Ans: 75.75
RL Step 2338 | Loss: 0.0001 | Avg Reward: -0.10 | Time: 8.1s | Prob: A train travels at 77 km/h for... | Ans: 78.0
RL Step 2339 | Loss: 0.0001 | Avg Reward: -0.10 | Time: 8.3s | Prob: A train travels at 43 km/h for... | Ans: 61.33
RL Step 2340 | Loss: 0.0002 | Avg Reward: -0.10 | Time: 8.3s | Prob: A train travels at 51 km/h for... | Ans: 78.86
RL Step 2341 | Loss: -0.0137 | Avg Reward: 0.17 | Time: 8.3s | Prob: A train travels at 49 km/h for... | Ans: 75.88
RL Step 2342 | Loss: 0.0000 | Avg Reward: -0.10 | Time: 8.3s | Prob: A train travels at 59 km/h for... | Ans: 59.29
RL Step 2343 | Loss: 0.0001 | Avg Reward: -0.10 | Time: 8.3s | Prob: A train travels at 67 km/h for... | Ans: 67.44
RL Step 2344 | Loss: 0.0000 | Avg Reward: -0.10 | Time: 8.1s | Prob: A train travels at 55 km/h for... | Ans: 62.2
RL Step 2345 | Loss: -0.0000 | Avg Reward: -0.10 | Time: 8.3s | Prob: A train travels at 57 km/h for... | Ans: 82.0
RL Step 2346 | Loss: 0.0001 | Avg Reward: -0.10 | Time: 8.2s | Prob: A train travels at 73 km/h for... | Ans: 78.0
RL Step 2347 | Loss: 0.0002 | Avg Reward: -0.10 | Time: 8.3s | Prob: A train travels at 51 km/h for... | Ans: 77.0
RL Step 2348 | Loss: 0.0001 | Avg Reward: -0.10 | Time: 8.4s | Prob: A train travels at 67 km/h for... | Ans: 73.22
RL Step 2349 | Loss: 0.0003 | Avg Reward: -0.10 | Time: 8.1s | Prob: A train travels at 54 km/h for... | Ans: 69.2
RL Step 2350 | Loss: 0.0001 | Avg Reward: -0.10 | Time: 8.3s | Prob: A train travels at 67 km/h for... | Ans: 68.88
RL Step 2351 | Loss: 0.0001 | Avg Reward: -0.10 | Time: 8.3s | Prob: A train travels at 62 km/h for... | Ans: 82.0
RL Step 2352 | Loss: 0.0001 | Avg Reward: -0.10 | Time: 8.2s | Prob: A train travels at 49 km/h for... | Ans: 56.86
RL Step 2353 | Loss: 0.0001 | Avg Reward: -0.10 | Time: 8.3s | Prob: A train travels at 41 km/h for... | Ans: 66.62
RL Step 2354 | Loss: 0.0003 | Avg Reward: -0.10 | Time: 8.3s | Prob: A train travels at 58 km/h for... | Ans: 59.43
RL Step 2355 | Loss: 0.0117 | Avg Reward: 0.17 | Time: 8.3s | Prob: A train travels at 57 km/h for... | Ans: 70.67
RL Step 2356 | Loss: 0.0000 | Avg Reward: -0.10 | Time: 8.2s | Prob: A train travels at 48 km/h for... | Ans: 78.71
RL Step 2357 | Loss: 0.0005 | Avg Reward: -0.10 | Time: 8.1s | Prob: A train travels at 53 km/h for... | Ans: 61.0
RL Step 2358 | Loss: 0.0001 | Avg Reward: -0.10 | Time: 8.2s | Prob: A train travels at 62 km/h for... | Ans: 73.11
RL Step 2359 | Loss: -0.0000 | Avg Reward: -0.10 | Time: 8.1s | Prob: A train travels at 54 km/h for... | Ans: 65.4
RL Step 2360 | Loss: 0.0001 | Avg Reward: -0.10 | Time: 8.1s | Prob: A train travels at 52 km/h for... | Ans: 70.5
RL Step 2361 | Loss: 0.0001 | Avg Reward: -0.10 | Time: 8.4s | Prob: A train travels at 58 km/h for... | Ans: 71.12
RL Step 2362 | Loss: 0.0156 | Avg Reward: 0.17 | Time: 8.2s | Prob: A train travels at 49 km/h for... | Ans: 56.67
RL Step 2363 | Loss: 0.0000 | Avg Reward: -0.10 | Time: 8.2s | Prob: A train travels at 56 km/h for... | Ans: 68.5
RL Step 2364 | Loss: 0.0002 | Avg Reward: -0.10 | Time: 8.2s | Prob: A train travels at 49 km/h for... | Ans: 55.0
RL Step 2365 | Loss: 0.0002 | Avg Reward: -0.10 | Time: 8.3s | Prob: A train travels at 52 km/h for... | Ans: 70.29
RL Step 2366 | Loss: 0.0001 | Avg Reward: -0.10 | Time: 8.1s | Prob: A train travels at 42 km/h for... | Ans: 59.0
RL Step 2367 | Loss: -0.0000 | Avg Reward: -0.10 | Time: 8.1s | Prob: A train travels at 62 km/h for... | Ans: 80.5
RL Step 2368 | Loss: 0.0001 | Avg Reward: -0.10 | Time: 8.2s | Prob: A train travels at 74 km/h for... | Ans: 76.0
RL Step 2369 | Loss: 0.0000 | Avg Reward: -0.10 | Time: 8.2s | Prob: A train travels at 71 km/h for... | Ans: 67.0
RL Step 2370 | Loss: 0.0000 | Avg Reward: -0.10 | Time: 8.1s | Prob: A train travels at 48 km/h for... | Ans: 70.0
RL Step 2371 | Loss: 0.0001 | Avg Reward: -0.10 | Time: 8.3s | Prob: A train travels at 71 km/h for... | Ans: 76.14
RL Step 2372 | Loss: 0.0000 | Avg Reward: -0.10 | Time: 8.3s | Prob: A train travels at 52 km/h for... | Ans: 68.89
RL Step 2373 | Loss: 0.0001 | Avg Reward: -0.10 | Time: 8.3s | Prob: A train travels at 65 km/h for... | Ans: 74.43
RL Step 2374 | Loss: 0.0000 | Avg Reward: -0.10 | Time: 8.2s | Prob: A train travels at 42 km/h for... | Ans: 53.5
RL Step 2375 | Loss: 0.0001 | Avg Reward: -0.10 | Time: 8.3s | Prob: A train travels at 52 km/h for... | Ans: 56.44
RL Step 2376 | Loss: 0.0001 | Avg Reward: -0.10 | Time: 8.2s | Prob: A train travels at 60 km/h for... | Ans: 75.0
RL Step 2377 | Loss: -0.0176 | Avg Reward: 0.17 | Time: 8.1s | Prob: A train travels at 75 km/h for... | Ans: 70.5
RL Step 2378 | Loss: 0.0001 | Avg Reward: -0.10 | Time: 8.2s | Prob: A train travels at 55 km/h for... | Ans: 69.44
RL Step 2379 | Loss: 0.0078 | Avg Reward: 0.17 | Time: 8.3s | Prob: A train travels at 51 km/h for... | Ans: 66.62
RL Step 2380 | Loss: 0.0000 | Avg Reward: -0.10 | Time: 8.3s | Prob: A train travels at 63 km/h for... | Ans: 68.56
RL Step 2381 | Loss: -0.0000 | Avg Reward: -0.10 | Time: 8.2s | Prob: A train travels at 68 km/h for... | Ans: 68.5
RL Step 2382 | Loss: 0.0001 | Avg Reward: -0.10 | Time: 8.1s | Prob: A train travels at 42 km/h for... | Ans: 60.6
RL Step 2383 | Loss: 0.0002 | Avg Reward: -0.10 | Time: 8.2s | Prob: A train travels at 40 km/h for... | Ans: 59.5
RL Step 2384 | Loss: 0.0001 | Avg Reward: -0.10 | Time: 8.3s | Prob: A train travels at 61 km/h for... | Ans: 82.67
RL Step 2385 | Loss: 0.0001 | Avg Reward: -0.10 | Time: 8.2s | Prob: A train travels at 73 km/h for... | Ans: 69.8
RL Step 2386 | Loss: 0.0117 | Avg Reward: 0.17 | Time: 8.3s | Prob: A train travels at 62 km/h for... | Ans: 61.67
RL Step 2387 | Loss: 0.0001 | Avg Reward: -0.10 | Time: 8.2s | Prob: A train travels at 45 km/h for... | Ans: 55.5
RL Step 2388 | Loss: 0.0001 | Avg Reward: -0.10 | Time: 8.2s | Prob: A train travels at 58 km/h for... | Ans: 79.0
RL Step 2389 | Loss: 0.0001 | Avg Reward: -0.10 | Time: 8.1s | Prob: A train travels at 48 km/h for... | Ans: 63.0
RL Step 2390 | Loss: 0.0001 | Avg Reward: -0.10 | Time: 8.3s | Prob: A train travels at 53 km/h for... | Ans: 58.14
RL Step 2391 | Loss: 0.0001 | Avg Reward: -0.10 | Time: 8.2s | Prob: A train travels at 58 km/h for... | Ans: 64.0
RL Step 2392 | Loss: 0.0001 | Avg Reward: -0.10 | Time: 8.2s | Prob: A train travels at 75 km/h for... | Ans: 79.0
RL Step 2393 | Loss: 0.0002 | Avg Reward: -0.10 | Time: 8.1s | Prob: A train travels at 68 km/h for... | Ans: 83.0
RL Step 2394 | Loss: 0.0001 | Avg Reward: -0.10 | Time: 8.2s | Prob: A train travels at 60 km/h for... | Ans: 63.5
RL Step 2395 | Loss: 0.0001 | Avg Reward: -0.10 | Time: 8.4s | Prob: A train travels at 55 km/h for... | Ans: 65.0
RL Step 2396 | Loss: 0.0001 | Avg Reward: -0.10 | Time: 8.2s | Prob: A train travels at 49 km/h for... | Ans: 77.12
RL Step 2397 | Loss: 0.0003 | Avg Reward: -0.10 | Time: 8.2s | Prob: A train travels at 49 km/h for... | Ans: 71.5
RL Step 2398 | Loss: 0.0002 | Avg Reward: -0.10 | Time: 8.3s | Prob: A train travels at 71 km/h for... | Ans: 80.0
RL Step 2399 | Loss: 0.0001 | Avg Reward: -0.10 | Time: 8.3s | Prob: A train travels at 58 km/h for... | Ans: 68.0
RL Step 2400 | Loss: 0.0002 | Avg Reward: -0.10 | Time: 8.2s | Prob: A train travels at 45 km/h for... | Ans: 63.0
Saving RL Checkpoint at step 2400...
RL Step 2401 | Loss: -0.0000 | Avg Reward: -0.10 | Time: 8.3s | Prob: A train travels at 48 km/h for... | Ans: 63.33
RL Step 2402 | Loss: 0.0001 | Avg Reward: -0.10 | Time: 8.1s | Prob: A train travels at 78 km/h for... | Ans: 81.6
RL Step 2403 | Loss: 0.0001 | Avg Reward: -0.10 | Time: 8.2s | Prob: A train travels at 74 km/h for... | Ans: 68.5
RL Step 2404 | Loss: 0.0020 | Avg Reward: 0.17 | Time: 8.2s | Prob: A train travels at 57 km/h for... | Ans: 71.33
RL Step 2405 | Loss: 0.0001 | Avg Reward: -0.10 | Time: 8.3s | Prob: A train travels at 49 km/h for... | Ans: 63.29
RL Step 2406 | Loss: 0.0001 | Avg Reward: -0.10 | Time: 8.1s | Prob: A train travels at 49 km/h for... | Ans: 62.8
RL Step 2407 | Loss: 0.0001 | Avg Reward: -0.10 | Time: 8.3s | Prob: A train travels at 58 km/h for... | Ans: 74.71
RL Step 2408 | Loss: 0.0000 | Avg Reward: -0.10 | Time: 8.2s | Prob: A train travels at 44 km/h for... | Ans: 59.86
RL Step 2409 | Loss: 0.0001 | Avg Reward: -0.10 | Time: 8.3s | Prob: A train travels at 43 km/h for... | Ans: 70.14
RL Step 2410 | Loss: 0.0001 | Avg Reward: -0.10 | Time: 8.3s | Prob: A train travels at 63 km/h for... | Ans: 71.67
RL Step 2411 | Loss: 0.0000 | Avg Reward: -0.10 | Time: 8.3s | Prob: A train travels at 51 km/h for... | Ans: 60.67
RL Step 2412 | Loss: -0.0000 | Avg Reward: -0.10 | Time: 8.2s | Prob: A train travels at 69 km/h for... | Ans: 78.86
RL Step 2413 | Loss: 0.0002 | Avg Reward: -0.10 | Time: 8.1s | Prob: A train travels at 44 km/h for... | Ans: 55.0
RL Step 2414 | Loss: 0.0000 | Avg Reward: -0.10 | Time: 8.3s | Prob: A train travels at 42 km/h for... | Ans: 59.57
RL Step 2415 | Loss: 0.0001 | Avg Reward: -0.10 | Time: 8.3s | Prob: A train travels at 67 km/h for... | Ans: 80.14
RL Step 2416 | Loss: 0.0002 | Avg Reward: -0.10 | Time: 8.3s | Prob: A train travels at 65 km/h for... | Ans: 76.43
RL Step 2417 | Loss: 0.0001 | Avg Reward: -0.10 | Time: 8.2s | Prob: A train travels at 42 km/h for... | Ans: 75.33
RL Step 2418 | Loss: 0.0001 | Avg Reward: -0.10 | Time: 8.2s | Prob: A train travels at 56 km/h for... | Ans: 64.8
RL Step 2419 | Loss: 0.0001 | Avg Reward: -0.10 | Time: 8.4s | Prob: A train travels at 71 km/h for... | Ans: 79.29
RL Step 2420 | Loss: 0.0001 | Avg Reward: -0.10 | Time: 8.3s | Prob: A train travels at 70 km/h for... | Ans: 75.78
RL Step 2421 | Loss: 0.0001 | Avg Reward: -0.10 | Time: 8.2s | Prob: A train travels at 49 km/h for... | Ans: 71.0
RL Step 2422 | Loss: -0.0117 | Avg Reward: 0.17 | Time: 8.1s | Prob: A train travels at 74 km/h for... | Ans: 76.5
RL Step 2423 | Loss: 0.0000 | Avg Reward: -0.10 | Time: 8.1s | Prob: A train travels at 44 km/h for... | Ans: 60.8
RL Step 2424 | Loss: 0.0001 | Avg Reward: -0.10 | Time: 8.3s | Prob: A train travels at 71 km/h for... | Ans: 79.33
RL Step 2425 | Loss: 0.0000 | Avg Reward: -0.10 | Time: 8.3s | Prob: A train travels at 67 km/h for... | Ans: 69.78
RL Step 2426 | Loss: 0.0001 | Avg Reward: -0.10 | Time: 8.1s | Prob: A train travels at 41 km/h for... | Ans: 51.0
RL Step 2427 | Loss: 0.0001 | Avg Reward: -0.10 | Time: 8.3s | Prob: A train travels at 60 km/h for... | Ans: 82.86
RL Step 2428 | Loss: 0.0000 | Avg Reward: -0.10 | Time: 8.3s | Prob: A train travels at 41 km/h for... | Ans: 63.86
RL Step 2429 | Loss: 0.0002 | Avg Reward: -0.10 | Time: 8.2s | Prob: A train travels at 46 km/h for... | Ans: 57.33
RL Step 2430 | Loss: 0.0001 | Avg Reward: -0.10 | Time: 8.3s | Prob: A train travels at 51 km/h for... | Ans: 79.0
RL Step 2431 | Loss: 0.0001 | Avg Reward: -0.10 | Time: 8.2s | Prob: A train travels at 80 km/h for... | Ans: 83.0
RL Step 2432 | Loss: -0.0000 | Avg Reward: -0.10 | Time: 8.2s | Prob: A train travels at 60 km/h for... | Ans: 71.5
RL Step 2433 | Loss: 0.0001 | Avg Reward: -0.10 | Time: 8.2s | Prob: A train travels at 70 km/h for... | Ans: 84.0
RL Step 2434 | Loss: 0.0001 | Avg Reward: -0.10 | Time: 8.2s | Prob: A train travels at 64 km/h for... | Ans: 68.57
RL Step 2435 | Loss: 0.0000 | Avg Reward: -0.10 | Time: 8.3s | Prob: A train travels at 44 km/h for... | Ans: 54.29
RL Step 2436 | Loss: 0.0001 | Avg Reward: -0.10 | Time: 8.4s | Prob: A train travels at 72 km/h for... | Ans: 74.5
RL Step 2437 | Loss: 0.0273 | Avg Reward: 0.17 | Time: 8.2s | Prob: A train travels at 63 km/h for... | Ans: 70.5
RL Step 2438 | Loss: 0.0001 | Avg Reward: -0.10 | Time: 8.1s | Prob: A train travels at 73 km/h for... | Ans: 82.0
RL Step 2439 | Loss: 0.0000 | Avg Reward: -0.10 | Time: 8.2s | Prob: A train travels at 78 km/h for... | Ans: 75.5
RL Step 2440 | Loss: 0.0001 | Avg Reward: -0.10 | Time: 8.2s | Prob: A train travels at 60 km/h for... | Ans: 69.5
RL Step 2441 | Loss: 0.0001 | Avg Reward: -0.10 | Time: 8.2s | Prob: A train travels at 47 km/h for... | Ans: 73.67
RL Step 2442 | Loss: 0.0001 | Avg Reward: -0.10 | Time: 8.3s | Prob: A train travels at 65 km/h for... | Ans: 82.5
RL Step 2443 | Loss: 0.0001 | Avg Reward: -0.10 | Time: 8.2s | Prob: A train travels at 79 km/h for... | Ans: 71.5
RL Step 2444 | Loss: -0.0000 | Avg Reward: -0.10 | Time: 8.3s | Prob: A train travels at 50 km/h for... | Ans: 64.44
RL Step 2445 | Loss: -0.0137 | Avg Reward: 0.17 | Time: 8.3s | Prob: A train travels at 72 km/h for... | Ans: 75.43
RL Step 2446 | Loss: 0.0001 | Avg Reward: -0.10 | Time: 8.1s | Prob: A train travels at 65 km/h for... | Ans: 63.5
RL Step 2447 | Loss: 0.0000 | Avg Reward: -0.10 | Time: 8.2s | Prob: A train travels at 40 km/h for... | Ans: 61.0
RL Step 2448 | Loss: -0.0000 | Avg Reward: -0.10 | Time: 8.3s | Prob: A train travels at 74 km/h for... | Ans: 68.29
RL Step 2449 | Loss: 0.0001 | Avg Reward: -0.10 | Time: 8.3s | Prob: A train travels at 50 km/h for... | Ans: 73.43
RL Step 2450 | Loss: 0.0176 | Avg Reward: 0.17 | Time: 8.2s | Prob: A train travels at 53 km/h for... | Ans: 74.5
RL Step 2451 | Loss: 0.0001 | Avg Reward: -0.10 | Time: 8.3s | Prob: A train travels at 69 km/h for... | Ans: 77.57
RL Step 2452 | Loss: 0.0001 | Avg Reward: -0.10 | Time: 8.1s | Prob: A train travels at 57 km/h for... | Ans: 62.5
RL Step 2453 | Loss: 0.0001 | Avg Reward: -0.10 | Time: 8.3s | Prob: A train travels at 51 km/h for... | Ans: 60.33
RL Step 2454 | Loss: 0.0000 | Avg Reward: -0.10 | Time: 8.3s | Prob: A train travels at 66 km/h for... | Ans: 84.75
RL Step 2455 | Loss: 0.0001 | Avg Reward: -0.10 | Time: 8.2s | Prob: A train travels at 63 km/h for... | Ans: 73.0
RL Step 2456 | Loss: 0.0000 | Avg Reward: -0.10 | Time: 8.3s | Prob: A train travels at 61 km/h for... | Ans: 80.29
RL Step 2457 | Loss: 0.0001 | Avg Reward: -0.10 | Time: 8.2s | Prob: A train travels at 59 km/h for... | Ans: 65.0
RL Step 2458 | Loss: 0.0002 | Avg Reward: -0.10 | Time: 8.1s | Prob: A train travels at 47 km/h for... | Ans: 60.0
RL Step 2459 | Loss: 0.0001 | Avg Reward: -0.10 | Time: 8.2s | Prob: A train travels at 69 km/h for... | Ans: 77.0
RL Step 2460 | Loss: 0.0001 | Avg Reward: -0.10 | Time: 8.2s | Prob: A train travels at 58 km/h for... | Ans: 74.0
RL Step 2461 | Loss: 0.0001 | Avg Reward: -0.10 | Time: 8.3s | Prob: A train travels at 46 km/h for... | Ans: 66.0
RL Step 2462 | Loss: 0.0000 | Avg Reward: -0.10 | Time: 8.2s | Prob: A train travels at 72 km/h for... | Ans: 68.5
RL Step 2463 | Loss: 0.0001 | Avg Reward: -0.10 | Time: 8.3s | Prob: A train travels at 77 km/h for... | Ans: 79.86
RL Step 2464 | Loss: -0.0000 | Avg Reward: -0.10 | Time: 8.4s | Prob: A train travels at 78 km/h for... | Ans: 83.33
RL Step 2465 | Loss: 0.0001 | Avg Reward: -0.10 | Time: 8.1s | Prob: A train travels at 61 km/h for... | Ans: 76.2
RL Step 2466 | Loss: 0.0001 | Avg Reward: -0.10 | Time: 8.2s | Prob: A train travels at 55 km/h for... | Ans: 67.0
RL Step 2467 | Loss: 0.0002 | Avg Reward: -0.10 | Time: 8.3s | Prob: A train travels at 75 km/h for... | Ans: 73.0
RL Step 2468 | Loss: 0.0001 | Avg Reward: -0.10 | Time: 8.3s | Prob: A train travels at 75 km/h for... | Ans: 78.38
RL Step 2469 | Loss: -0.0000 | Avg Reward: -0.10 | Time: 8.2s | Prob: A train travels at 50 km/h for... | Ans: 71.33
RL Step 2470 | Loss: -0.0000 | Avg Reward: -0.10 | Time: 8.1s | Prob: A train travels at 51 km/h for... | Ans: 57.0
RL Step 2471 | Loss: 0.0003 | Avg Reward: -0.10 | Time: 8.3s | Prob: A train travels at 66 km/h for... | Ans: 68.0
RL Step 2472 | Loss: 0.0000 | Avg Reward: -0.10 | Time: 8.2s | Prob: A train travels at 77 km/h for... | Ans: 75.0
RL Step 2473 | Loss: 0.0001 | Avg Reward: -0.10 | Time: 8.3s | Prob: A train travels at 51 km/h for... | Ans: 65.67
RL Step 2474 | Loss: 0.0001 | Avg Reward: -0.10 | Time: 8.3s | Prob: A train travels at 66 km/h for... | Ans: 82.0
RL Step 2475 | Loss: 0.0001 | Avg Reward: -0.10 | Time: 8.3s | Prob: A train travels at 59 km/h for... | Ans: 67.44
RL Step 2476 | Loss: 0.0001 | Avg Reward: -0.10 | Time: 8.3s | Prob: A train travels at 73 km/h for... | Ans: 83.71
RL Step 2477 | Loss: 0.0000 | Avg Reward: -0.10 | Time: 8.2s | Prob: A train travels at 75 km/h for... | Ans: 78.5
RL Step 2478 | Loss: 0.0001 | Avg Reward: -0.10 | Time: 8.1s | Prob: A train travels at 47 km/h for... | Ans: 58.6
RL Step 2479 | Loss: 0.0000 | Avg Reward: -0.10 | Time: 8.0s | Prob: A train travels at 46 km/h for... | Ans: 58.0
RL Step 2480 | Loss: -0.0000 | Avg Reward: -0.10 | Time: 8.1s | Prob: A train travels at 63 km/h for... | Ans: 74.0
RL Step 2481 | Loss: 0.0002 | Avg Reward: -0.10 | Time: 8.2s | Prob: A train travels at 62 km/h for... | Ans: 69.22
RL Step 2482 | Loss: 0.0001 | Avg Reward: -0.10 | Time: 8.3s | Prob: A train travels at 56 km/h for... | Ans: 75.38
RL Step 2483 | Loss: 0.0001 | Avg Reward: -0.10 | Time: 8.3s | Prob: A train travels at 65 km/h for... | Ans: 76.14
RL Step 2484 | Loss: 0.0001 | Avg Reward: -0.10 | Time: 8.2s | Prob: A train travels at 41 km/h for... | Ans: 65.5
RL Step 2485 | Loss: 0.0001 | Avg Reward: -0.10 | Time: 8.2s | Prob: A train travels at 59 km/h for... | Ans: 75.5
RL Step 2486 | Loss: 0.0156 | Avg Reward: 0.17 | Time: 8.1s | Prob: A train travels at 79 km/h for... | Ans: 82.5
RL Step 2487 | Loss: 0.0001 | Avg Reward: -0.10 | Time: 8.3s | Prob: A train travels at 57 km/h for... | Ans: 66.33
RL Step 2488 | Loss: 0.0002 | Avg Reward: -0.10 | Time: 8.3s | Prob: A train travels at 49 km/h for... | Ans: 77.0
RL Step 2489 | Loss: 0.0000 | Avg Reward: -0.10 | Time: 8.2s | Prob: A train travels at 49 km/h for... | Ans: 54.25
RL Step 2490 | Loss: 0.0000 | Avg Reward: -0.10 | Time: 8.2s | Prob: A train travels at 42 km/h for... | Ans: 64.67
RL Step 2491 | Loss: 0.0000 | Avg Reward: -0.10 | Time: 8.1s | Prob: A train travels at 77 km/h for... | Ans: 71.5
RL Step 2492 | Loss: 0.0001 | Avg Reward: -0.10 | Time: 8.3s | Prob: A train travels at 71 km/h for... | Ans: 79.0
RL Step 2493 | Loss: 0.0000 | Avg Reward: -0.10 | Time: 8.3s | Prob: A train travels at 54 km/h for... | Ans: 56.25
RL Step 2494 | Loss: 0.0001 | Avg Reward: -0.10 | Time: 8.3s | Prob: A train travels at 57 km/h for... | Ans: 65.75
RL Step 2495 | Loss: 0.0001 | Avg Reward: -0.10 | Time: 8.2s | Prob: A train travels at 56 km/h for... | Ans: 71.5
RL Step 2496 | Loss: 0.0001 | Avg Reward: -0.10 | Time: 8.3s | Prob: A train travels at 76 km/h for... | Ans: 80.29
RL Step 2497 | Loss: 0.0001 | Avg Reward: -0.10 | Time: 8.1s | Prob: A train travels at 80 km/h for... | Ans: 76.0
RL Step 2498 | Loss: 0.0059 | Avg Reward: 0.17 | Time: 8.2s | Prob: A train travels at 56 km/h for... | Ans: 76.57
RL Step 2499 | Loss: 0.0000 | Avg Reward: -0.10 | Time: 8.3s | Prob: A train travels at 77 km/h for... | Ans: 81.0
RL Step 2500 | Loss: 0.0156 | Avg Reward: 0.17 | Time: 8.3s | Prob: A train travels at 45 km/h for... | Ans: 63.67
RL Step 2501 | Loss: 0.0001 | Avg Reward: -0.10 | Time: 8.2s | Prob: A train travels at 60 km/h for... | Ans: 61.2
RL Step 2502 | Loss: 0.0001 | Avg Reward: -0.10 | Time: 8.3s | Prob: A train travels at 55 km/h for... | Ans: 78.75
RL Step 2503 | Loss: 0.0001 | Avg Reward: -0.10 | Time: 8.1s | Prob: A train travels at 42 km/h for... | Ans: 51.5
RL Step 2504 | Loss: 0.0001 | Avg Reward: -0.10 | Time: 8.3s | Prob: A train travels at 74 km/h for... | Ans: 76.0
RL Step 2505 | Loss: 0.0001 | Avg Reward: -0.10 | Time: 8.1s | Prob: A train travels at 56 km/h for... | Ans: 66.8
RL Step 2506 | Loss: -0.0001 | Avg Reward: -0.10 | Time: 8.3s | Prob: A train travels at 55 km/h for... | Ans: 78.75
RL Step 2507 | Loss: 0.0001 | Avg Reward: -0.10 | Time: 8.2s | Prob: A train travels at 63 km/h for... | Ans: 85.0
RL Step 2508 | Loss: 0.0117 | Avg Reward: 0.17 | Time: 8.2s | Prob: A train travels at 61 km/h for... | Ans: 86.33
RL Step 2509 | Loss: 0.0002 | Avg Reward: -0.10 | Time: 8.2s | Prob: A train travels at 60 km/h for... | Ans: 65.78
RL Step 2510 | Loss: 0.0391 | Avg Reward: 0.17 | Time: 8.2s | Prob: A train travels at 49 km/h for... | Ans: 62.5
RL Step 2511 | Loss: 0.0000 | Avg Reward: -0.10 | Time: 8.3s | Prob: A train travels at 58 km/h for... | Ans: 60.0
RL Step 2512 | Loss: 0.0001 | Avg Reward: -0.10 | Time: 8.2s | Prob: A train travels at 64 km/h for... | Ans: 68.0
RL Step 2513 | Loss: 0.0002 | Avg Reward: -0.10 | Time: 8.2s | Prob: A train travels at 45 km/h for... | Ans: 67.67
RL Step 2514 | Loss: 0.0002 | Avg Reward: -0.10 | Time: 8.1s | Prob: A train travels at 71 km/h for... | Ans: 69.0
RL Step 2515 | Loss: 0.0000 | Avg Reward: -0.10 | Time: 8.3s | Prob: A train travels at 45 km/h for... | Ans: 54.43
RL Step 2516 | Loss: 0.0001 | Avg Reward: -0.10 | Time: 8.3s | Prob: A train travels at 72 km/h for... | Ans: 73.14
RL Step 2517 | Loss: 0.0001 | Avg Reward: -0.10 | Time: 8.2s | Prob: A train travels at 50 km/h for... | Ans: 61.57
RL Step 2518 | Loss: 0.0001 | Avg Reward: -0.10 | Time: 8.2s | Prob: A train travels at 62 km/h for... | Ans: 77.0
RL Step 2519 | Loss: 0.0001 | Avg Reward: -0.10 | Time: 8.2s | Prob: A train travels at 70 km/h for... | Ans: 86.57
RL Step 2520 | Loss: 0.0001 | Avg Reward: -0.10 | Time: 8.3s | Prob: A train travels at 76 km/h for... | Ans: 71.62
RL Step 2521 | Loss: 0.0002 | Avg Reward: -0.10 | Time: 8.2s | Prob: A train travels at 80 km/h for... | Ans: 90.0
RL Step 2522 | Loss: 0.0001 | Avg Reward: -0.10 | Time: 8.1s | Prob: A train travels at 63 km/h for... | Ans: 64.0
RL Step 2523 | Loss: 0.0003 | Avg Reward: -0.10 | Time: 8.1s | Prob: A train travels at 56 km/h for... | Ans: 67.6
RL Step 2524 | Loss: 0.0003 | Avg Reward: -0.10 | Time: 8.1s | Prob: A train travels at 68 km/h for... | Ans: 81.5
RL Step 2525 | Loss: 0.0001 | Avg Reward: -0.10 | Time: 8.3s | Prob: A train travels at 53 km/h for... | Ans: 59.0
RL Step 2526 | Loss: 0.0000 | Avg Reward: -0.10 | Time: 8.1s | Prob: A train travels at 44 km/h for... | Ans: 52.0
RL Step 2527 | Loss: 0.0001 | Avg Reward: -0.10 | Time: 8.3s | Prob: A train travels at 56 km/h for... | Ans: 60.0
RL Step 2528 | Loss: 0.0000 | Avg Reward: -0.10 | Time: 8.2s | Prob: A train travels at 50 km/h for... | Ans: 57.2
RL Step 2529 | Loss: 0.0000 | Avg Reward: -0.10 | Time: 8.3s | Prob: A train travels at 61 km/h for... | Ans: 74.33
RL Step 2530 | Loss: 0.0001 | Avg Reward: -0.10 | Time: 8.1s | Prob: A train travels at 74 km/h for... | Ans: 72.5
RL Step 2531 | Loss: 0.0000 | Avg Reward: -0.10 | Time: 8.3s | Prob: A train travels at 60 km/h for... | Ans: 67.43
RL Step 2532 | Loss: 0.0001 | Avg Reward: -0.10 | Time: 8.1s | Prob: A train travels at 68 km/h for... | Ans: 66.8
RL Step 2533 | Loss: 0.0000 | Avg Reward: -0.10 | Time: 8.2s | Prob: A train travels at 53 km/h for... | Ans: 73.5
RL Step 2534 | Loss: 0.0001 | Avg Reward: -0.10 | Time: 8.3s | Prob: A train travels at 76 km/h for... | Ans: 77.11
RL Step 2535 | Loss: 0.0001 | Avg Reward: -0.10 | Time: 8.2s | Prob: A train travels at 40 km/h for... | Ans: 58.5
RL Step 2536 | Loss: 0.0000 | Avg Reward: -0.10 | Time: 8.2s | Prob: A train travels at 59 km/h for... | Ans: 65.5
RL Step 2537 | Loss: 0.0001 | Avg Reward: -0.10 | Time: 8.2s | Prob: A train travels at 53 km/h for... | Ans: 75.0
RL Step 2538 | Loss: 0.0000 | Avg Reward: -0.10 | Time: 8.3s | Prob: A train travels at 76 km/h for... | Ans: 89.12
RL Step 2539 | Loss: 0.0039 | Avg Reward: 0.17 | Time: 8.2s | Prob: A train travels at 77 km/h for... | Ans: 86.5
RL Step 2540 | Loss: 0.0000 | Avg Reward: -0.10 | Time: 8.1s | Prob: A train travels at 80 km/h for... | Ans: 74.0
RL Step 2541 | Loss: 0.0000 | Avg Reward: -0.10 | Time: 8.3s | Prob: A train travels at 61 km/h for... | Ans: 81.0
RL Step 2542 | Loss: 0.0000 | Avg Reward: -0.10 | Time: 8.3s | Prob: A train travels at 47 km/h for... | Ans: 67.0
RL Step 2543 | Loss: 0.0000 | Avg Reward: -0.10 | Time: 8.2s | Prob: A train travels at 47 km/h for... | Ans: 64.25
RL Step 2544 | Loss: 0.0001 | Avg Reward: -0.10 | Time: 8.2s | Prob: A train travels at 51 km/h for... | Ans: 60.0
RL Step 2545 | Loss: 0.0001 | Avg Reward: -0.10 | Time: 8.3s | Prob: A train travels at 63 km/h for... | Ans: 63.43
RL Step 2546 | Loss: 0.0000 | Avg Reward: -0.10 | Time: 8.2s | Prob: A train travels at 54 km/h for... | Ans: 70.0
RL Step 2547 | Loss: 0.0001 | Avg Reward: -0.10 | Time: 8.1s | Prob: A train travels at 69 km/h for... | Ans: 72.0
RL Step 2548 | Loss: 0.0001 | Avg Reward: -0.10 | Time: 8.3s | Prob: A train travels at 60 km/h for... | Ans: 70.71
RL Step 2549 | Loss: 0.0000 | Avg Reward: -0.10 | Time: 8.2s | Prob: A train travels at 41 km/h for... | Ans: 56.5
RL Step 2550 | Loss: 0.0001 | Avg Reward: -0.10 | Time: 8.1s | Prob: A train travels at 80 km/h for... | Ans: 81.5
RL Step 2551 | Loss: -0.0078 | Avg Reward: 0.17 | Time: 8.2s | Prob: A train travels at 70 km/h for... | Ans: 83.5
RL Step 2552 | Loss: 0.0234 | Avg Reward: 0.17 | Time: 8.1s | Prob: A train travels at 70 km/h for... | Ans: 73.5
RL Step 2553 | Loss: 0.0000 | Avg Reward: -0.10 | Time: 8.3s | Prob: A train travels at 71 km/h for... | Ans: 67.88
RL Step 2554 | Loss: -0.0020 | Avg Reward: 0.17 | Time: 8.1s | Prob: A train travels at 69 km/h for... | Ans: 81.5
RL Step 2555 | Loss: 0.0001 | Avg Reward: -0.10 | Time: 8.3s | Prob: A train travels at 48 km/h for... | Ans: 64.5
RL Step 2556 | Loss: 0.0001 | Avg Reward: -0.10 | Time: 8.3s | Prob: A train travels at 69 km/h for... | Ans: 71.25
RL Step 2557 | Loss: 0.0001 | Avg Reward: -0.10 | Time: 8.2s | Prob: A train travels at 46 km/h for... | Ans: 55.5
RL Step 2558 | Loss: 0.0000 | Avg Reward: -0.10 | Time: 8.3s | Prob: A train travels at 49 km/h for... | Ans: 53.33
RL Step 2559 | Loss: 0.0001 | Avg Reward: -0.10 | Time: 8.3s | Prob: A train travels at 66 km/h for... | Ans: 70.44
RL Step 2560 | Loss: 0.0001 | Avg Reward: -0.10 | Time: 8.2s | Prob: A train travels at 71 km/h for... | Ans: 70.5
RL Step 2561 | Loss: 0.0000 | Avg Reward: -0.10 | Time: 8.2s | Prob: A train travels at 50 km/h for... | Ans: 66.5
RL Step 2562 | Loss: 0.0001 | Avg Reward: -0.10 | Time: 8.1s | Prob: A train travels at 61 km/h for... | Ans: 78.0
RL Step 2563 | Loss: 0.0001 | Avg Reward: -0.10 | Time: 8.1s | Prob: A train travels at 49 km/h for... | Ans: 56.8
RL Step 2564 | Loss: -0.0020 | Avg Reward: 0.17 | Time: 8.2s | Prob: A train travels at 76 km/h for... | Ans: 79.33
RL Step 2565 | Loss: 0.0001 | Avg Reward: -0.10 | Time: 8.3s | Prob: A train travels at 70 km/h for... | Ans: 69.14
RL Step 2566 | Loss: 0.0001 | Avg Reward: -0.10 | Time: 8.3s | Prob: A train travels at 47 km/h for... | Ans: 57.86
RL Step 2567 | Loss: 0.0078 | Avg Reward: 0.17 | Time: 8.3s | Prob: A train travels at 43 km/h for... | Ans: 57.57
RL Step 2568 | Loss: 0.0001 | Avg Reward: -0.10 | Time: 8.3s | Prob: A train travels at 66 km/h for... | Ans: 85.43
RL Step 2569 | Loss: 0.0000 | Avg Reward: -0.10 | Time: 8.2s | Prob: A train travels at 68 km/h for... | Ans: 67.71
RL Step 2570 | Loss: 0.0000 | Avg Reward: -0.10 | Time: 8.3s | Prob: A train travels at 70 km/h for... | Ans: 68.71
RL Step 2571 | Loss: 0.0002 | Avg Reward: -0.10 | Time: 8.3s | Prob: A train travels at 67 km/h for... | Ans: 76.0
RL Step 2572 | Loss: 0.0215 | Avg Reward: 0.17 | Time: 8.2s | Prob: A train travels at 50 km/h for... | Ans: 70.0
RL Step 2573 | Loss: 0.0001 | Avg Reward: -0.10 | Time: 8.2s | Prob: A train travels at 54 km/h for... | Ans: 62.33
RL Step 2574 | Loss: -0.0039 | Avg Reward: 0.17 | Time: 8.1s | Prob: A train travels at 76 km/h for... | Ans: 69.5
RL Step 2575 | Loss: 0.0000 | Avg Reward: -0.10 | Time: 8.3s | Prob: A train travels at 75 km/h for... | Ans: 90.0
RL Step 2576 | Loss: -0.0000 | Avg Reward: -0.10 | Time: 8.3s | Prob: A train travels at 77 km/h for... | Ans: 85.89
RL Step 2577 | Loss: -0.0000 | Avg Reward: -0.10 | Time: 8.2s | Prob: A train travels at 62 km/h for... | Ans: 63.0
RL Step 2578 | Loss: 0.0000 | Avg Reward: -0.10 | Time: 8.1s | Prob: A train travels at 77 km/h for... | Ans: 77.0
RL Step 2579 | Loss: 0.0003 | Avg Reward: -0.10 | Time: 8.1s | Prob: A train travels at 56 km/h for... | Ans: 59.5
RL Step 2580 | Loss: 0.0000 | Avg Reward: -0.10 | Time: 8.2s | Prob: A train travels at 58 km/h for... | Ans: 65.12
RL Step 2581 | Loss: -0.0039 | Avg Reward: 0.17 | Time: 8.1s | Prob: A train travels at 50 km/h for... | Ans: 63.5
RL Step 2582 | Loss: 0.0000 | Avg Reward: -0.10 | Time: 8.3s | Prob: A train travels at 76 km/h for... | Ans: 76.86
RL Step 2583 | Loss: 0.0001 | Avg Reward: -0.10 | Time: 8.1s | Prob: A train travels at 68 km/h for... | Ans: 86.0
RL Step 2584 | Loss: -0.0000 | Avg Reward: -0.10 | Time: 8.1s | Prob: A train travels at 68 km/h for... | Ans: 83.5
RL Step 2585 | Loss: 0.0001 | Avg Reward: -0.10 | Time: 8.4s | Prob: A train travels at 60 km/h for... | Ans: 73.75
RL Step 2586 | Loss: 0.0001 | Avg Reward: -0.10 | Time: 8.3s | Prob: A train travels at 52 km/h for... | Ans: 70.57
RL Step 2587 | Loss: 0.0000 | Avg Reward: -0.10 | Time: 8.1s | Prob: A train travels at 70 km/h for... | Ans: 71.0
RL Step 2588 | Loss: 0.0001 | Avg Reward: -0.10 | Time: 8.3s | Prob: A train travels at 67 km/h for... | Ans: 75.33
RL Step 2589 | Loss: 0.0001 | Avg Reward: -0.10 | Time: 8.4s | Prob: A train travels at 42 km/h for... | Ans: 60.12
RL Step 2590 | Loss: 0.0001 | Avg Reward: -0.10 | Time: 8.1s | Prob: A train travels at 45 km/h for... | Ans: 64.8
RL Step 2591 | Loss: -0.0000 | Avg Reward: -0.10 | Time: 8.1s | Prob: A train travels at 40 km/h for... | Ans: 61.6
RL Step 2592 | Loss: 0.0001 | Avg Reward: -0.10 | Time: 8.3s | Prob: A train travels at 49 km/h for... | Ans: 65.0
RL Step 2593 | Loss: 0.0117 | Avg Reward: 0.17 | Time: 8.2s | Prob: A train travels at 63 km/h for... | Ans: 61.5
RL Step 2594 | Loss: 0.0176 | Avg Reward: 0.17 | Time: 8.1s | Prob: A train travels at 47 km/h for... | Ans: 77.6
RL Step 2595 | Loss: -0.0000 | Avg Reward: -0.10 | Time: 8.3s | Prob: A train travels at 54 km/h for... | Ans: 60.38
RL Step 2596 | Loss: 0.0003 | Avg Reward: -0.10 | Time: 8.1s | Prob: A train travels at 63 km/h for... | Ans: 70.6
RL Step 2597 | Loss: 0.0001 | Avg Reward: -0.10 | Time: 8.3s | Prob: A train travels at 43 km/h for... | Ans: 76.57
RL Step 2598 | Loss: 0.0001 | Avg Reward: -0.10 | Time: 8.3s | Prob: A train travels at 45 km/h for... | Ans: 59.57
RL Step 2599 | Loss: 0.0001 | Avg Reward: -0.10 | Time: 8.2s | Prob: A train travels at 45 km/h for... | Ans: 53.4
RL Step 2600 | Loss: 0.0000 | Avg Reward: -0.10 | Time: 8.3s | Prob: A train travels at 69 km/h for... | Ans: 66.43
Saving RL Checkpoint at step 2600...
RL Step 2601 | Loss: 0.0001 | Avg Reward: -0.10 | Time: 8.3s | Prob: A train travels at 72 km/h for... | Ans: 89.5
RL Step 2602 | Loss: 0.0664 | Avg Reward: 0.45 | Time: 8.2s | Prob: A train travels at 40 km/h for... | Ans: 63.5
RL Step 2603 | Loss: 0.0137 | Avg Reward: 0.17 | Time: 8.3s | Prob: A train travels at 46 km/h for... | Ans: 58.86
RL Step 2604 | Loss: 0.0001 | Avg Reward: -0.10 | Time: 8.3s | Prob: A train travels at 58 km/h for... | Ans: 74.0
RL Step 2605 | Loss: 0.0001 | Avg Reward: -0.10 | Time: 8.3s | Prob: A train travels at 62 km/h for... | Ans: 74.0
RL Step 2606 | Loss: 0.0002 | Avg Reward: -0.10 | Time: 8.2s | Prob: A train travels at 53 km/h for... | Ans: 70.71
RL Step 2607 | Loss: 0.0001 | Avg Reward: -0.10 | Time: 8.1s | Prob: A train travels at 57 km/h for... | Ans: 73.0
RL Step 2608 | Loss: 0.0001 | Avg Reward: -0.10 | Time: 8.3s | Prob: A train travels at 80 km/h for... | Ans: 89.44
RL Step 2609 | Loss: 0.0002 | Avg Reward: -0.10 | Time: 8.2s | Prob: A train travels at 48 km/h for... | Ans: 57.5
RL Step 2610 | Loss: 0.0001 | Avg Reward: -0.10 | Time: 8.3s | Prob: A train travels at 80 km/h for... | Ans: 89.71
RL Step 2611 | Loss: 0.0000 | Avg Reward: -0.10 | Time: 8.2s | Prob: A train travels at 44 km/h for... | Ans: 58.5
RL Step 2612 | Loss: 0.0000 | Avg Reward: -0.10 | Time: 8.1s | Prob: A train travels at 75 km/h for... | Ans: 74.0
RL Step 2613 | Loss: 0.0001 | Avg Reward: -0.10 | Time: 8.3s | Prob: A train travels at 62 km/h for... | Ans: 68.29
RL Step 2614 | Loss: 0.0001 | Avg Reward: -0.10 | Time: 8.3s | Prob: A train travels at 69 km/h for... | Ans: 76.22
RL Step 2615 | Loss: 0.0000 | Avg Reward: -0.10 | Time: 8.2s | Prob: A train travels at 57 km/h for... | Ans: 63.33
RL Step 2616 | Loss: 0.0001 | Avg Reward: -0.10 | Time: 8.3s | Prob: A train travels at 78 km/h for... | Ans: 79.71
RL Step 2617 | Loss: 0.0001 | Avg Reward: -0.10 | Time: 8.3s | Prob: A train travels at 50 km/h for... | Ans: 67.5
RL Step 2618 | Loss: -0.0000 | Avg Reward: -0.10 | Time: 8.1s | Prob: A train travels at 67 km/h for... | Ans: 70.0
RL Step 2619 | Loss: 0.0001 | Avg Reward: -0.10 | Time: 8.1s | Prob: A train travels at 67 km/h for... | Ans: 67.0
RL Step 2620 | Loss: 0.0000 | Avg Reward: -0.10 | Time: 8.2s | Prob: A train travels at 61 km/h for... | Ans: 77.5
RL Step 2621 | Loss: 0.0001 | Avg Reward: -0.10 | Time: 8.3s | Prob: A train travels at 40 km/h for... | Ans: 56.88
RL Step 2622 | Loss: 0.0001 | Avg Reward: -0.10 | Time: 8.3s | Prob: A train travels at 47 km/h for... | Ans: 59.44
RL Step 2623 | Loss: 0.0000 | Avg Reward: -0.10 | Time: 8.3s | Prob: A train travels at 55 km/h for... | Ans: 65.67
RL Step 2624 | Loss: 0.0001 | Avg Reward: -0.10 | Time: 8.2s | Prob: A train travels at 68 km/h for... | Ans: 70.86
RL Step 2625 | Loss: 0.0001 | Avg Reward: -0.10 | Time: 8.1s | Prob: A train travels at 79 km/h for... | Ans: 72.5
RL Step 2626 | Loss: 0.0391 | Avg Reward: 0.17 | Time: 8.2s | Prob: A train travels at 76 km/h for... | Ans: 69.6
RL Step 2627 | Loss: 0.0001 | Avg Reward: -0.10 | Time: 8.3s | Prob: A train travels at 52 km/h for... | Ans: 70.86
RL Step 2628 | Loss: 0.0001 | Avg Reward: -0.10 | Time: 8.3s | Prob: A train travels at 46 km/h for... | Ans: 61.0
RL Step 2629 | Loss: 0.0001 | Avg Reward: -0.10 | Time: 8.1s | Prob: A train travels at 69 km/h for... | Ans: 79.0
RL Step 2630 | Loss: 0.0000 | Avg Reward: -0.10 | Time: 8.2s | Prob: A train travels at 52 km/h for... | Ans: 64.0
RL Step 2631 | Loss: 0.0001 | Avg Reward: -0.10 | Time: 8.1s | Prob: A train travels at 47 km/h for... | Ans: 54.8
RL Step 2632 | Loss: 0.0000 | Avg Reward: -0.10 | Time: 8.3s | Prob: A train travels at 58 km/h for... | Ans: 63.0
RL Step 2633 | Loss: -0.0020 | Avg Reward: 0.17 | Time: 8.2s | Prob: A train travels at 60 km/h for... | Ans: 71.5
RL Step 2634 | Loss: 0.0001 | Avg Reward: -0.10 | Time: 8.1s | Prob: A train travels at 63 km/h for... | Ans: 72.6
RL Step 2635 | Loss: 0.0352 | Avg Reward: 0.17 | Time: 8.2s | Prob: A train travels at 44 km/h for... | Ans: 57.67
RL Step 2636 | Loss: 0.0001 | Avg Reward: -0.10 | Time: 8.2s | Prob: A train travels at 44 km/h for... | Ans: 61.14
RL Step 2637 | Loss: 0.0002 | Avg Reward: -0.10 | Time: 8.2s | Prob: A train travels at 45 km/h for... | Ans: 56.33
RL Step 2638 | Loss: 0.0001 | Avg Reward: -0.10 | Time: 8.2s | Prob: A train travels at 50 km/h for... | Ans: 62.33
RL Step 2639 | Loss: 0.0000 | Avg Reward: -0.10 | Time: 8.1s | Prob: A train travels at 57 km/h for... | Ans: 75.0
RL Step 2640 | Loss: 0.0001 | Avg Reward: -0.10 | Time: 8.3s | Prob: A train travels at 62 km/h for... | Ans: 70.57
RL Step 2641 | Loss: 0.0001 | Avg Reward: -0.10 | Time: 8.1s | Prob: A train travels at 53 km/h for... | Ans: 57.5
RL Step 2642 | Loss: 0.0001 | Avg Reward: -0.10 | Time: 8.3s | Prob: A train travels at 80 km/h for... | Ans: 73.33
RL Step 2643 | Loss: 0.0000 | Avg Reward: -0.10 | Time: 8.3s | Prob: A train travels at 68 km/h for... | Ans: 79.56
RL Step 2644 | Loss: 0.0001 | Avg Reward: -0.10 | Time: 8.1s | Prob: A train travels at 71 km/h for... | Ans: 84.2
RL Step 2645 | Loss: 0.0000 | Avg Reward: -0.10 | Time: 8.3s | Prob: A train travels at 78 km/h for... | Ans: 81.38
RL Step 2646 | Loss: 0.0001 | Avg Reward: -0.10 | Time: 8.1s | Prob: A train travels at 77 km/h for... | Ans: 79.0
RL Step 2647 | Loss: 0.0137 | Avg Reward: 0.17 | Time: 8.1s | Prob: A train travels at 77 km/h for... | Ans: 87.2
RL Step 2648 | Loss: 0.0001 | Avg Reward: -0.10 | Time: 8.1s | Prob: A train travels at 60 km/h for... | Ans: 61.0
RL Step 2649 | Loss: 0.0001 | Avg Reward: -0.10 | Time: 8.3s | Prob: A train travels at 62 km/h for... | Ans: 62.43
RL Step 2650 | Loss: 0.0000 | Avg Reward: -0.10 | Time: 8.3s | Prob: A train travels at 46 km/h for... | Ans: 58.44
RL Step 2651 | Loss: 0.0098 | Avg Reward: 0.17 | Time: 8.2s | Prob: A train travels at 52 km/h for... | Ans: 63.43
RL Step 2652 | Loss: 0.0001 | Avg Reward: -0.10 | Time: 8.3s | Prob: A train travels at 69 km/h for... | Ans: 64.43
RL Step 2653 | Loss: 0.0001 | Avg Reward: -0.10 | Time: 8.2s | Prob: A train travels at 53 km/h for... | Ans: 67.5
RL Step 2654 | Loss: 0.0001 | Avg Reward: -0.10 | Time: 8.2s | Prob: A train travels at 48 km/h for... | Ans: 54.0
RL Step 2655 | Loss: 0.0001 | Avg Reward: -0.10 | Time: 8.3s | Prob: A train travels at 75 km/h for... | Ans: 76.67
RL Step 2656 | Loss: 0.0002 | Avg Reward: -0.10 | Time: 8.3s | Prob: A train travels at 65 km/h for... | Ans: 73.67
RL Step 2657 | Loss: 0.0000 | Avg Reward: -0.10 | Time: 8.2s | Prob: A train travels at 67 km/h for... | Ans: 69.67
RL Step 2658 | Loss: 0.0000 | Avg Reward: -0.10 | Time: 8.2s | Prob: A train travels at 60 km/h for... | Ans: 66.5
RL Step 2659 | Loss: 0.0273 | Avg Reward: 0.45 | Time: 8.2s | Prob: A train travels at 54 km/h for... | Ans: 67.0
RL Step 2660 | Loss: -0.0020 | Avg Reward: 0.17 | Time: 8.1s | Prob: A train travels at 54 km/h for... | Ans: 67.5
RL Step 2661 | Loss: 0.0001 | Avg Reward: -0.10 | Time: 8.2s | Prob: A train travels at 62 km/h for... | Ans: 74.0
RL Step 2662 | Loss: 0.0000 | Avg Reward: -0.10 | Time: 8.3s | Prob: A train travels at 64 km/h for... | Ans: 63.11
RL Step 2663 | Loss: 0.0001 | Avg Reward: -0.10 | Time: 8.3s | Prob: A train travels at 57 km/h for... | Ans: 71.25
RL Step 2664 | Loss: 0.0001 | Avg Reward: -0.10 | Time: 8.1s | Prob: A train travels at 45 km/h for... | Ans: 55.5
RL Step 2665 | Loss: 0.0001 | Avg Reward: -0.10 | Time: 8.3s | Prob: A train travels at 74 km/h for... | Ans: 70.25
RL Step 2666 | Loss: 0.0000 | Avg Reward: -0.10 | Time: 8.3s | Prob: A train travels at 54 km/h for... | Ans: 67.33
RL Step 2667 | Loss: 0.0000 | Avg Reward: -0.10 | Time: 8.3s | Prob: A train travels at 46 km/h for... | Ans: 63.71
RL Step 2668 | Loss: 0.0078 | Avg Reward: 0.17 | Time: 8.2s | Prob: A train travels at 52 km/h for... | Ans: 64.67
RL Step 2669 | Loss: 0.0001 | Avg Reward: -0.10 | Time: 8.3s | Prob: A train travels at 62 km/h for... | Ans: 64.22
RL Step 2670 | Loss: 0.0002 | Avg Reward: -0.10 | Time: 8.3s | Prob: A train travels at 42 km/h for... | Ans: 67.33
RL Step 2671 | Loss: 0.0001 | Avg Reward: -0.10 | Time: 8.3s | Prob: A train travels at 50 km/h for... | Ans: 57.29
RL Step 2672 | Loss: 0.0001 | Avg Reward: -0.10 | Time: 8.3s | Prob: A train travels at 79 km/h for... | Ans: 91.0
RL Step 2673 | Loss: 0.0000 | Avg Reward: -0.10 | Time: 8.2s | Prob: A train travels at 54 km/h for... | Ans: 63.6
RL Step 2674 | Loss: 0.0001 | Avg Reward: -0.10 | Time: 8.2s | Prob: A train travels at 50 km/h for... | Ans: 69.71
RL Step 2675 | Loss: 0.0001 | Avg Reward: -0.10 | Time: 8.3s | Prob: A train travels at 77 km/h for... | Ans: 85.75
RL Step 2676 | Loss: 0.0001 | Avg Reward: -0.10 | Time: 8.1s | Prob: A train travels at 64 km/h for... | Ans: 68.5
RL Step 2677 | Loss: 0.0002 | Avg Reward: -0.10 | Time: 8.3s | Prob: A train travels at 68 km/h for... | Ans: 83.0
RL Step 2678 | Loss: 0.0001 | Avg Reward: -0.10 | Time: 8.4s | Prob: A train travels at 80 km/h for... | Ans: 75.43
RL Step 2679 | Loss: 0.0001 | Avg Reward: -0.10 | Time: 8.2s | Prob: A train travels at 78 km/h for... | Ans: 87.0
RL Step 2680 | Loss: 0.0001 | Avg Reward: -0.10 | Time: 8.3s | Prob: A train travels at 75 km/h for... | Ans: 67.78
RL Step 2681 | Loss: 0.0000 | Avg Reward: -0.10 | Time: 8.3s | Prob: A train travels at 52 km/h for... | Ans: 68.12
RL Step 2682 | Loss: 0.0002 | Avg Reward: -0.10 | Time: 8.2s | Prob: A train travels at 40 km/h for... | Ans: 55.2
RL Step 2683 | Loss: 0.0002 | Avg Reward: -0.10 | Time: 8.2s | Prob: A train travels at 74 km/h for... | Ans: 75.43
RL Step 2684 | Loss: 0.0001 | Avg Reward: -0.10 | Time: 8.1s | Prob: A train travels at 40 km/h for... | Ans: 55.0
RL Step 2685 | Loss: 0.0002 | Avg Reward: -0.10 | Time: 8.3s | Prob: A train travels at 77 km/h for... | Ans: 81.0
RL Step 2686 | Loss: 0.0001 | Avg Reward: -0.10 | Time: 8.1s | Prob: A train travels at 73 km/h for... | Ans: 74.0
RL Step 2687 | Loss: 0.0098 | Avg Reward: 0.17 | Time: 8.3s | Prob: A train travels at 54 km/h for... | Ans: 63.67
RL Step 2688 | Loss: 0.0059 | Avg Reward: 0.17 | Time: 8.2s | Prob: A train travels at 68 km/h for... | Ans: 65.0
RL Step 2689 | Loss: 0.0001 | Avg Reward: -0.10 | Time: 8.1s | Prob: A train travels at 59 km/h for... | Ans: 63.0
RL Step 2690 | Loss: 0.0001 | Avg Reward: -0.10 | Time: 8.3s | Prob: A train travels at 63 km/h for... | Ans: 78.0
RL Step 2691 | Loss: 0.0001 | Avg Reward: -0.10 | Time: 8.3s | Prob: A train travels at 72 km/h for... | Ans: 65.12
RL Step 2692 | Loss: 0.0000 | Avg Reward: -0.10 | Time: 8.3s | Prob: A train travels at 62 km/h for... | Ans: 64.57
RL Step 2693 | Loss: 0.0001 | Avg Reward: -0.10 | Time: 8.1s | Prob: A train travels at 74 km/h for... | Ans: 78.0
RL Step 2694 | Loss: 0.0000 | Avg Reward: -0.10 | Time: 8.2s | Prob: A train travels at 56 km/h for... | Ans: 65.43
RL Step 2695 | Loss: 0.0002 | Avg Reward: -0.10 | Time: 8.2s | Prob: A train travels at 57 km/h for... | Ans: 77.5
RL Step 2696 | Loss: 0.0001 | Avg Reward: -0.10 | Time: 8.4s | Prob: A train travels at 80 km/h for... | Ans: 72.78
RL Step 2697 | Loss: 0.0000 | Avg Reward: -0.10 | Time: 8.2s | Prob: A train travels at 51 km/h for... | Ans: 59.0
RL Step 2698 | Loss: 0.0001 | Avg Reward: -0.10 | Time: 8.3s | Prob: A train travels at 71 km/h for... | Ans: 75.44
RL Step 2699 | Loss: 0.0001 | Avg Reward: -0.10 | Time: 8.2s | Prob: A train travels at 54 km/h for... | Ans: 67.0
RL Step 2700 | Loss: 0.0000 | Avg Reward: -0.10 | Time: 8.2s | Prob: A train travels at 60 km/h for... | Ans: 67.0
RL Step 2701 | Loss: 0.0001 | Avg Reward: -0.10 | Time: 8.4s | Prob: A train travels at 45 km/h for... | Ans: 49.29
RL Step 2702 | Loss: 0.0000 | Avg Reward: -0.10 | Time: 8.1s | Prob: A train travels at 56 km/h for... | Ans: 65.0
RL Step 2703 | Loss: 0.0000 | Avg Reward: -0.10 | Time: 8.3s | Prob: A train travels at 79 km/h for... | Ans: 91.67
RL Step 2704 | Loss: 0.0000 | Avg Reward: -0.10 | Time: 8.3s | Prob: A train travels at 41 km/h for... | Ans: 66.71
RL Step 2705 | Loss: 0.0410 | Avg Reward: 0.17 | Time: 8.2s | Prob: A train travels at 62 km/h for... | Ans: 76.0
RL Step 2706 | Loss: 0.0000 | Avg Reward: -0.10 | Time: 8.1s | Prob: A train travels at 80 km/h for... | Ans: 83.0
RL Step 2707 | Loss: 0.0001 | Avg Reward: -0.10 | Time: 8.0s | Prob: A train travels at 62 km/h for... | Ans: 79.0
RL Step 2708 | Loss: 0.0001 | Avg Reward: -0.10 | Time: 8.3s | Prob: A train travels at 53 km/h for... | Ans: 62.38
RL Step 2709 | Loss: -0.0020 | Avg Reward: 0.17 | Time: 8.1s | Prob: A train travels at 52 km/h for... | Ans: 65.0
RL Step 2710 | Loss: 0.0001 | Avg Reward: -0.10 | Time: 8.3s | Prob: A train travels at 61 km/h for... | Ans: 86.0
RL Step 2711 | Loss: 0.0001 | Avg Reward: -0.10 | Time: 8.1s | Prob: A train travels at 60 km/h for... | Ans: 67.5
RL Step 2712 | Loss: 0.0001 | Avg Reward: -0.10 | Time: 8.3s | Prob: A train travels at 74 km/h for... | Ans: 78.67
RL Step 2713 | Loss: 0.0001 | Avg Reward: -0.10 | Time: 8.2s | Prob: A train travels at 57 km/h for... | Ans: 72.0
RL Step 2714 | Loss: 0.0000 | Avg Reward: -0.10 | Time: 8.3s | Prob: A train travels at 74 km/h for... | Ans: 79.14
RL Step 2715 | Loss: 0.0098 | Avg Reward: 0.17 | Time: 8.3s | Prob: A train travels at 78 km/h for... | Ans: 77.43
RL Step 2716 | Loss: 0.0001 | Avg Reward: -0.10 | Time: 8.2s | Prob: A train travels at 53 km/h for... | Ans: 56.0
RL Step 2717 | Loss: 0.0001 | Avg Reward: -0.10 | Time: 8.3s | Prob: A train travels at 48 km/h for... | Ans: 68.0
RL Step 2718 | Loss: 0.0001 | Avg Reward: -0.10 | Time: 8.0s | Prob: A train travels at 77 km/h for... | Ans: 77.0
RL Step 2719 | Loss: 0.0001 | Avg Reward: -0.10 | Time: 8.3s | Prob: A train travels at 66 km/h for... | Ans: 74.0
RL Step 2720 | Loss: 0.0002 | Avg Reward: -0.10 | Time: 8.2s | Prob: A train travels at 44 km/h for... | Ans: 65.6
RL Step 2721 | Loss: 0.0000 | Avg Reward: -0.10 | Time: 8.1s | Prob: A train travels at 79 km/h for... | Ans: 88.0
RL Step 2722 | Loss: 0.0001 | Avg Reward: -0.10 | Time: 8.3s | Prob: A train travels at 55 km/h for... | Ans: 57.67
RL Step 2723 | Loss: 0.0001 | Avg Reward: -0.10 | Time: 8.2s | Prob: A train travels at 70 km/h for... | Ans: 75.4
RL Step 2724 | Loss: 0.0001 | Avg Reward: -0.10 | Time: 8.2s | Prob: A train travels at 74 km/h for... | Ans: 76.5
RL Step 2725 | Loss: 0.0001 | Avg Reward: -0.10 | Time: 8.3s | Prob: A train travels at 80 km/h for... | Ans: 80.75
RL Step 2726 | Loss: 0.0117 | Avg Reward: 0.17 | Time: 8.1s | Prob: A train travels at 40 km/h for... | Ans: 64.5
RL Step 2727 | Loss: 0.0001 | Avg Reward: -0.10 | Time: 8.3s | Prob: A train travels at 52 km/h for... | Ans: 70.86
RL Step 2728 | Loss: 0.0001 | Avg Reward: -0.10 | Time: 8.3s | Prob: A train travels at 55 km/h for... | Ans: 78.43
RL Step 2729 | Loss: 0.0293 | Avg Reward: 0.17 | Time: 8.2s | Prob: A train travels at 45 km/h for... | Ans: 56.0
RL Step 2730 | Loss: 0.0195 | Avg Reward: 0.17 | Time: 8.1s | Prob: A train travels at 67 km/h for... | Ans: 63.5
RL Step 2731 | Loss: 0.0000 | Avg Reward: -0.10 | Time: 8.3s | Prob: A train travels at 64 km/h for... | Ans: 73.33
RL Step 2732 | Loss: 0.0002 | Avg Reward: -0.10 | Time: 8.2s | Prob: A train travels at 47 km/h for... | Ans: 58.0
RL Step 2733 | Loss: 0.0001 | Avg Reward: -0.10 | Time: 8.3s | Prob: A train travels at 69 km/h for... | Ans: 71.0
RL Step 2734 | Loss: 0.0000 | Avg Reward: -0.10 | Time: 8.2s | Prob: A train travels at 69 km/h for... | Ans: 70.33
RL Step 2735 | Loss: 0.0001 | Avg Reward: -0.10 | Time: 8.3s | Prob: A train travels at 44 km/h for... | Ans: 65.25
RL Step 2736 | Loss: 0.0469 | Avg Reward: 0.45 | Time: 8.3s | Prob: A train travels at 51 km/h for... | Ans: 69.86
RL Step 2737 | Loss: 0.0001 | Avg Reward: -0.10 | Time: 8.3s | Prob: A train travels at 46 km/h for... | Ans: 61.0
RL Step 2738 | Loss: 0.0001 | Avg Reward: -0.10 | Time: 8.2s | Prob: A train travels at 80 km/h for... | Ans: 82.0
RL Step 2739 | Loss: 0.0001 | Avg Reward: -0.10 | Time: 8.2s | Prob: A train travels at 65 km/h for... | Ans: 80.71
RL Step 2740 | Loss: 0.0000 | Avg Reward: -0.10 | Time: 8.2s | Prob: A train travels at 69 km/h for... | Ans: 89.0
RL Step 2741 | Loss: 0.0000 | Avg Reward: -0.10 | Time: 8.2s | Prob: A train travels at 43 km/h for... | Ans: 55.0
RL Step 2742 | Loss: 0.0003 | Avg Reward: -0.10 | Time: 8.2s | Prob: A train travels at 52 km/h for... | Ans: 58.33
RL Step 2743 | Loss: 0.0176 | Avg Reward: 0.17 | Time: 8.2s | Prob: A train travels at 43 km/h for... | Ans: 57.0
RL Step 2744 | Loss: 0.0003 | Avg Reward: -0.10 | Time: 8.3s | Prob: A train travels at 64 km/h for... | Ans: 80.0
RL Step 2745 | Loss: 0.0001 | Avg Reward: -0.10 | Time: 8.3s | Prob: A train travels at 49 km/h for... | Ans: 65.88
RL Step 2746 | Loss: 0.0001 | Avg Reward: -0.10 | Time: 8.2s | Prob: A train travels at 49 km/h for... | Ans: 57.5
RL Step 2747 | Loss: 0.0001 | Avg Reward: -0.10 | Time: 8.3s | Prob: A train travels at 78 km/h for... | Ans: 91.57
RL Step 2748 | Loss: 0.0001 | Avg Reward: -0.10 | Time: 8.3s | Prob: A train travels at 51 km/h for... | Ans: 78.22
RL Step 2749 | Loss: 0.0001 | Avg Reward: -0.10 | Time: 8.2s | Prob: A train travels at 50 km/h for... | Ans: 68.5
RL Step 2750 | Loss: 0.0002 | Avg Reward: -0.10 | Time: 8.3s | Prob: A train travels at 68 km/h for... | Ans: 83.71
RL Step 2751 | Loss: 0.0001 | Avg Reward: -0.10 | Time: 8.2s | Prob: A train travels at 74 km/h for... | Ans: 79.2
RL Step 2752 | Loss: 0.0001 | Avg Reward: -0.10 | Time: 8.1s | Prob: A train travels at 50 km/h for... | Ans: 60.4
RL Step 2753 | Loss: 0.0002 | Avg Reward: -0.10 | Time: 8.3s | Prob: A train travels at 45 km/h for... | Ans: 56.43
RL Step 2754 | Loss: 0.0000 | Avg Reward: -0.10 | Time: 8.3s | Prob: A train travels at 66 km/h for... | Ans: 63.33
RL Step 2755 | Loss: 0.0000 | Avg Reward: -0.10 | Time: 8.1s | Prob: A train travels at 59 km/h for... | Ans: 80.6
RL Step 2756 | Loss: -0.0000 | Avg Reward: -0.10 | Time: 8.3s | Prob: A train travels at 69 km/h for... | Ans: 67.12
RL Step 2757 | Loss: 0.0001 | Avg Reward: -0.10 | Time: 8.3s | Prob: A train travels at 71 km/h for... | Ans: 85.86
RL Step 2758 | Loss: 0.0001 | Avg Reward: -0.10 | Time: 8.3s | Prob: A train travels at 69 km/h for... | Ans: 78.33
RL Step 2759 | Loss: 0.0000 | Avg Reward: -0.10 | Time: 8.3s | Prob: A train travels at 41 km/h for... | Ans: 63.67
RL Step 2760 | Loss: 0.0001 | Avg Reward: -0.10 | Time: 8.3s | Prob: A train travels at 58 km/h for... | Ans: 60.14
RL Step 2761 | Loss: 0.0000 | Avg Reward: -0.10 | Time: 8.3s | Prob: A train travels at 44 km/h for... | Ans: 52.89
RL Step 2762 | Loss: 0.0000 | Avg Reward: -0.10 | Time: 8.1s | Prob: A train travels at 54 km/h for... | Ans: 64.8
RL Step 2763 | Loss: -0.0098 | Avg Reward: 0.17 | Time: 8.2s | Prob: A train travels at 74 km/h for... | Ans: 85.5
RL Step 2764 | Loss: 0.0000 | Avg Reward: -0.10 | Time: 8.2s | Prob: A train travels at 77 km/h for... | Ans: 88.0
RL Step 2765 | Loss: 0.0001 | Avg Reward: -0.10 | Time: 8.3s | Prob: A train travels at 43 km/h for... | Ans: 65.22
RL Step 2766 | Loss: 0.0000 | Avg Reward: -0.10 | Time: 8.2s | Prob: A train travels at 41 km/h for... | Ans: 80.33
RL Step 2767 | Loss: 0.0000 | Avg Reward: -0.10 | Time: 8.2s | Prob: A train travels at 48 km/h for... | Ans: 72.6
RL Step 2768 | Loss: 0.0001 | Avg Reward: -0.10 | Time: 8.2s | Prob: A train travels at 57 km/h for... | Ans: 63.43
RL Step 2769 | Loss: 0.0001 | Avg Reward: -0.10 | Time: 8.2s | Prob: A train travels at 66 km/h for... | Ans: 83.71
RL Step 2770 | Loss: 0.0001 | Avg Reward: -0.10 | Time: 8.2s | Prob: A train travels at 77 km/h for... | Ans: 84.5
RL Step 2771 | Loss: 0.0001 | Avg Reward: -0.10 | Time: 8.3s | Prob: A train travels at 42 km/h for... | Ans: 59.25
RL Step 2772 | Loss: 0.0001 | Avg Reward: -0.10 | Time: 8.3s | Prob: A train travels at 65 km/h for... | Ans: 77.0
RL Step 2773 | Loss: 0.0001 | Avg Reward: -0.10 | Time: 8.1s | Prob: A train travels at 40 km/h for... | Ans: 52.6
RL Step 2774 | Loss: 0.0098 | Avg Reward: 0.17 | Time: 8.2s | Prob: A train travels at 74 km/h for... | Ans: 75.5
RL Step 2775 | Loss: 0.0001 | Avg Reward: -0.10 | Time: 8.3s | Prob: A train travels at 47 km/h for... | Ans: 56.33
RL Step 2776 | Loss: 0.0001 | Avg Reward: -0.10 | Time: 8.3s | Prob: A train travels at 58 km/h for... | Ans: 78.71
RL Step 2777 | Loss: 0.0001 | Avg Reward: -0.10 | Time: 8.3s | Prob: A train travels at 73 km/h for... | Ans: 74.25
RL Step 2778 | Loss: 0.0000 | Avg Reward: -0.10 | Time: 8.1s | Prob: A train travels at 79 km/h for... | Ans: 74.5
RL Step 2779 | Loss: 0.0001 | Avg Reward: -0.10 | Time: 8.2s | Prob: A train travels at 75 km/h for... | Ans: 70.56
RL Step 2780 | Loss: 0.0001 | Avg Reward: -0.10 | Time: 8.1s | Prob: A train travels at 47 km/h for... | Ans: 70.4
RL Step 2781 | Loss: 0.0000 | Avg Reward: -0.10 | Time: 8.3s | Prob: A train travels at 50 km/h for... | Ans: 65.43
RL Step 2782 | Loss: 0.0059 | Avg Reward: 0.17 | Time: 8.3s | Prob: A train travels at 64 km/h for... | Ans: 74.86
RL Step 2783 | Loss: 0.0000 | Avg Reward: -0.10 | Time: 8.3s | Prob: A train travels at 51 km/h for... | Ans: 55.86
RL Step 2784 | Loss: 0.0001 | Avg Reward: -0.10 | Time: 8.1s | Prob: A train travels at 49 km/h for... | Ans: 58.5
RL Step 2785 | Loss: 0.0001 | Avg Reward: -0.10 | Time: 8.2s | Prob: A train travels at 57 km/h for... | Ans: 77.67
RL Step 2786 | Loss: 0.0001 | Avg Reward: -0.10 | Time: 8.3s | Prob: A train travels at 68 km/h for... | Ans: 75.0
RL Step 2787 | Loss: 0.0003 | Avg Reward: -0.10 | Time: 8.4s | Prob: A train travels at 76 km/h for... | Ans: 71.71
RL Step 2788 | Loss: 0.0001 | Avg Reward: -0.10 | Time: 8.2s | Prob: A train travels at 40 km/h for... | Ans: 68.33
RL Step 2789 | Loss: 0.0001 | Avg Reward: -0.10 | Time: 8.3s | Prob: A train travels at 54 km/h for... | Ans: 65.25
RL Step 2790 | Loss: 0.0000 | Avg Reward: -0.10 | Time: 8.3s | Prob: A train travels at 60 km/h for... | Ans: 60.75
RL Step 2791 | Loss: -0.0000 | Avg Reward: -0.10 | Time: 8.3s | Prob: A train travels at 45 km/h for... | Ans: 53.0
RL Step 2792 | Loss: 0.0002 | Avg Reward: -0.10 | Time: 8.3s | Prob: A train travels at 79 km/h for... | Ans: 86.0
RL Step 2793 | Loss: 0.0001 | Avg Reward: -0.10 | Time: 8.5s | Prob: A train travels at 74 km/h for... | Ans: 81.14
RL Step 2794 | Loss: 0.0000 | Avg Reward: -0.10 | Time: 8.6s | Prob: A train travels at 74 km/h for... | Ans: 69.0
RL Step 2795 | Loss: 0.0001 | Avg Reward: -0.10 | Time: 8.3s | Prob: A train travels at 69 km/h for... | Ans: 71.5
RL Step 2796 | Loss: 0.0001 | Avg Reward: -0.10 | Time: 8.3s | Prob: A train travels at 64 km/h for... | Ans: 66.22
RL Step 2797 | Loss: -0.0000 | Avg Reward: -0.10 | Time: 8.3s | Prob: A train travels at 71 km/h for... | Ans: 69.29
RL Step 2798 | Loss: 0.0000 | Avg Reward: -0.10 | Time: 8.3s | Prob: A train travels at 71 km/h for... | Ans: 72.0
RL Step 2799 | Loss: 0.0001 | Avg Reward: -0.10 | Time: 8.5s | Prob: A train travels at 67 km/h for... | Ans: 71.5
RL Step 2800 | Loss: 0.0001 | Avg Reward: -0.10 | Time: 8.3s | Prob: A train travels at 64 km/h for... | Ans: 82.29
Saving RL Checkpoint at step 2800...
RL Step 2801 | Loss: 0.0001 | Avg Reward: -0.10 | Time: 8.2s | Prob: A train travels at 48 km/h for... | Ans: 71.5
RL Step 2802 | Loss: 0.0002 | Avg Reward: -0.10 | Time: 9.3s | Prob: A train travels at 56 km/h for... | Ans: 69.33
RL Step 2803 | Loss: 0.0001 | Avg Reward: -0.10 | Time: 12.1s | Prob: A train travels at 45 km/h for... | Ans: 53.89
RL Step 2804 | Loss: 0.0000 | Avg Reward: -0.10 | Time: 9.1s | Prob: A train travels at 75 km/h for... | Ans: 78.75
RL Step 2805 | Loss: 0.0001 | Avg Reward: -0.10 | Time: 8.3s | Prob: A train travels at 62 km/h for... | Ans: 78.89
RL Step 2806 | Loss: 0.0001 | Avg Reward: -0.10 | Time: 8.3s | Prob: A train travels at 46 km/h for... | Ans: 63.62
RL Step 2807 | Loss: 0.0002 | Avg Reward: -0.10 | Time: 8.2s | Prob: A train travels at 43 km/h for... | Ans: 64.0
RL Step 2808 | Loss: -0.0039 | Avg Reward: 0.17 | Time: 8.3s | Prob: A train travels at 53 km/h for... | Ans: 63.67
RL Step 2809 | Loss: 0.0003 | Avg Reward: -0.10 | Time: 8.2s | Prob: A train travels at 71 km/h for... | Ans: 82.6
RL Step 2810 | Loss: 0.0001 | Avg Reward: -0.10 | Time: 8.2s | Prob: A train travels at 70 km/h for... | Ans: 77.71
RL Step 2811 | Loss: 0.0001 | Avg Reward: -0.10 | Time: 8.3s | Prob: A train travels at 43 km/h for... | Ans: 50.0
RL Step 2812 | Loss: 0.0000 | Avg Reward: -0.10 | Time: 8.2s | Prob: A train travels at 60 km/h for... | Ans: 61.67
RL Step 2813 | Loss: 0.0000 | Avg Reward: -0.10 | Time: 8.3s | Prob: A train travels at 51 km/h for... | Ans: 62.88
RL Step 2814 | Loss: 0.0001 | Avg Reward: -0.10 | Time: 8.3s | Prob: A train travels at 57 km/h for... | Ans: 66.71
RL Step 2815 | Loss: 0.0001 | Avg Reward: -0.10 | Time: 8.3s | Prob: A train travels at 72 km/h for... | Ans: 71.14
RL Step 2816 | Loss: 0.0001 | Avg Reward: -0.10 | Time: 8.3s | Prob: A train travels at 70 km/h for... | Ans: 67.86
RL Step 2817 | Loss: 0.0001 | Avg Reward: -0.10 | Time: 8.3s | Prob: A train travels at 74 km/h for... | Ans: 90.67
RL Step 2818 | Loss: 0.0001 | Avg Reward: -0.10 | Time: 8.3s | Prob: A train travels at 75 km/h for... | Ans: 84.33
RL Step 2819 | Loss: 0.0001 | Avg Reward: -0.10 | Time: 8.3s | Prob: A train travels at 51 km/h for... | Ans: 82.43
RL Step 2820 | Loss: 0.0001 | Avg Reward: -0.10 | Time: 8.3s | Prob: A train travels at 68 km/h for... | Ans: 77.33
RL Step 2821 | Loss: 0.0000 | Avg Reward: -0.10 | Time: 8.2s | Prob: A train travels at 47 km/h for... | Ans: 67.0
RL Step 2822 | Loss: -0.0000 | Avg Reward: -0.10 | Time: 8.2s | Prob: A train travels at 65 km/h for... | Ans: 63.67
RL Step 2823 | Loss: 0.0273 | Avg Reward: 0.45 | Time: 8.1s | Prob: A train travels at 60 km/h for... | Ans: 72.5
RL Step 2824 | Loss: 0.0001 | Avg Reward: -0.10 | Time: 8.3s | Prob: A train travels at 42 km/h for... | Ans: 67.0
RL Step 2825 | Loss: 0.0003 | Avg Reward: -0.10 | Time: 8.1s | Prob: A train travels at 77 km/h for... | Ans: 68.0
RL Step 2826 | Loss: 0.0001 | Avg Reward: -0.10 | Time: 8.2s | Prob: A train travels at 62 km/h for... | Ans: 70.5
RL Step 2827 | Loss: 0.0001 | Avg Reward: -0.10 | Time: 8.1s | Prob: A train travels at 42 km/h for... | Ans: 63.5
RL Step 2828 | Loss: 0.0001 | Avg Reward: -0.10 | Time: 8.3s | Prob: A train travels at 69 km/h for... | Ans: 68.57
RL Step 2829 | Loss: 0.0001 | Avg Reward: -0.10 | Time: 8.3s | Prob: A train travels at 58 km/h for... | Ans: 71.5
RL Step 2830 | Loss: 0.0002 | Avg Reward: -0.10 | Time: 8.2s | Prob: A train travels at 59 km/h for... | Ans: 64.0
RL Step 2831 | Loss: 0.0001 | Avg Reward: -0.10 | Time: 8.1s | Prob: A train travels at 78 km/h for... | Ans: 79.6
RL Step 2832 | Loss: 0.0002 | Avg Reward: -0.10 | Time: 8.2s | Prob: A train travels at 40 km/h for... | Ans: 60.67
RL Step 2833 | Loss: 0.0001 | Avg Reward: -0.10 | Time: 8.3s | Prob: A train travels at 78 km/h for... | Ans: 85.88
RL Step 2834 | Loss: 0.0195 | Avg Reward: 0.17 | Time: 8.1s | Prob: A train travels at 80 km/h for... | Ans: 88.5
RL Step 2835 | Loss: 0.0000 | Avg Reward: 0.17 | Time: 8.2s | Prob: A train travels at 58 km/h for... | Ans: 59.5
RL Step 2836 | Loss: 0.0002 | Avg Reward: -0.10 | Time: 8.2s | Prob: A train travels at 56 km/h for... | Ans: 73.5
RL Step 2837 | Loss: 0.0001 | Avg Reward: -0.10 | Time: 8.3s | Prob: A train travels at 67 km/h for... | Ans: 63.43
RL Step 2838 | Loss: -0.0000 | Avg Reward: -0.10 | Time: 8.3s | Prob: A train travels at 54 km/h for... | Ans: 62.62
RL Step 2839 | Loss: 0.0003 | Avg Reward: -0.10 | Time: 8.3s | Prob: A train travels at 79 km/h for... | Ans: 80.43
RL Step 2840 | Loss: 0.0001 | Avg Reward: -0.10 | Time: 8.3s | Prob: A train travels at 77 km/h for... | Ans: 90.75
RL Step 2841 | Loss: 0.0001 | Avg Reward: -0.10 | Time: 8.2s | Prob: A train travels at 61 km/h for... | Ans: 61.33
RL Step 2842 | Loss: 0.0001 | Avg Reward: -0.10 | Time: 8.2s | Prob: A train travels at 61 km/h for... | Ans: 76.0
RL Step 2843 | Loss: -0.0000 | Avg Reward: -0.10 | Time: 8.3s | Prob: A train travels at 42 km/h for... | Ans: 56.57
RL Step 2844 | Loss: 0.0001 | Avg Reward: -0.10 | Time: 8.3s | Prob: A train travels at 59 km/h for... | Ans: 81.29
RL Step 2845 | Loss: 0.0001 | Avg Reward: -0.10 | Time: 8.3s | Prob: A train travels at 63 km/h for... | Ans: 71.0
RL Step 2846 | Loss: 0.0000 | Avg Reward: -0.10 | Time: 8.3s | Prob: A train travels at 52 km/h for... | Ans: 62.29
RL Step 2847 | Loss: 0.0001 | Avg Reward: -0.10 | Time: 8.2s | Prob: A train travels at 73 km/h for... | Ans: 79.0
RL Step 2848 | Loss: 0.0002 | Avg Reward: -0.10 | Time: 8.3s | Prob: A train travels at 59 km/h for... | Ans: 77.89
RL Step 2849 | Loss: 0.0001 | Avg Reward: -0.10 | Time: 8.3s | Prob: A train travels at 52 km/h for... | Ans: 59.43
RL Step 2850 | Loss: 0.0002 | Avg Reward: -0.10 | Time: 8.1s | Prob: A train travels at 50 km/h for... | Ans: 65.0
RL Step 2851 | Loss: -0.0078 | Avg Reward: 0.17 | Time: 8.2s | Prob: A train travels at 58 km/h for... | Ans: 64.5
RL Step 2852 | Loss: 0.0000 | Avg Reward: 0.45 | Time: 8.2s | Prob: A train travels at 42 km/h for... | Ans: 57.5
RL Step 2853 | Loss: -0.0000 | Avg Reward: -0.10 | Time: 8.3s | Prob: A train travels at 46 km/h for... | Ans: 71.0
RL Step 2854 | Loss: 0.0002 | Avg Reward: -0.10 | Time: 8.1s | Prob: A train travels at 49 km/h for... | Ans: 63.0
RL Step 2855 | Loss: 0.0001 | Avg Reward: -0.10 | Time: 8.2s | Prob: A train travels at 67 km/h for... | Ans: 77.0
RL Step 2856 | Loss: 0.0039 | Avg Reward: 0.17 | Time: 8.2s | Prob: A train travels at 63 km/h for... | Ans: 81.0
RL Step 2857 | Loss: 0.0002 | Avg Reward: -0.10 | Time: 8.1s | Prob: A train travels at 48 km/h for... | Ans: 64.0
RL Step 2858 | Loss: 0.0001 | Avg Reward: -0.10 | Time: 8.3s | Prob: A train travels at 52 km/h for... | Ans: 54.67
RL Step 2859 | Loss: -0.0000 | Avg Reward: -0.10 | Time: 8.2s | Prob: A train travels at 64 km/h for... | Ans: 82.0
RL Step 2860 | Loss: 0.0001 | Avg Reward: -0.10 | Time: 8.2s | Prob: A train travels at 73 km/h for... | Ans: 79.88
RL Step 2861 | Loss: 0.0001 | Avg Reward: -0.10 | Time: 8.3s | Prob: A train travels at 40 km/h for... | Ans: 62.78
RL Step 2862 | Loss: -0.0000 | Avg Reward: -0.10 | Time: 8.2s | Prob: A train travels at 55 km/h for... | Ans: 60.0
RL Step 2863 | Loss: 0.0002 | Avg Reward: -0.10 | Time: 8.3s | Prob: A train travels at 74 km/h for... | Ans: 73.43
RL Step 2864 | Loss: 0.0001 | Avg Reward: -0.10 | Time: 8.2s | Prob: A train travels at 69 km/h for... | Ans: 75.0
RL Step 2865 | Loss: 0.0001 | Avg Reward: -0.10 | Time: 8.2s | Prob: A train travels at 64 km/h for... | Ans: 78.5
RL Step 2866 | Loss: 0.0000 | Avg Reward: -0.10 | Time: 8.3s | Prob: A train travels at 78 km/h for... | Ans: 86.0
RL Step 2867 | Loss: 0.0002 | Avg Reward: -0.10 | Time: 8.3s | Prob: A train travels at 61 km/h for... | Ans: 86.0
RL Step 2868 | Loss: 0.0001 | Avg Reward: -0.10 | Time: 8.1s | Prob: A train travels at 68 km/h for... | Ans: 77.2
RL Step 2869 | Loss: 0.0000 | Avg Reward: -0.10 | Time: 8.3s | Prob: A train travels at 53 km/h for... | Ans: 66.88
RL Step 2870 | Loss: 0.0000 | Avg Reward: -0.10 | Time: 8.2s | Prob: A train travels at 78 km/h for... | Ans: 79.88
RL Step 2871 | Loss: 0.0001 | Avg Reward: -0.10 | Time: 8.1s | Prob: A train travels at 52 km/h for... | Ans: 56.0
RL Step 2872 | Loss: 0.0001 | Avg Reward: -0.10 | Time: 8.2s | Prob: A train travels at 70 km/h for... | Ans: 80.67
RL Step 2873 | Loss: 0.0000 | Avg Reward: -0.10 | Time: 8.2s | Prob: A train travels at 48 km/h for... | Ans: 52.8
RL Step 2874 | Loss: -0.0000 | Avg Reward: -0.10 | Time: 8.2s | Prob: A train travels at 54 km/h for... | Ans: 77.0
RL Step 2875 | Loss: 0.0000 | Avg Reward: -0.10 | Time: 8.3s | Prob: A train travels at 49 km/h for... | Ans: 53.67
RL Step 2876 | Loss: 0.0003 | Avg Reward: -0.10 | Time: 8.1s | Prob: A train travels at 40 km/h for... | Ans: 60.0
RL Step 2877 | Loss: 0.0001 | Avg Reward: -0.10 | Time: 8.2s | Prob: A train travels at 75 km/h for... | Ans: 65.0
RL Step 2878 | Loss: 0.0001 | Avg Reward: -0.10 | Time: 8.1s | Prob: A train travels at 59 km/h for... | Ans: 67.0
RL Step 2879 | Loss: 0.0001 | Avg Reward: -0.10 | Time: 8.1s | Prob: A train travels at 67 km/h for... | Ans: 64.0
RL Step 2880 | Loss: 0.0002 | Avg Reward: -0.10 | Time: 8.1s | Prob: A train travels at 62 km/h for... | Ans: 80.0
RL Step 2881 | Loss: 0.0000 | Avg Reward: -0.10 | Time: 8.2s | Prob: A train travels at 55 km/h for... | Ans: 56.71
RL Step 2882 | Loss: 0.0000 | Avg Reward: -0.10 | Time: 8.1s | Prob: A train travels at 63 km/h for... | Ans: 64.5
RL Step 2883 | Loss: 0.0001 | Avg Reward: -0.10 | Time: 8.2s | Prob: A train travels at 62 km/h for... | Ans: 62.67
RL Step 2884 | Loss: 0.0001 | Avg Reward: -0.10 | Time: 8.3s | Prob: A train travels at 54 km/h for... | Ans: 68.67
RL Step 2885 | Loss: -0.0059 | Avg Reward: 0.17 | Time: 8.3s | Prob: A train travels at 74 km/h for... | Ans: 72.29
RL Step 2886 | Loss: 0.0293 | Avg Reward: 0.17 | Time: 8.1s | Prob: A train travels at 41 km/h for... | Ans: 72.2
RL Step 2887 | Loss: 0.0002 | Avg Reward: -0.10 | Time: 8.3s | Prob: A train travels at 59 km/h for... | Ans: 77.22
RL Step 2888 | Loss: 0.0001 | Avg Reward: -0.10 | Time: 8.2s | Prob: A train travels at 48 km/h for... | Ans: 62.29
RL Step 2889 | Loss: 0.0001 | Avg Reward: -0.10 | Time: 8.3s | Prob: A train travels at 67 km/h for... | Ans: 66.43
RL Step 2890 | Loss: 0.0001 | Avg Reward: -0.10 | Time: 8.3s | Prob: A train travels at 42 km/h for... | Ans: 55.33
RL Step 2891 | Loss: 0.0002 | Avg Reward: -0.10 | Time: 8.2s | Prob: A train travels at 64 km/h for... | Ans: 81.5
RL Step 2892 | Loss: 0.0001 | Avg Reward: -0.10 | Time: 8.2s | Prob: A train travels at 53 km/h for... | Ans: 62.5
RL Step 2893 | Loss: 0.0002 | Avg Reward: -0.10 | Time: 8.1s | Prob: A train travels at 43 km/h for... | Ans: 68.8
RL Step 2894 | Loss: 0.0001 | Avg Reward: -0.10 | Time: 8.2s | Prob: A train travels at 53 km/h for... | Ans: 64.67
RL Step 2895 | Loss: 0.0003 | Avg Reward: -0.10 | Time: 8.1s | Prob: A train travels at 56 km/h for... | Ans: 60.8
RL Step 2896 | Loss: 0.0001 | Avg Reward: -0.10 | Time: 8.1s | Prob: A train travels at 72 km/h for... | Ans: 88.8
RL Step 2897 | Loss: 0.0001 | Avg Reward: -0.10 | Time: 8.3s | Prob: A train travels at 56 km/h for... | Ans: 64.0
RL Step 2898 | Loss: 0.0002 | Avg Reward: -0.10 | Time: 8.3s | Prob: A train travels at 75 km/h for... | Ans: 78.75
RL Step 2899 | Loss: 0.0000 | Avg Reward: -0.10 | Time: 8.2s | Prob: A train travels at 48 km/h for... | Ans: 57.33
RL Step 2900 | Loss: 0.0002 | Avg Reward: -0.10 | Time: 8.3s | Prob: A train travels at 53 km/h for... | Ans: 77.44
RL Step 2901 | Loss: 0.0001 | Avg Reward: -0.10 | Time: 8.3s | Prob: A train travels at 68 km/h for... | Ans: 82.29
RL Step 2902 | Loss: 0.0001 | Avg Reward: -0.10 | Time: 8.1s | Prob: A train travels at 57 km/h for... | Ans: 70.8
RL Step 2903 | Loss: 0.0001 | Avg Reward: -0.10 | Time: 8.2s | Prob: A train travels at 47 km/h for... | Ans: 65.0
RL Step 2904 | Loss: 0.0001 | Avg Reward: -0.10 | Time: 8.2s | Prob: A train travels at 76 km/h for... | Ans: 76.56
RL Step 2905 | Loss: 0.0000 | Avg Reward: -0.10 | Time: 8.3s | Prob: A train travels at 53 km/h for... | Ans: 69.88
RL Step 2906 | Loss: 0.0001 | Avg Reward: -0.10 | Time: 8.3s | Prob: A train travels at 64 km/h for... | Ans: 64.89
RL Step 2907 | Loss: 0.0001 | Avg Reward: -0.10 | Time: 8.1s | Prob: A train travels at 78 km/h for... | Ans: 84.0
RL Step 2908 | Loss: 0.0000 | Avg Reward: -0.10 | Time: 8.3s | Prob: A train travels at 70 km/h for... | Ans: 80.0
RL Step 2909 | Loss: 0.0000 | Avg Reward: -0.10 | Time: 8.3s | Prob: A train travels at 56 km/h for... | Ans: 58.67
RL Step 2910 | Loss: 0.0001 | Avg Reward: -0.10 | Time: 8.3s | Prob: A train travels at 65 km/h for... | Ans: 68.86
RL Step 2911 | Loss: -0.0000 | Avg Reward: -0.10 | Time: 8.2s | Prob: A train travels at 51 km/h for... | Ans: 80.4
RL Step 2912 | Loss: 0.0002 | Avg Reward: -0.10 | Time: 8.3s | Prob: A train travels at 69 km/h for... | Ans: 87.57
RL Step 2913 | Loss: 0.0000 | Avg Reward: -0.10 | Time: 8.1s | Prob: A train travels at 57 km/h for... | Ans: 66.0
RL Step 2914 | Loss: 0.0001 | Avg Reward: -0.10 | Time: 8.3s | Prob: A train travels at 41 km/h for... | Ans: 62.0
RL Step 2915 | Loss: 0.0000 | Avg Reward: -0.10 | Time: 8.2s | Prob: A train travels at 68 km/h for... | Ans: 72.38
RL Step 2916 | Loss: 0.0001 | Avg Reward: -0.10 | Time: 8.3s | Prob: A train travels at 59 km/h for... | Ans: 63.38
RL Step 2917 | Loss: -0.0020 | Avg Reward: 0.17 | Time: 8.2s | Prob: A train travels at 76 km/h for... | Ans: 82.8
RL Step 2918 | Loss: 0.0000 | Avg Reward: 0.17 | Time: 8.1s | Prob: A train travels at 74 km/h for... | Ans: 82.5
RL Step 2919 | Loss: 0.0000 | Avg Reward: 0.17 | Time: 8.1s | Prob: A train travels at 63 km/h for... | Ans: 76.0
RL Step 2920 | Loss: 0.0002 | Avg Reward: -0.10 | Time: 8.3s | Prob: A train travels at 58 km/h for... | Ans: 71.33
RL Step 2921 | Loss: 0.0001 | Avg Reward: -0.10 | Time: 8.3s | Prob: A train travels at 58 km/h for... | Ans: 79.25
RL Step 2922 | Loss: 0.0001 | Avg Reward: -0.10 | Time: 8.3s | Prob: A train travels at 60 km/h for... | Ans: 74.62
RL Step 2923 | Loss: 0.0001 | Avg Reward: -0.10 | Time: 8.2s | Prob: A train travels at 51 km/h for... | Ans: 61.0
RL Step 2924 | Loss: -0.0000 | Avg Reward: -0.10 | Time: 8.1s | Prob: A train travels at 68 km/h for... | Ans: 86.0
RL Step 2925 | Loss: 0.0001 | Avg Reward: -0.10 | Time: 8.1s | Prob: A train travels at 65 km/h for... | Ans: 69.0
RL Step 2926 | Loss: 0.0020 | Avg Reward: 0.17 | Time: 8.1s | Prob: A train travels at 57 km/h for... | Ans: 60.0
RL Step 2927 | Loss: 0.0001 | Avg Reward: -0.10 | Time: 8.2s | Prob: A train travels at 68 km/h for... | Ans: 78.5
RL Step 2928 | Loss: 0.0001 | Avg Reward: -0.10 | Time: 8.2s | Prob: A train travels at 78 km/h for... | Ans: 88.0
RL Step 2929 | Loss: 0.0000 | Avg Reward: -0.10 | Time: 8.3s | Prob: A train travels at 66 km/h for... | Ans: 67.88
RL Step 2930 | Loss: -0.0000 | Avg Reward: -0.10 | Time: 8.3s | Prob: A train travels at 79 km/h for... | Ans: 85.38
RL Step 2931 | Loss: 0.0001 | Avg Reward: -0.10 | Time: 8.2s | Prob: A train travels at 59 km/h for... | Ans: 65.4
RL Step 2932 | Loss: 0.0001 | Avg Reward: -0.10 | Time: 8.2s | Prob: A train travels at 76 km/h for... | Ans: 74.71
RL Step 2933 | Loss: 0.0000 | Avg Reward: -0.10 | Time: 8.2s | Prob: A train travels at 65 km/h for... | Ans: 71.0
RL Step 2934 | Loss: 0.0003 | Avg Reward: -0.10 | Time: 8.1s | Prob: A train travels at 45 km/h for... | Ans: 65.0
RL Step 2935 | Loss: 0.0059 | Avg Reward: 0.17 | Time: 8.2s | Prob: A train travels at 70 km/h for... | Ans: 71.5
RL Step 2936 | Loss: 0.0001 | Avg Reward: -0.10 | Time: 8.2s | Prob: A train travels at 49 km/h for... | Ans: 67.67
RL Step 2937 | Loss: 0.0001 | Avg Reward: -0.10 | Time: 8.3s | Prob: A train travels at 59 km/h for... | Ans: 66.88
RL Step 2938 | Loss: 0.0000 | Avg Reward: -0.10 | Time: 8.2s | Prob: A train travels at 43 km/h for... | Ans: 58.0
RL Step 2939 | Loss: 0.0001 | Avg Reward: -0.10 | Time: 8.4s | Prob: A train travels at 70 km/h for... | Ans: 72.57
RL Step 2940 | Loss: 0.0001 | Avg Reward: -0.10 | Time: 8.4s | Prob: A train travels at 42 km/h for... | Ans: 54.86
RL Step 2941 | Loss: 0.0001 | Avg Reward: -0.10 | Time: 8.3s | Prob: A train travels at 50 km/h for... | Ans: 66.5
RL Step 2942 | Loss: 0.0001 | Avg Reward: -0.10 | Time: 8.3s | Prob: A train travels at 68 km/h for... | Ans: 74.57
RL Step 2943 | Loss: 0.0001 | Avg Reward: -0.10 | Time: 8.1s | Prob: A train travels at 52 km/h for... | Ans: 71.8
RL Step 2944 | Loss: 0.0002 | Avg Reward: -0.10 | Time: 8.2s | Prob: A train travels at 45 km/h for... | Ans: 65.4
RL Step 2945 | Loss: 0.0001 | Avg Reward: -0.10 | Time: 8.2s | Prob: A train travels at 54 km/h for... | Ans: 70.5
RL Step 2946 | Loss: 0.0002 | Avg Reward: -0.10 | Time: 8.3s | Prob: A train travels at 57 km/h for... | Ans: 60.89
RL Step 2947 | Loss: 0.0001 | Avg Reward: -0.10 | Time: 8.3s | Prob: A train travels at 47 km/h for... | Ans: 73.86
RL Step 2948 | Loss: 0.0001 | Avg Reward: -0.10 | Time: 8.3s | Prob: A train travels at 69 km/h for... | Ans: 79.33
RL Step 2949 | Loss: 0.0001 | Avg Reward: -0.10 | Time: 8.2s | Prob: A train travels at 62 km/h for... | Ans: 77.2
RL Step 2950 | Loss: 0.0001 | Avg Reward: -0.10 | Time: 8.3s | Prob: A train travels at 67 km/h for... | Ans: 69.67
RL Step 2951 | Loss: 0.0004 | Avg Reward: -0.10 | Time: 8.2s | Prob: A train travels at 51 km/h for... | Ans: 60.0
RL Step 2952 | Loss: 0.0078 | Avg Reward: 0.17 | Time: 8.1s | Prob: A train travels at 50 km/h for... | Ans: 56.5
RL Step 2953 | Loss: 0.0000 | Avg Reward: -0.10 | Time: 8.2s | Prob: A train travels at 58 km/h for... | Ans: 62.0
RL Step 2954 | Loss: 0.0002 | Avg Reward: -0.10 | Time: 8.2s | Prob: A train travels at 70 km/h for... | Ans: 82.0
RL Step 2955 | Loss: 0.0001 | Avg Reward: -0.10 | Time: 8.3s | Prob: A train travels at 77 km/h for... | Ans: 72.62
RL Step 2956 | Loss: 0.0001 | Avg Reward: -0.10 | Time: 8.1s | Prob: A train travels at 43 km/h for... | Ans: 59.8
RL Step 2957 | Loss: 0.0000 | Avg Reward: -0.10 | Time: 8.3s | Prob: A train travels at 73 km/h for... | Ans: 89.88
RL Step 2958 | Loss: 0.0001 | Avg Reward: -0.10 | Time: 8.3s | Prob: A train travels at 43 km/h for... | Ans: 50.43
RL Step 2959 | Loss: 0.0001 | Avg Reward: -0.10 | Time: 8.1s | Prob: A train travels at 66 km/h for... | Ans: 65.0
RL Step 2960 | Loss: 0.0001 | Avg Reward: -0.10 | Time: 8.1s | Prob: A train travels at 72 km/h for... | Ans: 82.0
RL Step 2961 | Loss: 0.0000 | Avg Reward: -0.10 | Time: 8.3s | Prob: A train travels at 50 km/h for... | Ans: 63.12
RL Step 2962 | Loss: -0.0000 | Avg Reward: -0.10 | Time: 8.2s | Prob: A train travels at 60 km/h for... | Ans: 80.0
RL Step 2963 | Loss: 0.0001 | Avg Reward: -0.10 | Time: 8.1s | Prob: A train travels at 80 km/h for... | Ans: 78.0
RL Step 2964 | Loss: 0.0001 | Avg Reward: -0.10 | Time: 8.1s | Prob: A train travels at 63 km/h for... | Ans: 82.2
RL Step 2965 | Loss: 0.0000 | Avg Reward: -0.10 | Time: 8.2s | Prob: A train travels at 48 km/h for... | Ans: 78.67
RL Step 2966 | Loss: -0.0000 | Avg Reward: -0.10 | Time: 8.3s | Prob: A train travels at 55 km/h for... | Ans: 56.88
RL Step 2967 | Loss: 0.0001 | Avg Reward: -0.10 | Time: 8.3s | Prob: A train travels at 64 km/h for... | Ans: 64.71
RL Step 2968 | Loss: 0.0001 | Avg Reward: -0.10 | Time: 8.1s | Prob: A train travels at 77 km/h for... | Ans: 80.5
RL Step 2969 | Loss: 0.0001 | Avg Reward: -0.10 | Time: 8.4s | Prob: A train travels at 54 km/h for... | Ans: 64.12
RL Step 2970 | Loss: 0.0001 | Avg Reward: -0.10 | Time: 8.3s | Prob: A train travels at 42 km/h for... | Ans: 77.0
RL Step 2971 | Loss: 0.0001 | Avg Reward: -0.10 | Time: 8.3s | Prob: A train travels at 64 km/h for... | Ans: 76.75
RL Step 2972 | Loss: 0.0001 | Avg Reward: -0.10 | Time: 8.2s | Prob: A train travels at 68 km/h for... | Ans: 84.0
RL Step 2973 | Loss: 0.0000 | Avg Reward: -0.10 | Time: 8.2s | Prob: A train travels at 60 km/h for... | Ans: 72.0
RL Step 2974 | Loss: 0.0001 | Avg Reward: -0.10 | Time: 8.1s | Prob: A train travels at 59 km/h for... | Ans: 69.0
RL Step 2975 | Loss: 0.0215 | Avg Reward: 0.17 | Time: 8.0s | Prob: A train travels at 80 km/h for... | Ans: 72.5
RL Step 2976 | Loss: 0.0000 | Avg Reward: -0.10 | Time: 8.1s | Prob: A train travels at 62 km/h for... | Ans: 64.4
RL Step 2977 | Loss: 0.0001 | Avg Reward: -0.10 | Time: 8.3s | Prob: A train travels at 71 km/h for... | Ans: 76.71
RL Step 2978 | Loss: 0.0001 | Avg Reward: -0.10 | Time: 8.3s | Prob: A train travels at 75 km/h for... | Ans: 75.86
RL Step 2979 | Loss: 0.0001 | Avg Reward: -0.10 | Time: 8.3s | Prob: A train travels at 52 km/h for... | Ans: 77.0
RL Step 2980 | Loss: 0.0001 | Avg Reward: -0.10 | Time: 8.1s | Prob: A train travels at 80 km/h for... | Ans: 68.6
RL Step 2981 | Loss: 0.0000 | Avg Reward: -0.10 | Time: 8.2s | Prob: A train travels at 62 km/h for... | Ans: 69.0
RL Step 2982 | Loss: 0.0001 | Avg Reward: -0.10 | Time: 8.2s | Prob: A train travels at 61 km/h for... | Ans: 74.0
RL Step 2983 | Loss: 0.0000 | Avg Reward: -0.10 | Time: 8.3s | Prob: A train travels at 75 km/h for... | Ans: 72.71
RL Step 2984 | Loss: 0.0001 | Avg Reward: -0.10 | Time: 8.1s | Prob: A train travels at 46 km/h for... | Ans: 59.6
RL Step 2985 | Loss: 0.0000 | Avg Reward: -0.10 | Time: 8.1s | Prob: A train travels at 75 km/h for... | Ans: 84.2
RL Step 2986 | Loss: 0.0001 | Avg Reward: -0.10 | Time: 8.2s | Prob: A train travels at 45 km/h for... | Ans: 51.33
RL Step 2987 | Loss: 0.0001 | Avg Reward: -0.10 | Time: 8.2s | Prob: A train travels at 69 km/h for... | Ans: 67.89
RL Step 2988 | Loss: 0.0001 | Avg Reward: -0.10 | Time: 8.3s | Prob: A train travels at 40 km/h for... | Ans: 61.71
RL Step 2989 | Loss: 0.0001 | Avg Reward: -0.10 | Time: 8.3s | Prob: A train travels at 44 km/h for... | Ans: 62.67
RL Step 2990 | Loss: 0.0001 | Avg Reward: -0.10 | Time: 8.2s | Prob: A train travels at 52 km/h for... | Ans: 59.33
RL Step 2991 | Loss: 0.0002 | Avg Reward: -0.10 | Time: 8.3s | Prob: A train travels at 76 km/h for... | Ans: 82.67
RL Step 2992 | Loss: 0.0001 | Avg Reward: -0.10 | Time: 8.1s | Prob: A train travels at 44 km/h for... | Ans: 60.0
RL Step 2993 | Loss: 0.0039 | Avg Reward: 0.17 | Time: 8.2s | Prob: A train travels at 62 km/h for... | Ans: 68.5
RL Step 2994 | Loss: 0.0001 | Avg Reward: -0.10 | Time: 8.1s | Prob: A train travels at 51 km/h for... | Ans: 55.5
RL Step 2995 | Loss: 0.0001 | Avg Reward: -0.10 | Time: 8.2s | Prob: A train travels at 47 km/h for... | Ans: 54.2
RL Step 2996 | Loss: 0.0001 | Avg Reward: -0.10 | Time: 8.2s | Prob: A train travels at 63 km/h for... | Ans: 78.0
RL Step 2997 | Loss: 0.0001 | Avg Reward: -0.10 | Time: 8.1s | Prob: A train travels at 61 km/h for... | Ans: 79.5
RL Step 2998 | Loss: -0.0000 | Avg Reward: -0.10 | Time: 8.3s | Prob: A train travels at 76 km/h for... | Ans: 65.29
RL Step 2999 | Loss: 0.0000 | Avg Reward: -0.10 | Time: 8.3s | Prob: A train travels at 67 km/h for... | Ans: 68.88
RL Step 3000 | Loss: 0.0039 | Avg Reward: 0.17 | Time: 8.2s | Prob: A train travels at 76 km/h for... | Ans: 77.5
Saving RL Checkpoint at step 3000...
RL Step 3001 | Loss: -0.0020 | Avg Reward: 0.17 | Time: 8.3s | Prob: A train travels at 60 km/h for... | Ans: 73.14
RL Step 3002 | Loss: 0.0001 | Avg Reward: -0.10 | Time: 8.3s | Prob: A train travels at 43 km/h for... | Ans: 67.57
RL Step 3003 | Loss: 0.0001 | Avg Reward: -0.10 | Time: 8.2s | Prob: A train travels at 66 km/h for... | Ans: 63.5
RL Step 3004 | Loss: 0.0001 | Avg Reward: -0.10 | Time: 8.1s | Prob: A train travels at 53 km/h for... | Ans: 70.5
RL Step 3005 | Loss: 0.0002 | Avg Reward: -0.10 | Time: 8.1s | Prob: A train travels at 77 km/h for... | Ans: 71.8
RL Step 3006 | Loss: 0.0001 | Avg Reward: -0.10 | Time: 8.1s | Prob: A train travels at 68 km/h for... | Ans: 79.5
RL Step 3007 | Loss: 0.0001 | Avg Reward: -0.10 | Time: 8.3s | Prob: A train travels at 45 km/h for... | Ans: 51.0
RL Step 3008 | Loss: 0.0002 | Avg Reward: -0.10 | Time: 8.2s | Prob: A train travels at 44 km/h for... | Ans: 62.86
RL Step 3009 | Loss: 0.0001 | Avg Reward: -0.10 | Time: 8.1s | Prob: A train travels at 50 km/h for... | Ans: 62.8
RL Step 3010 | Loss: 0.0001 | Avg Reward: -0.10 | Time: 8.3s | Prob: A train travels at 79 km/h for... | Ans: 81.86
RL Step 3011 | Loss: 0.0001 | Avg Reward: -0.10 | Time: 8.0s | Prob: A train travels at 57 km/h for... | Ans: 66.5
RL Step 3012 | Loss: 0.0002 | Avg Reward: -0.10 | Time: 8.3s | Prob: A train travels at 40 km/h for... | Ans: 56.43
RL Step 3013 | Loss: 0.0002 | Avg Reward: -0.10 | Time: 8.3s | Prob: A train travels at 44 km/h for... | Ans: 66.86
RL Step 3014 | Loss: 0.0001 | Avg Reward: -0.10 | Time: 8.3s | Prob: A train travels at 51 km/h for... | Ans: 53.57
RL Step 3015 | Loss: 0.0001 | Avg Reward: -0.10 | Time: 8.2s | Prob: A train travels at 46 km/h for... | Ans: 64.0
RL Step 3016 | Loss: 0.0000 | Avg Reward: -0.10 | Time: 8.3s | Prob: A train travels at 64 km/h for... | Ans: 72.29
RL Step 3017 | Loss: 0.0002 | Avg Reward: -0.10 | Time: 8.3s | Prob: A train travels at 68 km/h for... | Ans: 87.33
RL Step 3018 | Loss: 0.0000 | Avg Reward: -0.10 | Time: 8.3s | Prob: A train travels at 69 km/h for... | Ans: 70.71
RL Step 3019 | Loss: 0.0001 | Avg Reward: -0.10 | Time: 8.3s | Prob: A train travels at 80 km/h for... | Ans: 84.29
RL Step 3020 | Loss: 0.0000 | Avg Reward: -0.10 | Time: 8.3s | Prob: A train travels at 70 km/h for... | Ans: 71.5
RL Step 3021 | Loss: 0.0000 | Avg Reward: -0.10 | Time: 8.2s | Prob: A train travels at 57 km/h for... | Ans: 74.5
RL Step 3022 | Loss: 0.0002 | Avg Reward: -0.10 | Time: 8.3s | Prob: A train travels at 79 km/h for... | Ans: 83.57
RL Step 3023 | Loss: 0.0001 | Avg Reward: -0.10 | Time: 8.3s | Prob: A train travels at 63 km/h for... | Ans: 73.29
RL Step 3024 | Loss: 0.0001 | Avg Reward: -0.10 | Time: 8.3s | Prob: A train travels at 60 km/h for... | Ans: 77.78
RL Step 3025 | Loss: 0.0059 | Avg Reward: 0.17 | Time: 8.1s | Prob: A train travels at 46 km/h for... | Ans: 55.5
RL Step 3026 | Loss: 0.0000 | Avg Reward: -0.10 | Time: 8.3s | Prob: A train travels at 60 km/h for... | Ans: 60.44
RL Step 3027 | Loss: 0.0001 | Avg Reward: -0.10 | Time: 8.1s | Prob: A train travels at 45 km/h for... | Ans: 56.0
RL Step 3028 | Loss: 0.0001 | Avg Reward: -0.10 | Time: 8.1s | Prob: A train travels at 73 km/h for... | Ans: 74.2
RL Step 3029 | Loss: 0.0000 | Avg Reward: -0.10 | Time: 8.2s | Prob: A train travels at 44 km/h for... | Ans: 52.14
RL Step 3030 | Loss: 0.0003 | Avg Reward: -0.10 | Time: 8.3s | Prob: A train travels at 53 km/h for... | Ans: 74.11
RL Step 3031 | Loss: 0.0001 | Avg Reward: -0.10 | Time: 8.3s | Prob: A train travels at 75 km/h for... | Ans: 84.33
RL Step 3032 | Loss: 0.0000 | Avg Reward: -0.10 | Time: 8.3s | Prob: A train travels at 68 km/h for... | Ans: 65.33
RL Step 3033 | Loss: 0.0003 | Avg Reward: -0.10 | Time: 8.3s | Prob: A train travels at 70 km/h for... | Ans: 81.33
RL Step 3034 | Loss: 0.0002 | Avg Reward: -0.10 | Time: 8.1s | Prob: A train travels at 62 km/h for... | Ans: 76.8
RL Step 3035 | Loss: 0.0001 | Avg Reward: -0.10 | Time: 8.3s | Prob: A train travels at 67 km/h for... | Ans: 78.25
RL Step 3036 | Loss: 0.0000 | Avg Reward: -0.10 | Time: 8.1s | Prob: A train travels at 43 km/h for... | Ans: 57.5
RL Step 3037 | Loss: 0.0000 | Avg Reward: -0.10 | Time: 8.2s | Prob: A train travels at 75 km/h for... | Ans: 74.43
RL Step 3038 | Loss: 0.0002 | Avg Reward: -0.10 | Time: 8.2s | Prob: A train travels at 47 km/h for... | Ans: 68.0
RL Step 3039 | Loss: -0.0000 | Avg Reward: -0.10 | Time: 8.2s | Prob: A train travels at 40 km/h for... | Ans: 56.5
RL Step 3040 | Loss: 0.0000 | Avg Reward: -0.10 | Time: 8.3s | Prob: A train travels at 54 km/h for... | Ans: 65.62
RL Step 3041 | Loss: 0.0001 | Avg Reward: -0.10 | Time: 8.4s | Prob: A train travels at 71 km/h for... | Ans: 73.29
RL Step 3042 | Loss: 0.0000 | Avg Reward: -0.10 | Time: 8.1s | Prob: A train travels at 49 km/h for... | Ans: 69.5
RL Step 3043 | Loss: 0.0000 | Avg Reward: -0.10 | Time: 8.2s | Prob: A train travels at 44 km/h for... | Ans: 53.33
RL Step 3044 | Loss: -0.0000 | Avg Reward: -0.10 | Time: 8.3s | Prob: A train travels at 76 km/h for... | Ans: 78.14
RL Step 3045 | Loss: 0.0001 | Avg Reward: -0.10 | Time: 8.3s | Prob: A train travels at 63 km/h for... | Ans: 66.33
RL Step 3046 | Loss: 0.0003 | Avg Reward: -0.10 | Time: 8.2s | Prob: A train travels at 45 km/h for... | Ans: 60.56
RL Step 3047 | Loss: 0.0000 | Avg Reward: -0.10 | Time: 8.2s | Prob: A train travels at 44 km/h for... | Ans: 70.0
RL Step 3048 | Loss: 0.0001 | Avg Reward: -0.10 | Time: 8.3s | Prob: A train travels at 72 km/h for... | Ans: 81.75
RL Step 3049 | Loss: 0.0195 | Avg Reward: 0.17 | Time: 8.1s | Prob: A train travels at 43 km/h for... | Ans: 62.0
RL Step 3050 | Loss: 0.0001 | Avg Reward: -0.10 | Time: 8.2s | Prob: A train travels at 50 km/h for... | Ans: 69.0
RL Step 3051 | Loss: 0.0002 | Avg Reward: -0.10 | Time: 8.3s | Prob: A train travels at 50 km/h for... | Ans: 60.0
RL Step 3052 | Loss: 0.0001 | Avg Reward: -0.10 | Time: 8.2s | Prob: A train travels at 67 km/h for... | Ans: 80.0
RL Step 3053 | Loss: 0.0001 | Avg Reward: -0.10 | Time: 8.1s | Prob: A train travels at 58 km/h for... | Ans: 62.8
RL Step 3054 | Loss: 0.0000 | Avg Reward: -0.10 | Time: 8.3s | Prob: A train travels at 59 km/h for... | Ans: 69.86
RL Step 3055 | Loss: 0.0001 | Avg Reward: -0.10 | Time: 8.3s | Prob: A train travels at 67 km/h for... | Ans: 75.86
RL Step 3056 | Loss: 0.0002 | Avg Reward: -0.10 | Time: 8.3s | Prob: A train travels at 49 km/h for... | Ans: 59.33
RL Step 3057 | Loss: 0.0002 | Avg Reward: -0.10 | Time: 8.1s | Prob: A train travels at 66 km/h for... | Ans: 71.6
RL Step 3058 | Loss: 0.0000 | Avg Reward: -0.10 | Time: 8.2s | Prob: A train travels at 43 km/h for... | Ans: 66.57
RL Step 3059 | Loss: 0.0002 | Avg Reward: -0.10 | Time: 8.3s | Prob: A train travels at 47 km/h for... | Ans: 69.71
RL Step 3060 | Loss: 0.0001 | Avg Reward: -0.10 | Time: 8.1s | Prob: A train travels at 49 km/h for... | Ans: 73.0
RL Step 3061 | Loss: 0.0002 | Avg Reward: -0.10 | Time: 8.3s | Prob: A train travels at 53 km/h for... | Ans: 60.5
RL Step 3062 | Loss: 0.0098 | Avg Reward: 0.17 | Time: 8.2s | Prob: A train travels at 74 km/h for... | Ans: 83.33
RL Step 3063 | Loss: 0.0001 | Avg Reward: -0.10 | Time: 8.1s | Prob: A train travels at 75 km/h for... | Ans: 68.0
RL Step 3064 | Loss: -0.0000 | Avg Reward: -0.10 | Time: 8.3s | Prob: A train travels at 49 km/h for... | Ans: 65.67
RL Step 3065 | Loss: 0.0001 | Avg Reward: -0.10 | Time: 8.2s | Prob: A train travels at 73 km/h for... | Ans: 76.75
RL Step 3066 | Loss: 0.0001 | Avg Reward: -0.10 | Time: 8.3s | Prob: A train travels at 76 km/h for... | Ans: 81.57
RL Step 3067 | Loss: 0.0001 | Avg Reward: -0.10 | Time: 8.3s | Prob: A train travels at 60 km/h for... | Ans: 64.67
RL Step 3068 | Loss: 0.0001 | Avg Reward: -0.10 | Time: 8.3s | Prob: A train travels at 42 km/h for... | Ans: 76.29
RL Step 3069 | Loss: -0.0000 | Avg Reward: -0.10 | Time: 8.2s | Prob: A train travels at 68 km/h for... | Ans: 77.5
RL Step 3070 | Loss: 0.0001 | Avg Reward: -0.10 | Time: 8.2s | Prob: A train travels at 41 km/h for... | Ans: 55.14
RL Step 3071 | Loss: -0.0000 | Avg Reward: -0.10 | Time: 8.1s | Prob: A train travels at 70 km/h for... | Ans: 79.6
RL Step 3072 | Loss: 0.0002 | Avg Reward: -0.10 | Time: 8.3s | Prob: A train travels at 40 km/h for... | Ans: 80.0
RL Step 3073 | Loss: 0.0001 | Avg Reward: -0.10 | Time: 8.3s | Prob: A train travels at 57 km/h for... | Ans: 73.43
RL Step 3074 | Loss: 0.0001 | Avg Reward: -0.10 | Time: 8.3s | Prob: A train travels at 74 km/h for... | Ans: 84.71
RL Step 3075 | Loss: 0.0002 | Avg Reward: -0.10 | Time: 8.1s | Prob: A train travels at 69 km/h for... | Ans: 73.8
RL Step 3076 | Loss: 0.0000 | Avg Reward: -0.10 | Time: 8.3s | Prob: A train travels at 56 km/h for... | Ans: 71.0
RL Step 3077 | Loss: 0.0001 | Avg Reward: -0.10 | Time: 8.3s | Prob: A train travels at 72 km/h for... | Ans: 69.0
RL Step 3078 | Loss: 0.0001 | Avg Reward: -0.10 | Time: 8.3s | Prob: A train travels at 47 km/h for... | Ans: 59.33
RL Step 3079 | Loss: 0.0001 | Avg Reward: -0.10 | Time: 8.2s | Prob: A train travels at 59 km/h for... | Ans: 62.75
RL Step 3080 | Loss: 0.0001 | Avg Reward: -0.10 | Time: 8.1s | Prob: A train travels at 57 km/h for... | Ans: 58.5
RL Step 3081 | Loss: 0.0002 | Avg Reward: -0.10 | Time: 8.3s | Prob: A train travels at 64 km/h for... | Ans: 79.56
RL Step 3082 | Loss: 0.0001 | Avg Reward: -0.10 | Time: 8.3s | Prob: A train travels at 62 km/h for... | Ans: 77.43
RL Step 3083 | Loss: 0.0000 | Avg Reward: -0.10 | Time: 8.3s | Prob: A train travels at 80 km/h for... | Ans: 85.78
RL Step 3084 | Loss: -0.0000 | Avg Reward: -0.10 | Time: 8.2s | Prob: A train travels at 69 km/h for... | Ans: 69.5
RL Step 3085 | Loss: 0.0000 | Avg Reward: -0.10 | Time: 8.3s | Prob: A train travels at 54 km/h for... | Ans: 61.5
RL Step 3086 | Loss: 0.0001 | Avg Reward: -0.10 | Time: 8.3s | Prob: A train travels at 48 km/h for... | Ans: 58.5
RL Step 3087 | Loss: 0.0078 | Avg Reward: 0.17 | Time: 8.2s | Prob: A train travels at 42 km/h for... | Ans: 61.0
RL Step 3088 | Loss: 0.0000 | Avg Reward: -0.10 | Time: 8.2s | Prob: A train travels at 70 km/h for... | Ans: 66.0
RL Step 3089 | Loss: 0.0001 | Avg Reward: -0.10 | Time: 8.3s | Prob: A train travels at 52 km/h for... | Ans: 62.0
RL Step 3090 | Loss: 0.0001 | Avg Reward: -0.10 | Time: 8.3s | Prob: A train travels at 49 km/h for... | Ans: 62.89
RL Step 3091 | Loss: 0.0000 | Avg Reward: -0.10 | Time: 8.3s | Prob: A train travels at 76 km/h for... | Ans: 74.33
RL Step 3092 | Loss: 0.0002 | Avg Reward: -0.10 | Time: 8.2s | Prob: A train travels at 53 km/h for... | Ans: 72.0
RL Step 3093 | Loss: 0.0000 | Avg Reward: -0.10 | Time: 8.2s | Prob: A train travels at 53 km/h for... | Ans: 67.5
RL Step 3094 | Loss: -0.0078 | Avg Reward: 0.17 | Time: 8.0s | Prob: A train travels at 42 km/h for... | Ans: 57.5
RL Step 3095 | Loss: 0.0001 | Avg Reward: -0.10 | Time: 8.3s | Prob: A train travels at 71 km/h for... | Ans: 80.0
RL Step 3096 | Loss: 0.0000 | Avg Reward: -0.10 | Time: 8.4s | Prob: A train travels at 70 km/h for... | Ans: 70.38
RL Step 3097 | Loss: 0.0078 | Avg Reward: 0.17 | Time: 8.1s | Prob: A train travels at 76 km/h for... | Ans: 73.6
RL Step 3098 | Loss: -0.0000 | Avg Reward: -0.10 | Time: 8.2s | Prob: A train travels at 70 km/h for... | Ans: 77.33
RL Step 3099 | Loss: 0.0000 | Avg Reward: -0.10 | Time: 8.3s | Prob: A train travels at 65 km/h for... | Ans: 64.14
RL Step 3100 | Loss: 0.0000 | Avg Reward: -0.10 | Time: 8.3s | Prob: A train travels at 51 km/h for... | Ans: 67.67
RL Step 3101 | Loss: 0.0001 | Avg Reward: -0.10 | Time: 8.2s | Prob: A train travels at 44 km/h for... | Ans: 63.0
RL Step 3102 | Loss: -0.0000 | Avg Reward: -0.10 | Time: 8.2s | Prob: A train travels at 56 km/h for... | Ans: 70.5
RL Step 3103 | Loss: 0.0001 | Avg Reward: -0.10 | Time: 8.3s | Prob: A train travels at 50 km/h for... | Ans: 77.5
RL Step 3104 | Loss: 0.0001 | Avg Reward: -0.10 | Time: 8.2s | Prob: A train travels at 59 km/h for... | Ans: 79.5
RL Step 3105 | Loss: 0.0001 | Avg Reward: -0.10 | Time: 8.3s | Prob: A train travels at 68 km/h for... | Ans: 80.78
RL Step 3106 | Loss: 0.0001 | Avg Reward: -0.10 | Time: 8.1s | Prob: A train travels at 55 km/h for... | Ans: 72.6
RL Step 3107 | Loss: 0.0002 | Avg Reward: -0.10 | Time: 8.3s | Prob: A train travels at 56 km/h for... | Ans: 77.71
RL Step 3108 | Loss: 0.0001 | Avg Reward: -0.10 | Time: 8.3s | Prob: A train travels at 77 km/h for... | Ans: 77.44
RL Step 3109 | Loss: 0.0000 | Avg Reward: -0.10 | Time: 8.1s | Prob: A train travels at 65 km/h for... | Ans: 64.4
RL Step 3110 | Loss: 0.0001 | Avg Reward: -0.10 | Time: 8.2s | Prob: A train travels at 40 km/h for... | Ans: 53.0
RL Step 3111 | Loss: 0.0273 | Avg Reward: 0.17 | Time: 8.3s | Prob: A train travels at 57 km/h for... | Ans: 81.67
RL Step 3112 | Loss: 0.0001 | Avg Reward: -0.10 | Time: 8.3s | Prob: A train travels at 78 km/h for... | Ans: 88.56
RL Step 3113 | Loss: 0.0000 | Avg Reward: -0.10 | Time: 8.2s | Prob: A train travels at 46 km/h for... | Ans: 63.2
RL Step 3114 | Loss: 0.0001 | Avg Reward: -0.10 | Time: 8.1s | Prob: A train travels at 46 km/h for... | Ans: 63.0
RL Step 3115 | Loss: 0.0001 | Avg Reward: -0.10 | Time: 8.3s | Prob: A train travels at 46 km/h for... | Ans: 55.0
RL Step 3116 | Loss: 0.0156 | Avg Reward: 0.17 | Time: 8.3s | Prob: A train travels at 80 km/h for... | Ans: 75.88
RL Step 3117 | Loss: 0.0001 | Avg Reward: -0.10 | Time: 8.2s | Prob: A train travels at 77 km/h for... | Ans: 70.12
RL Step 3118 | Loss: 0.0001 | Avg Reward: -0.10 | Time: 8.3s | Prob: A train travels at 75 km/h for... | Ans: 73.0
RL Step 3119 | Loss: 0.0000 | Avg Reward: -0.10 | Time: 8.3s | Prob: A train travels at 41 km/h for... | Ans: 54.43
RL Step 3120 | Loss: 0.0001 | Avg Reward: -0.10 | Time: 8.1s | Prob: A train travels at 69 km/h for... | Ans: 66.0
RL Step 3121 | Loss: 0.0001 | Avg Reward: -0.10 | Time: 8.2s | Prob: A train travels at 57 km/h for... | Ans: 59.67
RL Step 3122 | Loss: 0.0001 | Avg Reward: -0.10 | Time: 8.1s | Prob: A train travels at 44 km/h for... | Ans: 72.2
RL Step 3123 | Loss: -0.0020 | Avg Reward: 0.17 | Time: 8.1s | Prob: A train travels at 58 km/h for... | Ans: 77.0
RL Step 3124 | Loss: 0.0001 | Avg Reward: -0.10 | Time: 8.2s | Prob: A train travels at 48 km/h for... | Ans: 62.14
RL Step 3125 | Loss: 0.0000 | Avg Reward: -0.10 | Time: 8.3s | Prob: A train travels at 42 km/h for... | Ans: 66.0
RL Step 3126 | Loss: 0.0001 | Avg Reward: -0.10 | Time: 8.2s | Prob: A train travels at 78 km/h for... | Ans: 87.78
RL Step 3127 | Loss: 0.0002 | Avg Reward: -0.10 | Time: 8.3s | Prob: A train travels at 62 km/h for... | Ans: 70.86
RL Step 3128 | Loss: 0.0000 | Avg Reward: -0.10 | Time: 8.3s | Prob: A train travels at 77 km/h for... | Ans: 83.57
RL Step 3129 | Loss: 0.0001 | Avg Reward: -0.10 | Time: 8.2s | Prob: A train travels at 63 km/h for... | Ans: 68.5
RL Step 3130 | Loss: 0.0001 | Avg Reward: -0.10 | Time: 8.3s | Prob: A train travels at 74 km/h for... | Ans: 78.71
RL Step 3131 | Loss: 0.0312 | Avg Reward: 0.17 | Time: 8.1s | Prob: A train travels at 66 km/h for... | Ans: 67.0
RL Step 3132 | Loss: 0.0000 | Avg Reward: -0.10 | Time: 8.3s | Prob: A train travels at 43 km/h for... | Ans: 52.75
RL Step 3133 | Loss: 0.0000 | Avg Reward: -0.10 | Time: 8.2s | Prob: A train travels at 45 km/h for... | Ans: 54.43
RL Step 3134 | Loss: 0.0001 | Avg Reward: -0.10 | Time: 8.2s | Prob: A train travels at 69 km/h for... | Ans: 65.0
RL Step 3135 | Loss: 0.0001 | Avg Reward: -0.10 | Time: 8.3s | Prob: A train travels at 66 km/h for... | Ans: 78.0
RL Step 3136 | Loss: 0.0273 | Avg Reward: 0.17 | Time: 8.2s | Prob: A train travels at 72 km/h for... | Ans: 81.5
RL Step 3137 | Loss: 0.0001 | Avg Reward: -0.10 | Time: 8.2s | Prob: A train travels at 68 km/h for... | Ans: 87.29
RL Step 3138 | Loss: 0.0001 | Avg Reward: -0.10 | Time: 8.3s | Prob: A train travels at 57 km/h for... | Ans: 76.38
RL Step 3139 | Loss: 0.0001 | Avg Reward: -0.10 | Time: 8.3s | Prob: A train travels at 66 km/h for... | Ans: 70.5
RL Step 3140 | Loss: 0.0078 | Avg Reward: 0.17 | Time: 8.2s | Prob: A train travels at 57 km/h for... | Ans: 69.5
RL Step 3141 | Loss: 0.0000 | Avg Reward: -0.10 | Time: 8.3s | Prob: A train travels at 41 km/h for... | Ans: 52.25
RL Step 3142 | Loss: 0.0000 | Avg Reward: -0.10 | Time: 8.3s | Prob: A train travels at 44 km/h for... | Ans: 63.44
RL Step 3143 | Loss: 0.0001 | Avg Reward: -0.10 | Time: 8.2s | Prob: A train travels at 40 km/h for... | Ans: 56.8
RL Step 3144 | Loss: 0.0002 | Avg Reward: -0.10 | Time: 8.2s | Prob: A train travels at 54 km/h for... | Ans: 74.5
RL Step 3145 | Loss: 0.0001 | Avg Reward: -0.10 | Time: 8.2s | Prob: A train travels at 53 km/h for... | Ans: 62.43
RL Step 3146 | Loss: -0.0000 | Avg Reward: -0.10 | Time: 8.1s | Prob: A train travels at 62 km/h for... | Ans: 79.5
RL Step 3147 | Loss: 0.0001 | Avg Reward: -0.10 | Time: 8.3s | Prob: A train travels at 75 km/h for... | Ans: 78.75
RL Step 3148 | Loss: 0.0000 | Avg Reward: -0.10 | Time: 8.1s | Prob: A train travels at 73 km/h for... | Ans: 69.0
RL Step 3149 | Loss: 0.0000 | Avg Reward: -0.10 | Time: 8.2s | Prob: A train travels at 46 km/h for... | Ans: 67.5
RL Step 3150 | Loss: 0.0000 | Avg Reward: -0.10 | Time: 8.3s | Prob: A train travels at 46 km/h for... | Ans: 51.14
RL Step 3151 | Loss: 0.0000 | Avg Reward: -0.10 | Time: 8.1s | Prob: A train travels at 73 km/h for... | Ans: 68.5
RL Step 3152 | Loss: 0.0000 | Avg Reward: -0.10 | Time: 8.3s | Prob: A train travels at 45 km/h for... | Ans: 62.33
RL Step 3153 | Loss: 0.0002 | Avg Reward: -0.10 | Time: 8.3s | Prob: A train travels at 59 km/h for... | Ans: 82.12
RL Step 3154 | Loss: 0.0000 | Avg Reward: -0.10 | Time: 8.2s | Prob: A train travels at 45 km/h for... | Ans: 53.14
RL Step 3155 | Loss: 0.0001 | Avg Reward: -0.10 | Time: 8.1s | Prob: A train travels at 75 km/h for... | Ans: 73.4
RL Step 3156 | Loss: 0.0000 | Avg Reward: -0.10 | Time: 8.1s | Prob: A train travels at 62 km/h for... | Ans: 64.0
RL Step 3157 | Loss: 0.0001 | Avg Reward: -0.10 | Time: 8.3s | Prob: A train travels at 71 km/h for... | Ans: 68.78
RL Step 3158 | Loss: 0.0000 | Avg Reward: -0.10 | Time: 8.3s | Prob: A train travels at 66 km/h for... | Ans: 74.33
RL Step 3159 | Loss: 0.0002 | Avg Reward: -0.10 | Time: 8.1s | Prob: A train travels at 77 km/h for... | Ans: 83.0
RL Step 3160 | Loss: 0.0000 | Avg Reward: -0.10 | Time: 8.2s | Prob: A train travels at 47 km/h for... | Ans: 67.67
RL Step 3161 | Loss: 0.0002 | Avg Reward: -0.10 | Time: 8.2s | Prob: A train travels at 53 km/h for... | Ans: 68.43
RL Step 3162 | Loss: 0.0000 | Avg Reward: -0.10 | Time: 8.3s | Prob: A train travels at 53 km/h for... | Ans: 57.71
RL Step 3163 | Loss: 0.0001 | Avg Reward: -0.10 | Time: 8.1s | Prob: A train travels at 44 km/h for... | Ans: 63.5
RL Step 3164 | Loss: 0.0195 | Avg Reward: 0.17 | Time: 8.2s | Prob: A train travels at 50 km/h for... | Ans: 72.0
RL Step 3165 | Loss: 0.0001 | Avg Reward: -0.10 | Time: 8.3s | Prob: A train travels at 55 km/h for... | Ans: 78.43
RL Step 3166 | Loss: 0.0000 | Avg Reward: -0.10 | Time: 8.3s | Prob: A train travels at 44 km/h for... | Ans: 68.0
RL Step 3167 | Loss: 0.0000 | Avg Reward: -0.10 | Time: 8.3s | Prob: A train travels at 66 km/h for... | Ans: 72.29
RL Step 3168 | Loss: 0.0001 | Avg Reward: -0.10 | Time: 8.3s | Prob: A train travels at 44 km/h for... | Ans: 59.11
RL Step 3169 | Loss: 0.0001 | Avg Reward: -0.10 | Time: 8.2s | Prob: A train travels at 80 km/h for... | Ans: 85.2
RL Step 3170 | Loss: 0.0156 | Avg Reward: 0.17 | Time: 8.2s | Prob: A train travels at 59 km/h for... | Ans: 79.5
RL Step 3171 | Loss: 0.0000 | Avg Reward: -0.10 | Time: 8.3s | Prob: A train travels at 72 km/h for... | Ans: 67.0
RL Step 3172 | Loss: 0.0001 | Avg Reward: -0.10 | Time: 8.4s | Prob: A train travels at 70 km/h for... | Ans: 71.88
RL Step 3173 | Loss: 0.0001 | Avg Reward: -0.10 | Time: 8.1s | Prob: A train travels at 68 km/h for... | Ans: 78.5
RL Step 3174 | Loss: 0.0000 | Avg Reward: -0.10 | Time: 8.3s | Prob: A train travels at 71 km/h for... | Ans: 77.29
RL Step 3175 | Loss: 0.0001 | Avg Reward: -0.10 | Time: 8.3s | Prob: A train travels at 57 km/h for... | Ans: 70.57
RL Step 3176 | Loss: 0.0000 | Avg Reward: -0.10 | Time: 8.3s | Prob: A train travels at 55 km/h for... | Ans: 63.0
RL Step 3177 | Loss: 0.0000 | Avg Reward: -0.10 | Time: 8.1s | Prob: A train travels at 69 km/h for... | Ans: 65.5
RL Step 3178 | Loss: 0.0001 | Avg Reward: -0.10 | Time: 8.2s | Prob: A train travels at 68 km/h for... | Ans: 65.86
RL Step 3179 | Loss: 0.0002 | Avg Reward: -0.10 | Time: 8.3s | Prob: A train travels at 80 km/h for... | Ans: 82.22
RL Step 3180 | Loss: 0.0001 | Avg Reward: -0.10 | Time: 8.2s | Prob: A train travels at 44 km/h for... | Ans: 59.0
RL Step 3181 | Loss: 0.0001 | Avg Reward: -0.10 | Time: 8.2s | Prob: A train travels at 59 km/h for... | Ans: 67.0
RL Step 3182 | Loss: 0.0000 | Avg Reward: -0.10 | Time: 8.2s | Prob: A train travels at 65 km/h for... | Ans: 75.86
RL Step 3183 | Loss: 0.0001 | Avg Reward: -0.10 | Time: 8.2s | Prob: A train travels at 71 km/h for... | Ans: 79.0
RL Step 3184 | Loss: 0.0003 | Avg Reward: -0.10 | Time: 8.2s | Prob: A train travels at 42 km/h for... | Ans: 70.5
RL Step 3185 | Loss: 0.0137 | Avg Reward: 0.17 | Time: 8.2s | Prob: A train travels at 67 km/h for... | Ans: 81.5
RL Step 3186 | Loss: 0.0001 | Avg Reward: -0.10 | Time: 8.2s | Prob: A train travels at 60 km/h for... | Ans: 76.0
RL Step 3187 | Loss: 0.0001 | Avg Reward: -0.10 | Time: 8.3s | Prob: A train travels at 54 km/h for... | Ans: 63.71
RL Step 3188 | Loss: 0.0137 | Avg Reward: 0.17 | Time: 8.2s | Prob: A train travels at 40 km/h for... | Ans: 61.2
RL Step 3189 | Loss: 0.0001 | Avg Reward: -0.10 | Time: 8.2s | Prob: A train travels at 48 km/h for... | Ans: 61.5
RL Step 3190 | Loss: -0.0000 | Avg Reward: -0.10 | Time: 8.3s | Prob: A train travels at 60 km/h for... | Ans: 77.14
RL Step 3191 | Loss: 0.0001 | Avg Reward: -0.10 | Time: 8.1s | Prob: A train travels at 77 km/h for... | Ans: 84.0
RL Step 3192 | Loss: 0.0000 | Avg Reward: -0.10 | Time: 8.2s | Prob: A train travels at 67 km/h for... | Ans: 65.67
RL Step 3193 | Loss: 0.0001 | Avg Reward: -0.10 | Time: 8.1s | Prob: A train travels at 65 km/h for... | Ans: 63.5
RL Step 3194 | Loss: -0.0117 | Avg Reward: 0.17 | Time: 8.1s | Prob: A train travels at 65 km/h for... | Ans: 84.8
RL Step 3195 | Loss: 0.0000 | Avg Reward: -0.10 | Time: 8.4s | Prob: A train travels at 80 km/h for... | Ans: 87.22
RL Step 3196 | Loss: 0.0001 | Avg Reward: -0.10 | Time: 8.2s | Prob: A train travels at 60 km/h for... | Ans: 65.4
RL Step 3197 | Loss: 0.0078 | Avg Reward: 0.17 | Time: 8.2s | Prob: A train travels at 47 km/h for... | Ans: 61.5
RL Step 3198 | Loss: 0.0001 | Avg Reward: -0.10 | Time: 8.2s | Prob: A train travels at 68 km/h for... | Ans: 86.67
RL Step 3199 | Loss: 0.0001 | Avg Reward: -0.10 | Time: 8.3s | Prob: A train travels at 51 km/h for... | Ans: 69.89
RL Step 3200 | Loss: -0.0078 | Avg Reward: 0.17 | Time: 8.2s | Prob: A train travels at 54 km/h for... | Ans: 63.5
Saving RL Checkpoint at step 3200...
RL Step 3201 | Loss: 0.0000 | Avg Reward: -0.10 | Time: 8.1s | Prob: A train travels at 41 km/h for... | Ans: 55.4
RL Step 3202 | Loss: 0.0001 | Avg Reward: -0.10 | Time: 8.3s | Prob: A train travels at 50 km/h for... | Ans: 66.88
RL Step 3203 | Loss: -0.0000 | Avg Reward: -0.10 | Time: 8.1s | Prob: A train travels at 64 km/h for... | Ans: 70.5
RL Step 3204 | Loss: 0.0001 | Avg Reward: -0.10 | Time: 8.2s | Prob: A train travels at 54 km/h for... | Ans: 60.22
RL Step 3205 | Loss: 0.0001 | Avg Reward: -0.10 | Time: 8.3s | Prob: A train travels at 44 km/h for... | Ans: 50.86
RL Step 3206 | Loss: 0.0000 | Avg Reward: -0.10 | Time: 8.3s | Prob: A train travels at 61 km/h for... | Ans: 63.86
RL Step 3207 | Loss: 0.0078 | Avg Reward: 0.17 | Time: 8.2s | Prob: A train travels at 61 km/h for... | Ans: 67.5
RL Step 3208 | Loss: 0.0001 | Avg Reward: -0.10 | Time: 8.3s | Prob: A train travels at 40 km/h for... | Ans: 73.71
RL Step 3209 | Loss: 0.0002 | Avg Reward: -0.10 | Time: 8.3s | Prob: A train travels at 63 km/h for... | Ans: 79.44
RL Step 3210 | Loss: 0.0001 | Avg Reward: -0.10 | Time: 8.3s | Prob: A train travels at 44 km/h for... | Ans: 54.62
RL Step 3211 | Loss: 0.0001 | Avg Reward: -0.10 | Time: 8.3s | Prob: A train travels at 62 km/h for... | Ans: 69.43
RL Step 3212 | Loss: -0.0001 | Avg Reward: -0.10 | Time: 8.2s | Prob: A train travels at 60 km/h for... | Ans: 70.4
RL Step 3213 | Loss: 0.0001 | Avg Reward: -0.10 | Time: 8.2s | Prob: A train travels at 69 km/h for... | Ans: 74.5
RL Step 3214 | Loss: -0.0000 | Avg Reward: -0.10 | Time: 8.1s | Prob: A train travels at 55 km/h for... | Ans: 77.5
RL Step 3215 | Loss: 0.0001 | Avg Reward: -0.10 | Time: 8.3s | Prob: A train travels at 51 km/h for... | Ans: 73.5
RL Step 3216 | Loss: 0.0001 | Avg Reward: -0.10 | Time: 8.3s | Prob: A train travels at 67 km/h for... | Ans: 87.71
RL Step 3217 | Loss: -0.0000 | Avg Reward: -0.10 | Time: 8.1s | Prob: A train travels at 72 km/h for... | Ans: 66.0
RL Step 3218 | Loss: 0.0001 | Avg Reward: -0.10 | Time: 8.2s | Prob: A train travels at 58 km/h for... | Ans: 68.67
RL Step 3219 | Loss: 0.0001 | Avg Reward: -0.10 | Time: 8.3s | Prob: A train travels at 78 km/h for... | Ans: 68.71
RL Step 3220 | Loss: -0.0059 | Avg Reward: 0.17 | Time: 8.2s | Prob: A train travels at 51 km/h for... | Ans: 61.67
RL Step 3221 | Loss: 0.0002 | Avg Reward: -0.10 | Time: 8.2s | Prob: A train travels at 60 km/h for... | Ans: 69.5
RL Step 3222 | Loss: 0.0001 | Avg Reward: -0.10 | Time: 8.2s | Prob: A train travels at 51 km/h for... | Ans: 81.71
RL Step 3223 | Loss: -0.0078 | Avg Reward: 0.17 | Time: 8.3s | Prob: A train travels at 64 km/h for... | Ans: 80.67
RL Step 3224 | Loss: 0.0002 | Avg Reward: -0.10 | Time: 8.3s | Prob: A train travels at 79 km/h for... | Ans: 76.78
RL Step 3225 | Loss: 0.0000 | Avg Reward: -0.10 | Time: 8.4s | Prob: A train travels at 47 km/h for... | Ans: 57.22
RL Step 3226 | Loss: 0.0001 | Avg Reward: -0.10 | Time: 8.2s | Prob: A train travels at 55 km/h for... | Ans: 68.0
RL Step 3227 | Loss: -0.0000 | Avg Reward: -0.10 | Time: 8.3s | Prob: A train travels at 65 km/h for... | Ans: 70.78
RL Step 3228 | Loss: 0.0001 | Avg Reward: -0.10 | Time: 8.1s | Prob: A train travels at 63 km/h for... | Ans: 76.5
RL Step 3229 | Loss: 0.0001 | Avg Reward: -0.10 | Time: 8.3s | Prob: A train travels at 71 km/h for... | Ans: 74.11
RL Step 3230 | Loss: 0.0000 | Avg Reward: -0.10 | Time: 8.2s | Prob: A train travels at 46 km/h for... | Ans: 72.67
RL Step 3231 | Loss: 0.0000 | Avg Reward: -0.10 | Time: 8.2s | Prob: A train travels at 78 km/h for... | Ans: 86.5
RL Step 3232 | Loss: 0.0001 | Avg Reward: -0.10 | Time: 8.3s | Prob: A train travels at 56 km/h for... | Ans: 64.75
RL Step 3233 | Loss: 0.0001 | Avg Reward: -0.10 | Time: 8.1s | Prob: A train travels at 75 km/h for... | Ans: 73.4
RL Step 3234 | Loss: 0.0000 | Avg Reward: -0.10 | Time: 8.3s | Prob: A train travels at 54 km/h for... | Ans: 60.33
RL Step 3235 | Loss: 0.0001 | Avg Reward: -0.10 | Time: 8.3s | Prob: A train travels at 73 km/h for... | Ans: 71.12
RL Step 3236 | Loss: 0.0003 | Avg Reward: -0.10 | Time: 8.3s | Prob: A train travels at 53 km/h for... | Ans: 72.11
RL Step 3237 | Loss: 0.0001 | Avg Reward: -0.10 | Time: 8.3s | Prob: A train travels at 80 km/h for... | Ans: 78.86
RL Step 3238 | Loss: -0.0000 | Avg Reward: -0.10 | Time: 8.0s | Prob: A train travels at 40 km/h for... | Ans: 62.8
RL Step 3239 | Loss: 0.0001 | Avg Reward: -0.10 | Time: 8.1s | Prob: A train travels at 55 km/h for... | Ans: 69.0
RL Step 3240 | Loss: -0.0000 | Avg Reward: -0.10 | Time: 8.1s | Prob: A train travels at 63 km/h for... | Ans: 69.0
RL Step 3241 | Loss: 0.0001 | Avg Reward: -0.10 | Time: 8.3s | Prob: A train travels at 62 km/h for... | Ans: 83.14
RL Step 3242 | Loss: 0.0000 | Avg Reward: -0.10 | Time: 8.3s | Prob: A train travels at 42 km/h for... | Ans: 60.0
RL Step 3243 | Loss: 0.0001 | Avg Reward: -0.10 | Time: 8.3s | Prob: A train travels at 73 km/h for... | Ans: 90.33
RL Step 3244 | Loss: 0.0098 | Avg Reward: 0.17 | Time: 8.2s | Prob: A train travels at 69 km/h for... | Ans: 79.67
RL Step 3245 | Loss: 0.0001 | Avg Reward: -0.10 | Time: 8.3s | Prob: A train travels at 43 km/h for... | Ans: 56.57
RL Step 3246 | Loss: 0.0002 | Avg Reward: -0.10 | Time: 8.3s | Prob: A train travels at 43 km/h for... | Ans: 62.88
RL Step 3247 | Loss: 0.0000 | Avg Reward: -0.10 | Time: 8.1s | Prob: A train travels at 70 km/h for... | Ans: 67.0
RL Step 3248 | Loss: 0.0001 | Avg Reward: -0.10 | Time: 8.2s | Prob: A train travels at 49 km/h for... | Ans: 61.57
RL Step 3249 | Loss: 0.0001 | Avg Reward: -0.10 | Time: 8.3s | Prob: A train travels at 73 km/h for... | Ans: 87.0
RL Step 3250 | Loss: 0.0001 | Avg Reward: -0.10 | Time: 8.3s | Prob: A train travels at 77 km/h for... | Ans: 72.56
RL Step 3251 | Loss: 0.0001 | Avg Reward: -0.10 | Time: 8.3s | Prob: A train travels at 74 km/h for... | Ans: 70.25
RL Step 3252 | Loss: 0.0001 | Avg Reward: -0.10 | Time: 8.2s | Prob: A train travels at 64 km/h for... | Ans: 63.57
RL Step 3253 | Loss: 0.0000 | Avg Reward: -0.10 | Time: 8.3s | Prob: A train travels at 53 km/h for... | Ans: 64.71
RL Step 3254 | Loss: 0.0001 | Avg Reward: -0.10 | Time: 8.3s | Prob: A train travels at 51 km/h for... | Ans: 59.0
RL Step 3255 | Loss: 0.0001 | Avg Reward: -0.10 | Time: 8.2s | Prob: A train travels at 45 km/h for... | Ans: 62.33
RL Step 3256 | Loss: 0.0000 | Avg Reward: -0.10 | Time: 8.1s | Prob: A train travels at 61 km/h for... | Ans: 68.2
RL Step 3257 | Loss: 0.0000 | Avg Reward: -0.10 | Time: 8.3s | Prob: A train travels at 50 km/h for... | Ans: 70.71
RL Step 3258 | Loss: 0.0001 | Avg Reward: -0.10 | Time: 8.2s | Prob: A train travels at 43 km/h for... | Ans: 53.86
RL Step 3259 | Loss: 0.0001 | Avg Reward: -0.10 | Time: 8.1s | Prob: A train travels at 71 km/h for... | Ans: 74.6
RL Step 3260 | Loss: 0.0001 | Avg Reward: -0.10 | Time: 8.4s | Prob: A train travels at 47 km/h for... | Ans: 57.67
RL Step 3261 | Loss: 0.0000 | Avg Reward: -0.10 | Time: 8.2s | Prob: A train travels at 72 km/h for... | Ans: 72.86
RL Step 3262 | Loss: 0.0000 | Avg Reward: -0.10 | Time: 8.3s | Prob: A train travels at 62 km/h for... | Ans: 63.5
RL Step 3263 | Loss: 0.0001 | Avg Reward: -0.10 | Time: 8.3s | Prob: A train travels at 64 km/h for... | Ans: 76.67
RL Step 3264 | Loss: 0.0002 | Avg Reward: -0.10 | Time: 8.3s | Prob: A train travels at 50 km/h for... | Ans: 76.43
RL Step 3265 | Loss: 0.0001 | Avg Reward: -0.10 | Time: 8.2s | Prob: A train travels at 53 km/h for... | Ans: 70.5
RL Step 3266 | Loss: 0.0003 | Avg Reward: -0.10 | Time: 8.2s | Prob: A train travels at 58 km/h for... | Ans: 86.0
RL Step 3267 | Loss: 0.0001 | Avg Reward: -0.10 | Time: 8.3s | Prob: A train travels at 52 km/h for... | Ans: 57.67
RL Step 3268 | Loss: 0.0001 | Avg Reward: -0.10 | Time: 8.1s | Prob: A train travels at 46 km/h for... | Ans: 59.0
RL Step 3269 | Loss: 0.0000 | Avg Reward: -0.10 | Time: 8.3s | Prob: A train travels at 77 km/h for... | Ans: 76.11
RL Step 3270 | Loss: 0.0000 | Avg Reward: -0.10 | Time: 8.4s | Prob: A train travels at 52 km/h for... | Ans: 65.5
RL Step 3271 | Loss: 0.0001 | Avg Reward: -0.10 | Time: 8.3s | Prob: A train travels at 43 km/h for... | Ans: 60.0
RL Step 3272 | Loss: 0.0002 | Avg Reward: -0.10 | Time: 8.3s | Prob: A train travels at 78 km/h for... | Ans: 90.0
RL Step 3273 | Loss: 0.0001 | Avg Reward: -0.10 | Time: 8.2s | Prob: A train travels at 41 km/h for... | Ans: 61.56
RL Step 3274 | Loss: 0.0000 | Avg Reward: -0.10 | Time: 8.3s | Prob: A train travels at 65 km/h for... | Ans: 67.29
RL Step 3275 | Loss: 0.0002 | Avg Reward: -0.10 | Time: 8.3s | Prob: A train travels at 51 km/h for... | Ans: 65.22
RL Step 3276 | Loss: 0.0117 | Avg Reward: 0.17 | Time: 8.3s | Prob: A train travels at 48 km/h for... | Ans: 59.43
RL Step 3277 | Loss: 0.0002 | Avg Reward: -0.10 | Time: 8.1s | Prob: A train travels at 62 km/h for... | Ans: 66.8
RL Step 3278 | Loss: 0.0000 | Avg Reward: -0.10 | Time: 8.2s | Prob: A train travels at 52 km/h for... | Ans: 69.86
RL Step 3279 | Loss: 0.0000 | Avg Reward: -0.10 | Time: 8.2s | Prob: A train travels at 44 km/h for... | Ans: 53.75
RL Step 3280 | Loss: 0.0000 | Avg Reward: -0.10 | Time: 8.3s | Prob: A train travels at 62 km/h for... | Ans: 68.57
RL Step 3281 | Loss: 0.0002 | Avg Reward: -0.10 | Time: 8.2s | Prob: A train travels at 80 km/h for... | Ans: 74.5
RL Step 3282 | Loss: 0.0001 | Avg Reward: -0.10 | Time: 8.3s | Prob: A train travels at 62 km/h for... | Ans: 70.57
RL Step 3283 | Loss: 0.0001 | Avg Reward: -0.10 | Time: 8.3s | Prob: A train travels at 66 km/h for... | Ans: 67.25
RL Step 3284 | Loss: 0.0000 | Avg Reward: -0.10 | Time: 8.2s | Prob: A train travels at 51 km/h for... | Ans: 63.0
RL Step 3285 | Loss: 0.0002 | Avg Reward: -0.10 | Time: 8.3s | Prob: A train travels at 77 km/h for... | Ans: 77.44
RL Step 3286 | Loss: 0.0001 | Avg Reward: -0.10 | Time: 8.3s | Prob: A train travels at 70 km/h for... | Ans: 71.11
RL Step 3287 | Loss: 0.0001 | Avg Reward: -0.10 | Time: 8.1s | Prob: A train travels at 49 km/h for... | Ans: 66.4
RL Step 3288 | Loss: 0.0001 | Avg Reward: -0.10 | Time: 8.1s | Prob: A train travels at 68 km/h for... | Ans: 75.8
RL Step 3289 | Loss: 0.0002 | Avg Reward: -0.10 | Time: 8.1s | Prob: A train travels at 75 km/h for... | Ans: 69.5
RL Step 3290 | Loss: 0.0001 | Avg Reward: -0.10 | Time: 8.2s | Prob: A train travels at 71 km/h for... | Ans: 71.75
RL Step 3291 | Loss: 0.0001 | Avg Reward: -0.10 | Time: 8.3s | Prob: A train travels at 78 km/h for... | Ans: 81.11
RL Step 3292 | Loss: 0.0001 | Avg Reward: -0.10 | Time: 8.2s | Prob: A train travels at 50 km/h for... | Ans: 64.67
RL Step 3293 | Loss: 0.0000 | Avg Reward: -0.10 | Time: 8.3s | Prob: A train travels at 47 km/h for... | Ans: 52.0
RL Step 3294 | Loss: 0.0098 | Avg Reward: 0.17 | Time: 8.1s | Prob: A train travels at 61 km/h for... | Ans: 74.0
RL Step 3295 | Loss: 0.0000 | Avg Reward: -0.10 | Time: 8.2s | Prob: A train travels at 65 km/h for... | Ans: 66.0
RL Step 3296 | Loss: -0.0059 | Avg Reward: 0.17 | Time: 8.1s | Prob: A train travels at 67 km/h for... | Ans: 73.5
RL Step 3297 | Loss: 0.0002 | Avg Reward: -0.10 | Time: 8.3s | Prob: A train travels at 44 km/h for... | Ans: 53.0
RL Step 3298 | Loss: 0.0001 | Avg Reward: -0.10 | Time: 8.3s | Prob: A train travels at 66 km/h for... | Ans: 68.22
RL Step 3299 | Loss: 0.0001 | Avg Reward: -0.10 | Time: 8.3s | Prob: A train travels at 44 km/h for... | Ans: 83.29
RL Step 3300 | Loss: 0.0001 | Avg Reward: -0.10 | Time: 8.2s | Prob: A train travels at 78 km/h for... | Ans: 79.67
RL Step 3301 | Loss: 0.0001 | Avg Reward: -0.10 | Time: 8.2s | Prob: A train travels at 72 km/h for... | Ans: 79.78
RL Step 3302 | Loss: 0.0001 | Avg Reward: -0.10 | Time: 8.1s | Prob: A train travels at 44 km/h for... | Ans: 59.5
RL Step 3303 | Loss: 0.0000 | Avg Reward: -0.10 | Time: 8.2s | Prob: A train travels at 53 km/h for... | Ans: 59.25
RL Step 3304 | Loss: 0.0001 | Avg Reward: -0.10 | Time: 8.2s | Prob: A train travels at 60 km/h for... | Ans: 64.0
RL Step 3305 | Loss: 0.0001 | Avg Reward: -0.10 | Time: 8.3s | Prob: A train travels at 73 km/h for... | Ans: 83.29
RL Step 3306 | Loss: 0.0003 | Avg Reward: -0.10 | Time: 8.2s | Prob: A train travels at 44 km/h for... | Ans: 69.2
RL Step 3307 | Loss: 0.0001 | Avg Reward: -0.10 | Time: 8.2s | Prob: A train travels at 43 km/h for... | Ans: 71.0
RL Step 3308 | Loss: 0.0000 | Avg Reward: -0.10 | Time: 8.2s | Prob: A train travels at 58 km/h for... | Ans: 62.29
RL Step 3309 | Loss: 0.0001 | Avg Reward: -0.10 | Time: 8.2s | Prob: A train travels at 45 km/h for... | Ans: 62.14
RL Step 3310 | Loss: 0.0001 | Avg Reward: -0.10 | Time: 8.1s | Prob: A train travels at 60 km/h for... | Ans: 73.2
RL Step 3311 | Loss: 0.0293 | Avg Reward: 0.17 | Time: 8.2s | Prob: A train travels at 48 km/h for... | Ans: 61.5
RL Step 3312 | Loss: 0.0001 | Avg Reward: -0.10 | Time: 8.2s | Prob: A train travels at 54 km/h for... | Ans: 71.4
RL Step 3313 | Loss: 0.0078 | Avg Reward: 0.17 | Time: 8.1s | Prob: A train travels at 41 km/h for... | Ans: 53.0
RL Step 3314 | Loss: 0.0001 | Avg Reward: -0.10 | Time: 8.3s | Prob: A train travels at 57 km/h for... | Ans: 75.67
RL Step 3315 | Loss: 0.0001 | Avg Reward: -0.10 | Time: 8.3s | Prob: A train travels at 69 km/h for... | Ans: 78.67
RL Step 3316 | Loss: 0.0000 | Avg Reward: -0.10 | Time: 8.3s | Prob: A train travels at 68 km/h for... | Ans: 77.38
RL Step 3317 | Loss: 0.0001 | Avg Reward: -0.10 | Time: 8.3s | Prob: A train travels at 72 km/h for... | Ans: 83.43
RL Step 3318 | Loss: 0.0002 | Avg Reward: -0.10 | Time: 8.3s | Prob: A train travels at 68 km/h for... | Ans: 76.29
RL Step 3319 | Loss: 0.0000 | Avg Reward: -0.10 | Time: 8.1s | Prob: A train travels at 43 km/h for... | Ans: 71.67
RL Step 3320 | Loss: 0.0001 | Avg Reward: -0.10 | Time: 8.3s | Prob: A train travels at 53 km/h for... | Ans: 58.14
RL Step 3321 | Loss: 0.0001 | Avg Reward: -0.10 | Time: 8.3s | Prob: A train travels at 40 km/h for... | Ans: 59.56
RL Step 3322 | Loss: 0.0000 | Avg Reward: -0.10 | Time: 8.2s | Prob: A train travels at 60 km/h for... | Ans: 74.4
RL Step 3323 | Loss: 0.0001 | Avg Reward: -0.10 | Time: 8.2s | Prob: A train travels at 78 km/h for... | Ans: 75.0
RL Step 3324 | Loss: 0.0001 | Avg Reward: -0.10 | Time: 8.2s | Prob: A train travels at 40 km/h for... | Ans: 50.0
RL Step 3325 | Loss: 0.0273 | Avg Reward: 0.17 | Time: 8.2s | Prob: A train travels at 43 km/h for... | Ans: 55.5
RL Step 3326 | Loss: 0.0001 | Avg Reward: -0.10 | Time: 8.3s | Prob: A train travels at 68 km/h for... | Ans: 72.44
RL Step 3327 | Loss: 0.0001 | Avg Reward: -0.10 | Time: 8.3s | Prob: A train travels at 67 km/h for... | Ans: 74.67
RL Step 3328 | Loss: -0.0000 | Avg Reward: -0.10 | Time: 8.1s | Prob: A train travels at 61 km/h for... | Ans: 60.5
RL Step 3329 | Loss: 0.0001 | Avg Reward: -0.10 | Time: 8.2s | Prob: A train travels at 76 km/h for... | Ans: 84.67
RL Step 3330 | Loss: 0.0001 | Avg Reward: -0.10 | Time: 8.1s | Prob: A train travels at 46 km/h for... | Ans: 55.5
RL Step 3331 | Loss: -0.0000 | Avg Reward: -0.10 | Time: 8.2s | Prob: A train travels at 60 km/h for... | Ans: 86.67
RL Step 3332 | Loss: 0.0001 | Avg Reward: -0.10 | Time: 8.1s | Prob: A train travels at 46 km/h for... | Ans: 52.8
RL Step 3333 | Loss: 0.0001 | Avg Reward: -0.10 | Time: 8.1s | Prob: A train travels at 52 km/h for... | Ans: 56.8
RL Step 3334 | Loss: 0.0000 | Avg Reward: -0.10 | Time: 8.3s | Prob: A train travels at 41 km/h for... | Ans: 55.38
RL Step 3335 | Loss: 0.0000 | Avg Reward: -0.10 | Time: 8.2s | Prob: A train travels at 58 km/h for... | Ans: 70.5
RL Step 3336 | Loss: 0.0000 | Avg Reward: 0.17 | Time: 8.2s | Prob: A train travels at 44 km/h for... | Ans: 53.5
RL Step 3337 | Loss: 0.0000 | Avg Reward: -0.10 | Time: 8.1s | Prob: A train travels at 46 km/h for... | Ans: 59.0
RL Step 3338 | Loss: 0.0001 | Avg Reward: -0.10 | Time: 8.2s | Prob: A train travels at 54 km/h for... | Ans: 61.33
RL Step 3339 | Loss: 0.0001 | Avg Reward: -0.10 | Time: 8.3s | Prob: A train travels at 47 km/h for... | Ans: 59.57
RL Step 3340 | Loss: 0.0002 | Avg Reward: -0.10 | Time: 8.1s | Prob: A train travels at 45 km/h for... | Ans: 57.6
RL Step 3341 | Loss: 0.0001 | Avg Reward: -0.10 | Time: 8.3s | Prob: A train travels at 62 km/h for... | Ans: 67.33
RL Step 3342 | Loss: 0.0001 | Avg Reward: -0.10 | Time: 8.4s | Prob: A train travels at 60 km/h for... | Ans: 63.0
RL Step 3343 | Loss: 0.0001 | Avg Reward: -0.10 | Time: 8.2s | Prob: A train travels at 50 km/h for... | Ans: 64.0
RL Step 3344 | Loss: 0.0001 | Avg Reward: -0.10 | Time: 8.2s | Prob: A train travels at 77 km/h for... | Ans: 72.29
RL Step 3345 | Loss: 0.0001 | Avg Reward: -0.10 | Time: 8.3s | Prob: A train travels at 69 km/h for... | Ans: 89.67
RL Step 3346 | Loss: 0.0001 | Avg Reward: -0.10 | Time: 8.3s | Prob: A train travels at 57 km/h for... | Ans: 64.22
RL Step 3347 | Loss: 0.0000 | Avg Reward: -0.10 | Time: 8.3s | Prob: A train travels at 69 km/h for... | Ans: 65.67
RL Step 3348 | Loss: 0.0001 | Avg Reward: -0.10 | Time: 8.3s | Prob: A train travels at 79 km/h for... | Ans: 74.0
RL Step 3349 | Loss: 0.0059 | Avg Reward: 0.17 | Time: 8.2s | Prob: A train travels at 58 km/h for... | Ans: 58.8
RL Step 3350 | Loss: 0.0000 | Avg Reward: -0.10 | Time: 8.3s | Prob: A train travels at 77 km/h for... | Ans: 87.56
RL Step 3351 | Loss: 0.0001 | Avg Reward: -0.10 | Time: 8.1s | Prob: A train travels at 66 km/h for... | Ans: 77.4
RL Step 3352 | Loss: 0.0059 | Avg Reward: 0.17 | Time: 8.1s | Prob: A train travels at 54 km/h for... | Ans: 74.5
RL Step 3353 | Loss: 0.0001 | Avg Reward: -0.10 | Time: 8.3s | Prob: A train travels at 72 km/h for... | Ans: 72.0
RL Step 3354 | Loss: 0.0001 | Avg Reward: -0.10 | Time: 8.1s | Prob: A train travels at 60 km/h for... | Ans: 66.0
RL Step 3355 | Loss: 0.0000 | Avg Reward: -0.10 | Time: 8.1s | Prob: A train travels at 57 km/h for... | Ans: 64.0
RL Step 3356 | Loss: 0.0001 | Avg Reward: -0.10 | Time: 8.3s | Prob: A train travels at 75 km/h for... | Ans: 86.67
RL Step 3357 | Loss: 0.0001 | Avg Reward: -0.10 | Time: 8.3s | Prob: A train travels at 76 km/h for... | Ans: 74.29
RL Step 3358 | Loss: 0.0000 | Avg Reward: -0.10 | Time: 8.1s | Prob: A train travels at 63 km/h for... | Ans: 72.5
RL Step 3359 | Loss: 0.0002 | Avg Reward: -0.10 | Time: 8.1s | Prob: A train travels at 57 km/h for... | Ans: 72.0
RL Step 3360 | Loss: 0.0002 | Avg Reward: -0.10 | Time: 8.4s | Prob: A train travels at 60 km/h for... | Ans: 73.78
RL Step 3361 | Loss: 0.0001 | Avg Reward: -0.10 | Time: 8.3s | Prob: A train travels at 52 km/h for... | Ans: 74.86
RL Step 3362 | Loss: 0.0001 | Avg Reward: -0.10 | Time: 8.4s | Prob: A train travels at 40 km/h for... | Ans: 52.0
RL Step 3363 | Loss: 0.0001 | Avg Reward: -0.10 | Time: 8.2s | Prob: A train travels at 58 km/h for... | Ans: 65.33
RL Step 3364 | Loss: 0.0000 | Avg Reward: -0.10 | Time: 8.2s | Prob: A train travels at 59 km/h for... | Ans: 77.0
RL Step 3365 | Loss: 0.0001 | Avg Reward: -0.10 | Time: 8.2s | Prob: A train travels at 78 km/h for... | Ans: 70.5
RL Step 3366 | Loss: 0.0001 | Avg Reward: -0.10 | Time: 8.3s | Prob: A train travels at 65 km/h for... | Ans: 81.11
RL Step 3367 | Loss: 0.0002 | Avg Reward: -0.10 | Time: 8.2s | Prob: A train travels at 76 km/h for... | Ans: 82.0
RL Step 3368 | Loss: 0.0001 | Avg Reward: -0.10 | Time: 8.2s | Prob: A train travels at 55 km/h for... | Ans: 71.8
RL Step 3369 | Loss: 0.0059 | Avg Reward: 0.17 | Time: 8.1s | Prob: A train travels at 43 km/h for... | Ans: 51.5
RL Step 3370 | Loss: 0.0001 | Avg Reward: -0.10 | Time: 8.2s | Prob: A train travels at 64 km/h for... | Ans: 66.5
RL Step 3371 | Loss: 0.0001 | Avg Reward: -0.10 | Time: 8.2s | Prob: A train travels at 64 km/h for... | Ans: 67.33
RL Step 3372 | Loss: -0.0117 | Avg Reward: 0.17 | Time: 8.4s | Prob: A train travels at 54 km/h for... | Ans: 66.29
RL Step 3373 | Loss: 0.0078 | Avg Reward: 0.17 | Time: 8.1s | Prob: A train travels at 45 km/h for... | Ans: 56.5
RL Step 3374 | Loss: 0.0001 | Avg Reward: -0.10 | Time: 8.3s | Prob: A train travels at 51 km/h for... | Ans: 60.86
RL Step 3375 | Loss: 0.0001 | Avg Reward: -0.10 | Time: 8.1s | Prob: A train travels at 76 km/h for... | Ans: 74.8
RL Step 3376 | Loss: 0.0000 | Avg Reward: -0.10 | Time: 8.3s | Prob: A train travels at 73 km/h for... | Ans: 80.88
RL Step 3377 | Loss: 0.0001 | Avg Reward: -0.10 | Time: 8.1s | Prob: A train travels at 71 km/h for... | Ans: 64.4
RL Step 3378 | Loss: 0.0002 | Avg Reward: -0.10 | Time: 8.4s | Prob: A train travels at 61 km/h for... | Ans: 74.33
RL Step 3379 | Loss: 0.0001 | Avg Reward: -0.10 | Time: 8.2s | Prob: A train travels at 80 km/h for... | Ans: 73.12
RL Step 3380 | Loss: 0.0117 | Avg Reward: 0.17 | Time: 8.3s | Prob: A train travels at 74 km/h for... | Ans: 81.29
RL Step 3381 | Loss: 0.0000 | Avg Reward: -0.10 | Time: 8.2s | Prob: A train travels at 67 km/h for... | Ans: 81.44
RL Step 3382 | Loss: 0.0000 | Avg Reward: -0.10 | Time: 8.3s | Prob: A train travels at 58 km/h for... | Ans: 73.0
RL Step 3383 | Loss: 0.0000 | Avg Reward: -0.10 | Time: 8.3s | Prob: A train travels at 64 km/h for... | Ans: 76.57
RL Step 3384 | Loss: -0.0000 | Avg Reward: -0.10 | Time: 8.1s | Prob: A train travels at 66 km/h for... | Ans: 82.67
RL Step 3385 | Loss: -0.0000 | Avg Reward: -0.10 | Time: 8.1s | Prob: A train travels at 72 km/h for... | Ans: 79.0
RL Step 3386 | Loss: 0.0000 | Avg Reward: -0.10 | Time: 8.3s | Prob: A train travels at 57 km/h for... | Ans: 83.88
RL Step 3387 | Loss: 0.0001 | Avg Reward: -0.10 | Time: 8.1s | Prob: A train travels at 59 km/h for... | Ans: 61.5
RL Step 3388 | Loss: 0.0001 | Avg Reward: -0.10 | Time: 8.3s | Prob: A train travels at 52 km/h for... | Ans: 61.0
RL Step 3389 | Loss: 0.0039 | Avg Reward: 0.17 | Time: 8.2s | Prob: A train travels at 43 km/h for... | Ans: 63.5
RL Step 3390 | Loss: 0.0000 | Avg Reward: -0.10 | Time: 8.3s | Prob: A train travels at 40 km/h for... | Ans: 65.0
RL Step 3391 | Loss: 0.0001 | Avg Reward: -0.10 | Time: 8.3s | Prob: A train travels at 69 km/h for... | Ans: 81.43
RL Step 3392 | Loss: 0.0001 | Avg Reward: -0.10 | Time: 8.3s | Prob: A train travels at 79 km/h for... | Ans: 84.56
RL Step 3393 | Loss: -0.0039 | Avg Reward: 0.45 | Time: 8.2s | Prob: A train travels at 80 km/h for... | Ans: 77.0
RL Step 3394 | Loss: 0.0000 | Avg Reward: -0.10 | Time: 8.2s | Prob: A train travels at 40 km/h for... | Ans: 49.0
RL Step 3395 | Loss: 0.0001 | Avg Reward: -0.10 | Time: 8.3s | Prob: A train travels at 41 km/h for... | Ans: 49.33
RL Step 3396 | Loss: 0.0078 | Avg Reward: 0.17 | Time: 8.2s | Prob: A train travels at 64 km/h for... | Ans: 72.5
RL Step 3397 | Loss: 0.0000 | Avg Reward: -0.10 | Time: 8.3s | Prob: A train travels at 65 km/h for... | Ans: 65.0
RL Step 3398 | Loss: 0.0001 | Avg Reward: -0.10 | Time: 8.3s | Prob: A train travels at 42 km/h for... | Ans: 71.44
RL Step 3399 | Loss: 0.0000 | Avg Reward: -0.10 | Time: 8.2s | Prob: A train travels at 68 km/h for... | Ans: 72.5
RL Step 3400 | Loss: 0.0001 | Avg Reward: -0.10 | Time: 8.2s | Prob: A train travels at 73 km/h for... | Ans: 68.2
Saving RL Checkpoint at step 3400...
RL Step 3401 | Loss: 0.0001 | Avg Reward: -0.10 | Time: 8.2s | Prob: A train travels at 57 km/h for... | Ans: 78.33
RL Step 3402 | Loss: 0.0000 | Avg Reward: -0.10 | Time: 8.3s | Prob: A train travels at 40 km/h for... | Ans: 47.5
RL Step 3403 | Loss: 0.0001 | Avg Reward: -0.10 | Time: 8.3s | Prob: A train travels at 80 km/h for... | Ans: 87.11
RL Step 3404 | Loss: 0.0001 | Avg Reward: -0.10 | Time: 8.1s | Prob: A train travels at 58 km/h for... | Ans: 73.6
RL Step 3405 | Loss: 0.0002 | Avg Reward: -0.10 | Time: 8.2s | Prob: A train travels at 67 km/h for... | Ans: 78.0
RL Step 3406 | Loss: 0.0000 | Avg Reward: -0.10 | Time: 8.1s | Prob: A train travels at 48 km/h for... | Ans: 54.0
RL Step 3407 | Loss: 0.0001 | Avg Reward: -0.10 | Time: 8.3s | Prob: A train travels at 70 km/h for... | Ans: 72.29
RL Step 3408 | Loss: 0.0001 | Avg Reward: -0.10 | Time: 8.1s | Prob: A train travels at 42 km/h for... | Ans: 73.8
RL Step 3409 | Loss: 0.0000 | Avg Reward: -0.10 | Time: 8.3s | Prob: A train travels at 44 km/h for... | Ans: 71.5
RL Step 3410 | Loss: 0.0001 | Avg Reward: -0.10 | Time: 8.2s | Prob: A train travels at 50 km/h for... | Ans: 69.6
RL Step 3411 | Loss: 0.0000 | Avg Reward: -0.10 | Time: 8.3s | Prob: A train travels at 73 km/h for... | Ans: 89.43
RL Step 3412 | Loss: 0.0000 | Avg Reward: -0.10 | Time: 8.3s | Prob: A train travels at 44 km/h for... | Ans: 67.11
RL Step 3413 | Loss: 0.0000 | Avg Reward: 0.17 | Time: 8.2s | Prob: A train travels at 44 km/h for... | Ans: 61.5
RL Step 3414 | Loss: 0.0001 | Avg Reward: -0.10 | Time: 8.1s | Prob: A train travels at 61 km/h for... | Ans: 67.5
RL Step 3415 | Loss: 0.0001 | Avg Reward: -0.10 | Time: 8.3s | Prob: A train travels at 55 km/h for... | Ans: 72.14
RL Step 3416 | Loss: 0.0001 | Avg Reward: -0.10 | Time: 8.3s | Prob: A train travels at 56 km/h for... | Ans: 81.0
RL Step 3417 | Loss: 0.0001 | Avg Reward: -0.10 | Time: 8.2s | Prob: A train travels at 72 km/h for... | Ans: 74.86
RL Step 3418 | Loss: 0.0000 | Avg Reward: -0.10 | Time: 8.1s | Prob: A train travels at 72 km/h for... | Ans: 79.2
RL Step 3419 | Loss: 0.0002 | Avg Reward: -0.10 | Time: 8.4s | Prob: A train travels at 41 km/h for... | Ans: 71.62
RL Step 3420 | Loss: 0.0000 | Avg Reward: -0.10 | Time: 8.1s | Prob: A train travels at 74 km/h for... | Ans: 72.8
RL Step 3421 | Loss: 0.0000 | Avg Reward: -0.10 | Time: 8.3s | Prob: A train travels at 44 km/h for... | Ans: 55.43
RL Step 3422 | Loss: 0.0234 | Avg Reward: 0.17 | Time: 8.1s | Prob: A train travels at 51 km/h for... | Ans: 61.5
RL Step 3423 | Loss: 0.0001 | Avg Reward: -0.10 | Time: 8.3s | Prob: A train travels at 49 km/h for... | Ans: 58.29
RL Step 3424 | Loss: 0.0001 | Avg Reward: -0.10 | Time: 8.2s | Prob: A train travels at 65 km/h for... | Ans: 84.38
RL Step 3425 | Loss: 0.0001 | Avg Reward: -0.10 | Time: 8.2s | Prob: A train travels at 41 km/h for... | Ans: 63.8
RL Step 3426 | Loss: -0.0000 | Avg Reward: -0.10 | Time: 8.2s | Prob: A train travels at 63 km/h for... | Ans: 74.0
RL Step 3427 | Loss: 0.0001 | Avg Reward: -0.10 | Time: 8.1s | Prob: A train travels at 78 km/h for... | Ans: 72.0
RL Step 3428 | Loss: 0.0001 | Avg Reward: -0.10 | Time: 8.2s | Prob: A train travels at 66 km/h for... | Ans: 74.29
RL Step 3429 | Loss: 0.0002 | Avg Reward: -0.10 | Time: 8.2s | Prob: A train travels at 53 km/h for... | Ans: 69.67
RL Step 3430 | Loss: 0.0078 | Avg Reward: 0.45 | Time: 8.3s | Prob: A train travels at 72 km/h for... | Ans: 76.33
RL Step 3431 | Loss: 0.0001 | Avg Reward: -0.10 | Time: 8.3s | Prob: A train travels at 61 km/h for... | Ans: 65.57
RL Step 3432 | Loss: 0.0001 | Avg Reward: -0.10 | Time: 8.1s | Prob: A train travels at 41 km/h for... | Ans: 66.2
RL Step 3433 | Loss: 0.0001 | Avg Reward: -0.10 | Time: 8.3s | Prob: A train travels at 47 km/h for... | Ans: 61.62
RL Step 3434 | Loss: 0.0001 | Avg Reward: -0.10 | Time: 8.2s | Prob: A train travels at 79 km/h for... | Ans: 93.0
RL Step 3435 | Loss: 0.0001 | Avg Reward: -0.10 | Time: 8.1s | Prob: A train travels at 65 km/h for... | Ans: 64.2
RL Step 3436 | Loss: 0.0001 | Avg Reward: -0.10 | Time: 8.3s | Prob: A train travels at 49 km/h for... | Ans: 77.75
RL Step 3437 | Loss: 0.0001 | Avg Reward: -0.10 | Time: 8.3s | Prob: A train travels at 46 km/h for... | Ans: 58.57
RL Step 3438 | Loss: -0.0000 | Avg Reward: -0.10 | Time: 8.3s | Prob: A train travels at 79 km/h for... | Ans: 77.22
RL Step 3439 | Loss: 0.0000 | Avg Reward: -0.10 | Time: 8.2s | Prob: A train travels at 51 km/h for... | Ans: 71.0
RL Step 3440 | Loss: 0.0001 | Avg Reward: -0.10 | Time: 8.3s | Prob: A train travels at 48 km/h for... | Ans: 59.62
RL Step 3441 | Loss: 0.0001 | Avg Reward: -0.10 | Time: 8.3s | Prob: A train travels at 69 km/h for... | Ans: 73.38
RL Step 3442 | Loss: 0.0000 | Avg Reward: -0.10 | Time: 8.3s | Prob: A train travels at 60 km/h for... | Ans: 75.86
RL Step 3443 | Loss: -0.0039 | Avg Reward: 0.17 | Time: 8.2s | Prob: A train travels at 60 km/h for... | Ans: 73.5
RL Step 3444 | Loss: 0.0001 | Avg Reward: -0.10 | Time: 8.3s | Prob: A train travels at 53 km/h for... | Ans: 80.86
RL Step 3445 | Loss: 0.0001 | Avg Reward: -0.10 | Time: 8.1s | Prob: A train travels at 44 km/h for... | Ans: 54.5
RL Step 3446 | Loss: 0.0001 | Avg Reward: -0.10 | Time: 8.2s | Prob: A train travels at 46 km/h for... | Ans: 54.0
RL Step 3447 | Loss: 0.0001 | Avg Reward: -0.10 | Time: 8.0s | Prob: A train travels at 52 km/h for... | Ans: 56.5
RL Step 3448 | Loss: 0.0000 | Avg Reward: -0.10 | Time: 8.2s | Prob: A train travels at 65 km/h for... | Ans: 65.0
RL Step 3449 | Loss: -0.0000 | Avg Reward: -0.10 | Time: 8.2s | Prob: A train travels at 72 km/h for... | Ans: 64.8
RL Step 3450 | Loss: 0.0117 | Avg Reward: 0.17 | Time: 8.1s | Prob: A train travels at 61 km/h for... | Ans: 60.5
RL Step 3451 | Loss: 0.0000 | Avg Reward: -0.10 | Time: 8.3s | Prob: A train travels at 70 km/h for... | Ans: 76.67
RL Step 3452 | Loss: 0.0000 | Avg Reward: -0.10 | Time: 8.3s | Prob: A train travels at 44 km/h for... | Ans: 52.25
RL Step 3453 | Loss: 0.0002 | Avg Reward: -0.10 | Time: 8.3s | Prob: A train travels at 66 km/h for... | Ans: 69.56
RL Step 3454 | Loss: 0.0001 | Avg Reward: -0.10 | Time: 8.2s | Prob: A train travels at 72 km/h for... | Ans: 69.33
RL Step 3455 | Loss: 0.0001 | Avg Reward: -0.10 | Time: 8.3s | Prob: A train travels at 75 km/h for... | Ans: 73.12
RL Step 3456 | Loss: 0.0001 | Avg Reward: -0.10 | Time: 8.3s | Prob: A train travels at 65 km/h for... | Ans: 74.0
RL Step 3457 | Loss: 0.0001 | Avg Reward: -0.10 | Time: 8.3s | Prob: A train travels at 44 km/h for... | Ans: 70.11
RL Step 3458 | Loss: 0.0020 | Avg Reward: 0.17 | Time: 8.2s | Prob: A train travels at 62 km/h for... | Ans: 64.67
RL Step 3459 | Loss: 0.0000 | Avg Reward: -0.10 | Time: 8.2s | Prob: A train travels at 79 km/h for... | Ans: 79.33
RL Step 3460 | Loss: 0.0000 | Avg Reward: -0.10 | Time: 8.3s | Prob: A train travels at 58 km/h for... | Ans: 65.12
RL Step 3461 | Loss: 0.0001 | Avg Reward: -0.10 | Time: 8.3s | Prob: A train travels at 58 km/h for... | Ans: 60.25
RL Step 3462 | Loss: 0.0000 | Avg Reward: -0.10 | Time: 8.1s | Prob: A train travels at 75 km/h for... | Ans: 84.0
RL Step 3463 | Loss: 0.0000 | Avg Reward: -0.10 | Time: 8.3s | Prob: A train travels at 53 km/h for... | Ans: 59.43
RL Step 3464 | Loss: 0.0078 | Avg Reward: 0.17 | Time: 8.2s | Prob: A train travels at 68 km/h for... | Ans: 75.0
RL Step 3465 | Loss: 0.0000 | Avg Reward: -0.10 | Time: 8.3s | Prob: A train travels at 44 km/h for... | Ans: 55.88
RL Step 3466 | Loss: 0.0000 | Avg Reward: -0.10 | Time: 8.3s | Prob: A train travels at 58 km/h for... | Ans: 62.88
RL Step 3467 | Loss: 0.0001 | Avg Reward: -0.10 | Time: 8.3s | Prob: A train travels at 54 km/h for... | Ans: 85.43
RL Step 3468 | Loss: 0.0002 | Avg Reward: -0.10 | Time: 8.1s | Prob: A train travels at 58 km/h for... | Ans: 62.0
RL Step 3469 | Loss: 0.0000 | Avg Reward: -0.10 | Time: 8.1s | Prob: A train travels at 57 km/h for... | Ans: 62.67
RL Step 3470 | Loss: 0.0001 | Avg Reward: -0.10 | Time: 8.3s | Prob: A train travels at 72 km/h for... | Ans: 75.0
RL Step 3471 | Loss: 0.0001 | Avg Reward: -0.10 | Time: 8.1s | Prob: A train travels at 63 km/h for... | Ans: 77.0
RL Step 3472 | Loss: 0.0001 | Avg Reward: -0.10 | Time: 8.3s | Prob: A train travels at 66 km/h for... | Ans: 68.78
RL Step 3473 | Loss: 0.0001 | Avg Reward: -0.10 | Time: 8.3s | Prob: A train travels at 42 km/h for... | Ans: 63.86
RL Step 3474 | Loss: 0.0000 | Avg Reward: -0.10 | Time: 8.3s | Prob: A train travels at 53 km/h for... | Ans: 77.0
RL Step 3475 | Loss: 0.0059 | Avg Reward: 0.17 | Time: 8.1s | Prob: A train travels at 74 km/h for... | Ans: 70.5
RL Step 3476 | Loss: 0.0000 | Avg Reward: -0.10 | Time: 8.1s | Prob: A train travels at 73 km/h for... | Ans: 78.0
RL Step 3477 | Loss: 0.0001 | Avg Reward: -0.10 | Time: 8.2s | Prob: A train travels at 51 km/h for... | Ans: 70.5
RL Step 3478 | Loss: 0.0001 | Avg Reward: -0.10 | Time: 8.3s | Prob: A train travels at 75 km/h for... | Ans: 90.33
RL Step 3479 | Loss: 0.0000 | Avg Reward: -0.10 | Time: 8.1s | Prob: A train travels at 45 km/h for... | Ans: 58.5
RL Step 3480 | Loss: 0.0002 | Avg Reward: -0.10 | Time: 8.0s | Prob: A train travels at 76 km/h for... | Ans: 79.5
RL Step 3481 | Loss: 0.0002 | Avg Reward: -0.10 | Time: 8.4s | Prob: A train travels at 54 km/h for... | Ans: 74.44
RL Step 3482 | Loss: 0.0039 | Avg Reward: 0.17 | Time: 8.3s | Prob: A train travels at 58 km/h for... | Ans: 70.38
RL Step 3483 | Loss: 0.0001 | Avg Reward: -0.10 | Time: 8.1s | Prob: A train travels at 56 km/h for... | Ans: 72.0
RL Step 3484 | Loss: 0.0001 | Avg Reward: -0.10 | Time: 8.3s | Prob: A train travels at 56 km/h for... | Ans: 74.57
RL Step 3485 | Loss: 0.0001 | Avg Reward: -0.10 | Time: 8.3s | Prob: A train travels at 45 km/h for... | Ans: 62.57
RL Step 3486 | Loss: 0.0002 | Avg Reward: -0.10 | Time: 8.3s | Prob: A train travels at 64 km/h for... | Ans: 76.0
RL Step 3487 | Loss: 0.0001 | Avg Reward: -0.10 | Time: 8.3s | Prob: A train travels at 43 km/h for... | Ans: 58.56
RL Step 3488 | Loss: 0.0001 | Avg Reward: -0.10 | Time: 8.3s | Prob: A train travels at 76 km/h for... | Ans: 87.43
RL Step 3489 | Loss: 0.0195 | Avg Reward: 0.17 | Time: 8.2s | Prob: A train travels at 76 km/h for... | Ans: 87.33
RL Step 3490 | Loss: 0.0001 | Avg Reward: -0.10 | Time: 8.1s | Prob: A train travels at 53 km/h for... | Ans: 70.4
RL Step 3491 | Loss: 0.0000 | Avg Reward: -0.10 | Time: 8.1s | Prob: A train travels at 76 km/h for... | Ans: 84.8
RL Step 3492 | Loss: 0.0332 | Avg Reward: 0.17 | Time: 8.2s | Prob: A train travels at 49 km/h for... | Ans: 76.5
RL Step 3493 | Loss: 0.0001 | Avg Reward: -0.10 | Time: 8.1s | Prob: A train travels at 78 km/h for... | Ans: 72.5
RL Step 3494 | Loss: 0.0000 | Avg Reward: -0.10 | Time: 8.2s | Prob: A train travels at 71 km/h for... | Ans: 81.5
RL Step 3495 | Loss: 0.0001 | Avg Reward: -0.10 | Time: 8.3s | Prob: A train travels at 74 km/h for... | Ans: 89.33
RL Step 3496 | Loss: 0.0001 | Avg Reward: -0.10 | Time: 8.3s | Prob: A train travels at 62 km/h for... | Ans: 60.89
RL Step 3497 | Loss: 0.0000 | Avg Reward: -0.10 | Time: 8.2s | Prob: A train travels at 60 km/h for... | Ans: 74.8
RL Step 3498 | Loss: 0.0002 | Avg Reward: -0.10 | Time: 8.3s | Prob: A train travels at 70 km/h for... | Ans: 78.0
RL Step 3499 | Loss: 0.0001 | Avg Reward: -0.10 | Time: 8.2s | Prob: A train travels at 74 km/h for... | Ans: 78.33
RL Step 3500 | Loss: 0.0002 | Avg Reward: -0.10 | Time: 8.3s | Prob: A train travels at 72 km/h for... | Ans: 80.33
RL Step 3501 | Loss: -0.0137 | Avg Reward: 0.17 | Time: 8.2s | Prob: A train travels at 55 km/h for... | Ans: 72.33
RL Step 3502 | Loss: 0.0001 | Avg Reward: -0.10 | Time: 8.2s | Prob: A train travels at 44 km/h for... | Ans: 55.25
RL Step 3503 | Loss: 0.0001 | Avg Reward: -0.10 | Time: 8.3s | Prob: A train travels at 69 km/h for... | Ans: 75.57
RL Step 3504 | Loss: 0.0000 | Avg Reward: 0.17 | Time: 8.1s | Prob: A train travels at 40 km/h for... | Ans: 56.2
RL Step 3505 | Loss: 0.0002 | Avg Reward: -0.10 | Time: 8.3s | Prob: A train travels at 46 km/h for... | Ans: 69.14
RL Step 3506 | Loss: 0.0002 | Avg Reward: -0.10 | Time: 8.3s | Prob: A train travels at 63 km/h for... | Ans: 68.14
RL Step 3507 | Loss: 0.0078 | Avg Reward: 0.17 | Time: 8.3s | Prob: A train travels at 61 km/h for... | Ans: 63.67
RL Step 3508 | Loss: 0.0001 | Avg Reward: -0.10 | Time: 8.3s | Prob: A train travels at 48 km/h for... | Ans: 54.86
RL Step 3509 | Loss: 0.0001 | Avg Reward: -0.10 | Time: 8.3s | Prob: A train travels at 74 km/h for... | Ans: 70.11
RL Step 3510 | Loss: 0.0001 | Avg Reward: -0.10 | Time: 8.1s | Prob: A train travels at 77 km/h for... | Ans: 70.5
RL Step 3511 | Loss: 0.0000 | Avg Reward: -0.10 | Time: 8.1s | Prob: A train travels at 40 km/h for... | Ans: 78.0
RL Step 3512 | Loss: 0.0001 | Avg Reward: -0.10 | Time: 8.2s | Prob: A train travels at 63 km/h for... | Ans: 80.86
RL Step 3513 | Loss: 0.0002 | Avg Reward: -0.10 | Time: 8.3s | Prob: A train travels at 72 km/h for... | Ans: 77.62
RL Step 3514 | Loss: 0.0000 | Avg Reward: -0.10 | Time: 8.2s | Prob: A train travels at 63 km/h for... | Ans: 72.0
RL Step 3515 | Loss: 0.0001 | Avg Reward: -0.10 | Time: 8.1s | Prob: A train travels at 41 km/h for... | Ans: 60.5
RL Step 3516 | Loss: 0.0002 | Avg Reward: -0.10 | Time: 8.3s | Prob: A train travels at 80 km/h for... | Ans: 68.12
RL Step 3517 | Loss: 0.0001 | Avg Reward: -0.10 | Time: 8.2s | Prob: A train travels at 58 km/h for... | Ans: 67.5
RL Step 3518 | Loss: 0.0001 | Avg Reward: -0.10 | Time: 8.3s | Prob: A train travels at 62 km/h for... | Ans: 65.43
RL Step 3519 | Loss: 0.0001 | Avg Reward: -0.10 | Time: 8.1s | Prob: A train travels at 73 km/h for... | Ans: 79.0
RL Step 3520 | Loss: 0.0001 | Avg Reward: -0.10 | Time: 8.3s | Prob: A train travels at 40 km/h for... | Ans: 70.0
RL Step 3521 | Loss: 0.0001 | Avg Reward: -0.10 | Time: 8.2s | Prob: A train travels at 55 km/h for... | Ans: 62.14
RL Step 3522 | Loss: 0.0001 | Avg Reward: -0.10 | Time: 8.2s | Prob: A train travels at 65 km/h for... | Ans: 75.0
RL Step 3523 | Loss: 0.0002 | Avg Reward: -0.10 | Time: 8.1s | Prob: A train travels at 62 km/h for... | Ans: 61.6
RL Step 3524 | Loss: 0.0001 | Avg Reward: -0.10 | Time: 8.3s | Prob: A train travels at 40 km/h for... | Ans: 53.14
RL Step 3525 | Loss: 0.0000 | Avg Reward: -0.10 | Time: 8.1s | Prob: A train travels at 50 km/h for... | Ans: 57.2
RL Step 3526 | Loss: 0.0001 | Avg Reward: -0.10 | Time: 8.1s | Prob: A train travels at 56 km/h for... | Ans: 67.5
RL Step 3527 | Loss: 0.0001 | Avg Reward: -0.10 | Time: 8.1s | Prob: A train travels at 53 km/h for... | Ans: 71.5
RL Step 3528 | Loss: 0.0001 | Avg Reward: -0.10 | Time: 8.3s | Prob: A train travels at 40 km/h for... | Ans: 52.89
RL Step 3529 | Loss: 0.0001 | Avg Reward: -0.10 | Time: 8.1s | Prob: A train travels at 60 km/h for... | Ans: 63.6
RL Step 3530 | Loss: 0.0001 | Avg Reward: -0.10 | Time: 8.3s | Prob: A train travels at 46 km/h for... | Ans: 60.22
RL Step 3531 | Loss: 0.0000 | Avg Reward: -0.10 | Time: 8.1s | Prob: A train travels at 53 km/h for... | Ans: 63.0
RL Step 3532 | Loss: 0.0039 | Avg Reward: 0.17 | Time: 8.2s | Prob: A train travels at 63 km/h for... | Ans: 69.5
RL Step 3533 | Loss: 0.0000 | Avg Reward: -0.10 | Time: 8.4s | Prob: A train travels at 52 km/h for... | Ans: 58.0
RL Step 3534 | Loss: 0.0001 | Avg Reward: -0.10 | Time: 8.2s | Prob: A train travels at 55 km/h for... | Ans: 67.0
RL Step 3535 | Loss: 0.0001 | Avg Reward: -0.10 | Time: 8.0s | Prob: A train travels at 48 km/h for... | Ans: 56.4
RL Step 3536 | Loss: 0.0002 | Avg Reward: -0.10 | Time: 8.2s | Prob: A train travels at 72 km/h for... | Ans: 82.0
RL Step 3537 | Loss: 0.0001 | Avg Reward: -0.10 | Time: 8.3s | Prob: A train travels at 50 km/h for... | Ans: 55.56
RL Step 3538 | Loss: 0.0001 | Avg Reward: -0.10 | Time: 8.2s | Prob: A train travels at 70 km/h for... | Ans: 73.0
RL Step 3539 | Loss: 0.0001 | Avg Reward: -0.10 | Time: 8.3s | Prob: A train travels at 41 km/h for... | Ans: 47.29
RL Step 3540 | Loss: 0.0001 | Avg Reward: -0.10 | Time: 8.3s | Prob: A train travels at 70 km/h for... | Ans: 73.56
RL Step 3541 | Loss: 0.0001 | Avg Reward: -0.10 | Time: 8.3s | Prob: A train travels at 40 km/h for... | Ans: 64.0
RL Step 3542 | Loss: 0.0001 | Avg Reward: -0.10 | Time: 8.1s | Prob: A train travels at 62 km/h for... | Ans: 62.4
RL Step 3543 | Loss: 0.0001 | Avg Reward: -0.10 | Time: 8.4s | Prob: A train travels at 53 km/h for... | Ans: 69.44
RL Step 3544 | Loss: 0.0000 | Avg Reward: -0.10 | Time: 8.3s | Prob: A train travels at 79 km/h for... | Ans: 72.25
RL Step 3545 | Loss: 0.0001 | Avg Reward: -0.10 | Time: 8.2s | Prob: A train travels at 60 km/h for... | Ans: 61.5
RL Step 3546 | Loss: 0.0002 | Avg Reward: -0.10 | Time: 8.3s | Prob: A train travels at 47 km/h for... | Ans: 71.57
RL Step 3547 | Loss: 0.0000 | Avg Reward: -0.10 | Time: 8.1s | Prob: A train travels at 58 km/h for... | Ans: 65.0
RL Step 3548 | Loss: 0.0001 | Avg Reward: -0.10 | Time: 8.3s | Prob: A train travels at 79 km/h for... | Ans: 79.44
RL Step 3549 | Loss: -0.0000 | Avg Reward: -0.10 | Time: 8.1s | Prob: A train travels at 58 km/h for... | Ans: 66.0
RL Step 3550 | Loss: 0.0002 | Avg Reward: -0.10 | Time: 8.3s | Prob: A train travels at 79 km/h for... | Ans: 66.33
RL Step 3551 | Loss: 0.0002 | Avg Reward: -0.10 | Time: 8.3s | Prob: A train travels at 76 km/h for... | Ans: 79.11
RL Step 3552 | Loss: 0.0000 | Avg Reward: -0.10 | Time: 8.1s | Prob: A train travels at 61 km/h for... | Ans: 69.4
RL Step 3553 | Loss: 0.0002 | Avg Reward: -0.10 | Time: 8.3s | Prob: A train travels at 72 km/h for... | Ans: 72.0
RL Step 3554 | Loss: 0.0001 | Avg Reward: -0.10 | Time: 8.3s | Prob: A train travels at 56 km/h for... | Ans: 68.5
RL Step 3555 | Loss: 0.0078 | Avg Reward: 0.17 | Time: 8.2s | Prob: A train travels at 48 km/h for... | Ans: 56.5
RL Step 3556 | Loss: 0.0000 | Avg Reward: -0.10 | Time: 8.2s | Prob: A train travels at 43 km/h for... | Ans: 62.6
RL Step 3557 | Loss: -0.0001 | Avg Reward: -0.10 | Time: 8.1s | Prob: A train travels at 70 km/h for... | Ans: 67.6
RL Step 3558 | Loss: 0.0002 | Avg Reward: -0.10 | Time: 8.2s | Prob: A train travels at 51 km/h for... | Ans: 60.29
RL Step 3559 | Loss: 0.0001 | Avg Reward: -0.10 | Time: 8.2s | Prob: A train travels at 58 km/h for... | Ans: 75.0
RL Step 3560 | Loss: 0.0001 | Avg Reward: -0.10 | Time: 8.3s | Prob: A train travels at 76 km/h for... | Ans: 76.0
RL Step 3561 | Loss: -0.0000 | Avg Reward: -0.10 | Time: 8.3s | Prob: A train travels at 63 km/h for... | Ans: 82.29
RL Step 3562 | Loss: 0.0156 | Avg Reward: 0.17 | Time: 8.3s | Prob: A train travels at 55 km/h for... | Ans: 59.88
RL Step 3563 | Loss: -0.0059 | Avg Reward: 0.17 | Time: 8.3s | Prob: A train travels at 59 km/h for... | Ans: 76.78
RL Step 3564 | Loss: 0.0001 | Avg Reward: -0.10 | Time: 8.3s | Prob: A train travels at 63 km/h for... | Ans: 77.86
RL Step 3565 | Loss: -0.0078 | Avg Reward: 0.17 | Time: 8.3s | Prob: A train travels at 80 km/h for... | Ans: 74.38
RL Step 3566 | Loss: 0.0000 | Avg Reward: -0.10 | Time: 8.3s | Prob: A train travels at 73 km/h for... | Ans: 77.0
RL Step 3567 | Loss: 0.0000 | Avg Reward: -0.10 | Time: 8.3s | Prob: A train travels at 41 km/h for... | Ans: 49.62
RL Step 3568 | Loss: 0.0001 | Avg Reward: -0.10 | Time: 8.1s | Prob: A train travels at 46 km/h for... | Ans: 53.2
RL Step 3569 | Loss: -0.0000 | Avg Reward: -0.10 | Time: 8.2s | Prob: A train travels at 51 km/h for... | Ans: 77.25
RL Step 3570 | Loss: 0.0000 | Avg Reward: -0.10 | Time: 8.3s | Prob: A train travels at 65 km/h for... | Ans: 69.71
RL Step 3571 | Loss: 0.0002 | Avg Reward: -0.10 | Time: 8.2s | Prob: A train travels at 78 km/h for... | Ans: 80.57
RL Step 3572 | Loss: 0.0001 | Avg Reward: -0.10 | Time: 8.3s | Prob: A train travels at 50 km/h for... | Ans: 54.89
RL Step 3573 | Loss: 0.0001 | Avg Reward: -0.10 | Time: 8.1s | Prob: A train travels at 46 km/h for... | Ans: 62.2
RL Step 3574 | Loss: -0.0078 | Avg Reward: 0.17 | Time: 8.2s | Prob: A train travels at 56 km/h for... | Ans: 66.5
RL Step 3575 | Loss: 0.0000 | Avg Reward: -0.10 | Time: 8.2s | Prob: A train travels at 62 km/h for... | Ans: 61.71
RL Step 3576 | Loss: 0.0001 | Avg Reward: -0.10 | Time: 8.3s | Prob: A train travels at 66 km/h for... | Ans: 71.14
RL Step 3577 | Loss: 0.0000 | Avg Reward: -0.10 | Time: 8.1s | Prob: A train travels at 40 km/h for... | Ans: 52.5
RL Step 3578 | Loss: 0.0001 | Avg Reward: -0.10 | Time: 8.2s | Prob: A train travels at 64 km/h for... | Ans: 77.29
RL Step 3579 | Loss: 0.0001 | Avg Reward: -0.10 | Time: 8.2s | Prob: A train travels at 62 km/h for... | Ans: 65.5
RL Step 3580 | Loss: 0.0000 | Avg Reward: -0.10 | Time: 8.3s | Prob: A train travels at 69 km/h for... | Ans: 73.71
RL Step 3581 | Loss: -0.0000 | Avg Reward: -0.10 | Time: 8.1s | Prob: A train travels at 76 km/h for... | Ans: 80.5
RL Step 3582 | Loss: 0.0001 | Avg Reward: -0.10 | Time: 8.2s | Prob: A train travels at 48 km/h for... | Ans: 66.29
RL Step 3583 | Loss: 0.0002 | Avg Reward: -0.10 | Time: 8.4s | Prob: A train travels at 80 km/h for... | Ans: 67.5
RL Step 3584 | Loss: 0.0117 | Avg Reward: 0.17 | Time: 8.2s | Prob: A train travels at 80 km/h for... | Ans: 78.5
RL Step 3585 | Loss: 0.0002 | Avg Reward: -0.10 | Time: 8.3s | Prob: A train travels at 45 km/h for... | Ans: 69.44
RL Step 3586 | Loss: 0.0001 | Avg Reward: -0.10 | Time: 8.1s | Prob: A train travels at 43 km/h for... | Ans: 59.0
RL Step 3587 | Loss: 0.0001 | Avg Reward: -0.10 | Time: 8.3s | Prob: A train travels at 49 km/h for... | Ans: 60.88
RL Step 3588 | Loss: 0.0001 | Avg Reward: -0.10 | Time: 8.3s | Prob: A train travels at 42 km/h for... | Ans: 60.0
RL Step 3589 | Loss: 0.0001 | Avg Reward: -0.10 | Time: 8.2s | Prob: A train travels at 41 km/h for... | Ans: 68.5
RL Step 3590 | Loss: 0.0000 | Avg Reward: -0.10 | Time: 8.2s | Prob: A train travels at 69 km/h for... | Ans: 75.4
RL Step 3591 | Loss: 0.0001 | Avg Reward: -0.10 | Time: 8.2s | Prob: A train travels at 57 km/h for... | Ans: 67.29
RL Step 3592 | Loss: 0.0001 | Avg Reward: -0.10 | Time: 8.3s | Prob: A train travels at 67 km/h for... | Ans: 83.88
RL Step 3593 | Loss: 0.0001 | Avg Reward: -0.10 | Time: 8.1s | Prob: A train travels at 77 km/h for... | Ans: 77.5
RL Step 3594 | Loss: 0.0000 | Avg Reward: -0.10 | Time: 8.3s | Prob: A train travels at 59 km/h for... | Ans: 60.43
RL Step 3595 | Loss: 0.0001 | Avg Reward: -0.10 | Time: 8.2s | Prob: A train travels at 61 km/h for... | Ans: 66.14
RL Step 3596 | Loss: -0.0001 | Avg Reward: -0.10 | Time: 8.2s | Prob: A train travels at 76 km/h for... | Ans: 70.0
RL Step 3597 | Loss: 0.0001 | Avg Reward: -0.10 | Time: 8.2s | Prob: A train travels at 77 km/h for... | Ans: 73.5
RL Step 3598 | Loss: 0.0001 | Avg Reward: -0.10 | Time: 8.1s | Prob: A train travels at 62 km/h for... | Ans: 72.2
RL Step 3599 | Loss: 0.0001 | Avg Reward: -0.10 | Time: 8.1s | Prob: A train travels at 58 km/h for... | Ans: 76.5
RL Step 3600 | Loss: 0.0000 | Avg Reward: -0.10 | Time: 8.1s | Prob: A train travels at 40 km/h for... | Ans: 53.5
Saving RL Checkpoint at step 3600...
RL Step 3601 | Loss: 0.0001 | Avg Reward: -0.10 | Time: 8.3s | Prob: A train travels at 61 km/h for... | Ans: 64.43
RL Step 3602 | Loss: 0.0000 | Avg Reward: -0.10 | Time: 8.2s | Prob: A train travels at 66 km/h for... | Ans: 68.0
RL Step 3603 | Loss: 0.0000 | Avg Reward: -0.10 | Time: 8.3s | Prob: A train travels at 57 km/h for... | Ans: 75.57
RL Step 3604 | Loss: 0.0001 | Avg Reward: -0.10 | Time: 8.2s | Prob: A train travels at 73 km/h for... | Ans: 88.71
RL Step 3605 | Loss: 0.0000 | Avg Reward: -0.10 | Time: 8.3s | Prob: A train travels at 52 km/h for... | Ans: 57.43
RL Step 3606 | Loss: 0.0002 | Avg Reward: -0.10 | Time: 8.1s | Prob: A train travels at 42 km/h for... | Ans: 64.2
RL Step 3607 | Loss: 0.0001 | Avg Reward: -0.10 | Time: 8.3s | Prob: A train travels at 48 km/h for... | Ans: 72.57
RL Step 3608 | Loss: 0.0001 | Avg Reward: -0.10 | Time: 8.2s | Prob: A train travels at 70 km/h for... | Ans: 74.8
RL Step 3609 | Loss: 0.0002 | Avg Reward: -0.10 | Time: 8.2s | Prob: A train travels at 48 km/h for... | Ans: 68.5
RL Step 3610 | Loss: 0.0002 | Avg Reward: -0.10 | Time: 8.2s | Prob: A train travels at 52 km/h for... | Ans: 66.0
RL Step 3611 | Loss: 0.0001 | Avg Reward: -0.10 | Time: 8.3s | Prob: A train travels at 67 km/h for... | Ans: 74.14
RL Step 3612 | Loss: -0.0000 | Avg Reward: -0.10 | Time: 8.3s | Prob: A train travels at 62 km/h for... | Ans: 76.0
RL Step 3613 | Loss: 0.0001 | Avg Reward: -0.10 | Time: 8.1s | Prob: A train travels at 68 km/h for... | Ans: 83.5
RL Step 3614 | Loss: 0.0000 | Avg Reward: -0.10 | Time: 8.3s | Prob: A train travels at 54 km/h for... | Ans: 66.0
RL Step 3615 | Loss: -0.0000 | Avg Reward: -0.10 | Time: 8.0s | Prob: A train travels at 44 km/h for... | Ans: 57.5
RL Step 3616 | Loss: 0.0000 | Avg Reward: -0.10 | Time: 8.2s | Prob: A train travels at 66 km/h for... | Ans: 63.86
RL Step 3617 | Loss: 0.0001 | Avg Reward: -0.10 | Time: 8.3s | Prob: A train travels at 71 km/h for... | Ans: 68.78
RL Step 3618 | Loss: 0.0000 | Avg Reward: -0.10 | Time: 8.3s | Prob: A train travels at 53 km/h for... | Ans: 58.0
RL Step 3619 | Loss: 0.0001 | Avg Reward: -0.10 | Time: 8.3s | Prob: A train travels at 63 km/h for... | Ans: 73.0
RL Step 3620 | Loss: 0.0001 | Avg Reward: -0.10 | Time: 8.3s | Prob: A train travels at 57 km/h for... | Ans: 70.12
RL Step 3621 | Loss: 0.0001 | Avg Reward: -0.10 | Time: 8.2s | Prob: A train travels at 75 km/h for... | Ans: 86.0
RL Step 3622 | Loss: 0.0002 | Avg Reward: -0.10 | Time: 8.3s | Prob: A train travels at 47 km/h for... | Ans: 59.78
RL Step 3623 | Loss: 0.0001 | Avg Reward: -0.10 | Time: 8.3s | Prob: A train travels at 49 km/h for... | Ans: 66.78
RL Step 3624 | Loss: 0.0001 | Avg Reward: -0.10 | Time: 8.3s | Prob: A train travels at 48 km/h for... | Ans: 69.78
RL Step 3625 | Loss: 0.0001 | Avg Reward: -0.10 | Time: 8.1s | Prob: A train travels at 71 km/h for... | Ans: 79.8
RL Step 3626 | Loss: 0.0001 | Avg Reward: -0.10 | Time: 8.3s | Prob: A train travels at 78 km/h for... | Ans: 69.33
RL Step 3627 | Loss: 0.0000 | Avg Reward: -0.10 | Time: 8.1s | Prob: A train travels at 40 km/h for... | Ans: 58.5
RL Step 3628 | Loss: 0.0001 | Avg Reward: -0.10 | Time: 8.3s | Prob: A train travels at 77 km/h for... | Ans: 80.56
RL Step 3629 | Loss: 0.0001 | Avg Reward: -0.10 | Time: 8.2s | Prob: A train travels at 72 km/h for... | Ans: 85.0
RL Step 3630 | Loss: 0.0001 | Avg Reward: -0.10 | Time: 8.2s | Prob: A train travels at 77 km/h for... | Ans: 78.2
RL Step 3631 | Loss: 0.0002 | Avg Reward: -0.10 | Time: 8.4s | Prob: A train travels at 42 km/h for... | Ans: 68.11
RL Step 3632 | Loss: 0.0001 | Avg Reward: -0.10 | Time: 8.2s | Prob: A train travels at 73 km/h for... | Ans: 83.5
RL Step 3633 | Loss: 0.0001 | Avg Reward: -0.10 | Time: 8.2s | Prob: A train travels at 69 km/h for... | Ans: 65.0
RL Step 3634 | Loss: 0.0001 | Avg Reward: -0.10 | Time: 8.3s | Prob: A train travels at 72 km/h for... | Ans: 77.62
RL Step 3635 | Loss: 0.0001 | Avg Reward: -0.10 | Time: 8.2s | Prob: A train travels at 75 km/h for... | Ans: 69.4
RL Step 3636 | Loss: 0.0002 | Avg Reward: -0.10 | Time: 8.3s | Prob: A train travels at 68 km/h for... | Ans: 80.78
RL Step 3637 | Loss: 0.0001 | Avg Reward: -0.10 | Time: 8.1s | Prob: A train travels at 75 km/h for... | Ans: 72.0
RL Step 3638 | Loss: 0.0000 | Avg Reward: -0.10 | Time: 8.2s | Prob: A train travels at 65 km/h for... | Ans: 73.0
RL Step 3639 | Loss: 0.0001 | Avg Reward: -0.10 | Time: 8.1s | Prob: A train travels at 43 km/h for... | Ans: 50.0
RL Step 3640 | Loss: 0.0002 | Avg Reward: -0.10 | Time: 8.2s | Prob: A train travels at 54 km/h for... | Ans: 67.0
RL Step 3641 | Loss: 0.0001 | Avg Reward: -0.10 | Time: 8.4s | Prob: A train travels at 62 km/h for... | Ans: 67.25
RL Step 3642 | Loss: 0.0000 | Avg Reward: -0.10 | Time: 8.3s | Prob: A train travels at 45 km/h for... | Ans: 57.57
RL Step 3643 | Loss: 0.0000 | Avg Reward: -0.10 | Time: 8.2s | Prob: A train travels at 59 km/h for... | Ans: 71.0
RL Step 3644 | Loss: 0.0001 | Avg Reward: -0.10 | Time: 8.2s | Prob: A train travels at 40 km/h for... | Ans: 57.0
RL Step 3645 | Loss: 0.0137 | Avg Reward: 0.17 | Time: 8.2s | Prob: A train travels at 56 km/h for... | Ans: 67.0
RL Step 3646 | Loss: 0.0001 | Avg Reward: -0.10 | Time: 8.2s | Prob: A train travels at 47 km/h for... | Ans: 62.6
RL Step 3647 | Loss: 0.0001 | Avg Reward: -0.10 | Time: 8.1s | Prob: A train travels at 73 km/h for... | Ans: 70.5
RL Step 3648 | Loss: 0.0001 | Avg Reward: -0.10 | Time: 8.2s | Prob: A train travels at 55 km/h for... | Ans: 72.6
RL Step 3649 | Loss: 0.0001 | Avg Reward: -0.10 | Time: 8.0s | Prob: A train travels at 55 km/h for... | Ans: 61.4
RL Step 3650 | Loss: 0.0001 | Avg Reward: -0.10 | Time: 8.2s | Prob: A train travels at 61 km/h for... | Ans: 66.0
RL Step 3651 | Loss: 0.0000 | Avg Reward: -0.10 | Time: 8.1s | Prob: A train travels at 42 km/h for... | Ans: 61.8
RL Step 3652 | Loss: 0.0001 | Avg Reward: -0.10 | Time: 8.3s | Prob: A train travels at 53 km/h for... | Ans: 58.14
RL Step 3653 | Loss: 0.0001 | Avg Reward: -0.10 | Time: 8.1s | Prob: A train travels at 65 km/h for... | Ans: 68.5
RL Step 3654 | Loss: 0.0001 | Avg Reward: -0.10 | Time: 8.1s | Prob: A train travels at 55 km/h for... | Ans: 76.5
RL Step 3655 | Loss: 0.0000 | Avg Reward: -0.10 | Time: 8.2s | Prob: A train travels at 69 km/h for... | Ans: 65.4
RL Step 3656 | Loss: 0.0002 | Avg Reward: -0.10 | Time: 8.2s | Prob: A train travels at 54 km/h for... | Ans: 62.4
RL Step 3657 | Loss: 0.0000 | Avg Reward: -0.10 | Time: 8.2s | Prob: A train travels at 60 km/h for... | Ans: 69.43
RL Step 3658 | Loss: 0.0000 | Avg Reward: -0.10 | Time: 8.2s | Prob: A train travels at 46 km/h for... | Ans: 55.2
RL Step 3659 | Loss: 0.0001 | Avg Reward: -0.10 | Time: 8.1s | Prob: A train travels at 43 km/h for... | Ans: 68.5
RL Step 3660 | Loss: 0.0001 | Avg Reward: -0.10 | Time: 8.2s | Prob: A train travels at 75 km/h for... | Ans: 70.71
RL Step 3661 | Loss: 0.0001 | Avg Reward: -0.10 | Time: 8.3s | Prob: A train travels at 54 km/h for... | Ans: 68.67
RL Step 3662 | Loss: 0.0001 | Avg Reward: -0.10 | Time: 8.3s | Prob: A train travels at 77 km/h for... | Ans: 74.78
RL Step 3663 | Loss: 0.0001 | Avg Reward: -0.10 | Time: 8.1s | Prob: A train travels at 43 km/h for... | Ans: 56.2
RL Step 3664 | Loss: 0.0000 | Avg Reward: -0.10 | Time: 8.2s | Prob: A train travels at 80 km/h for... | Ans: 73.33
RL Step 3665 | Loss: 0.0002 | Avg Reward: -0.10 | Time: 8.3s | Prob: A train travels at 64 km/h for... | Ans: 76.86
RL Step 3666 | Loss: 0.0000 | Avg Reward: -0.10 | Time: 8.2s | Prob: A train travels at 60 km/h for... | Ans: 63.5
RL Step 3667 | Loss: 0.0002 | Avg Reward: -0.10 | Time: 8.2s | Prob: A train travels at 77 km/h for... | Ans: 85.5
RL Step 3668 | Loss: 0.0001 | Avg Reward: -0.10 | Time: 8.1s | Prob: A train travels at 57 km/h for... | Ans: 63.0
RL Step 3669 | Loss: 0.0001 | Avg Reward: -0.10 | Time: 8.2s | Prob: A train travels at 79 km/h for... | Ans: 73.33
RL Step 3670 | Loss: 0.0001 | Avg Reward: -0.10 | Time: 8.2s | Prob: A train travels at 48 km/h for... | Ans: 71.5
RL Step 3671 | Loss: 0.0001 | Avg Reward: -0.10 | Time: 8.1s | Prob: A train travels at 45 km/h for... | Ans: 58.33
RL Step 3672 | Loss: 0.0001 | Avg Reward: -0.10 | Time: 8.2s | Prob: A train travels at 68 km/h for... | Ans: 81.0
RL Step 3673 | Loss: 0.0000 | Avg Reward: -0.10 | Time: 8.3s | Prob: A train travels at 61 km/h for... | Ans: 87.43
RL Step 3674 | Loss: 0.0000 | Avg Reward: -0.10 | Time: 8.3s | Prob: A train travels at 48 km/h for... | Ans: 59.62
RL Step 3675 | Loss: 0.0001 | Avg Reward: -0.10 | Time: 8.2s | Prob: A train travels at 66 km/h for... | Ans: 80.5
RL Step 3676 | Loss: 0.0001 | Avg Reward: -0.10 | Time: 8.2s | Prob: A train travels at 52 km/h for... | Ans: 72.0
RL Step 3677 | Loss: 0.0001 | Avg Reward: -0.10 | Time: 8.1s | Prob: A train travels at 78 km/h for... | Ans: 83.0
RL Step 3678 | Loss: 0.0000 | Avg Reward: -0.10 | Time: 8.2s | Prob: A train travels at 64 km/h for... | Ans: 75.0
RL Step 3679 | Loss: 0.0001 | Avg Reward: -0.10 | Time: 8.3s | Prob: A train travels at 61 km/h for... | Ans: 64.67
RL Step 3680 | Loss: 0.0001 | Avg Reward: -0.10 | Time: 8.3s | Prob: A train travels at 58 km/h for... | Ans: 60.67
RL Step 3681 | Loss: -0.0000 | Avg Reward: -0.10 | Time: 8.2s | Prob: A train travels at 65 km/h for... | Ans: 75.62
RL Step 3682 | Loss: 0.0000 | Avg Reward: -0.10 | Time: 8.3s | Prob: A train travels at 76 km/h for... | Ans: 77.43
RL Step 3683 | Loss: 0.0001 | Avg Reward: -0.10 | Time: 8.1s | Prob: A train travels at 76 km/h for... | Ans: 84.0
RL Step 3684 | Loss: 0.0000 | Avg Reward: -0.10 | Time: 8.2s | Prob: A train travels at 67 km/h for... | Ans: 64.6
RL Step 3685 | Loss: 0.0001 | Avg Reward: -0.10 | Time: 8.2s | Prob: A train travels at 74 km/h for... | Ans: 81.0
RL Step 3686 | Loss: 0.0002 | Avg Reward: -0.10 | Time: 8.1s | Prob: A train travels at 54 km/h for... | Ans: 67.0
RL Step 3687 | Loss: 0.0000 | Avg Reward: -0.10 | Time: 8.3s | Prob: A train travels at 57 km/h for... | Ans: 62.56
RL Step 3688 | Loss: 0.0001 | Avg Reward: -0.10 | Time: 8.1s | Prob: A train travels at 44 km/h for... | Ans: 68.0
RL Step 3689 | Loss: -0.0020 | Avg Reward: 0.17 | Time: 8.2s | Prob: A train travels at 58 km/h for... | Ans: 64.0
RL Step 3690 | Loss: 0.0000 | Avg Reward: -0.10 | Time: 8.3s | Prob: A train travels at 41 km/h for... | Ans: 47.86
RL Step 3691 | Loss: 0.0001 | Avg Reward: -0.10 | Time: 8.2s | Prob: A train travels at 53 km/h for... | Ans: 57.71
RL Step 3692 | Loss: 0.0000 | Avg Reward: -0.10 | Time: 8.1s | Prob: A train travels at 71 km/h for... | Ans: 85.0
RL Step 3693 | Loss: 0.0000 | Avg Reward: -0.10 | Time: 8.1s | Prob: A train travels at 47 km/h for... | Ans: 69.0
RL Step 3694 | Loss: 0.0001 | Avg Reward: -0.10 | Time: 8.2s | Prob: A train travels at 64 km/h for... | Ans: 67.33
RL Step 3695 | Loss: 0.0003 | Avg Reward: -0.10 | Time: 8.3s | Prob: A train travels at 70 km/h for... | Ans: 78.0
RL Step 3696 | Loss: 0.0001 | Avg Reward: -0.10 | Time: 8.3s | Prob: A train travels at 53 km/h for... | Ans: 76.57
RL Step 3697 | Loss: 0.0003 | Avg Reward: -0.10 | Time: 8.3s | Prob: A train travels at 48 km/h for... | Ans: 60.44
RL Step 3698 | Loss: 0.0001 | Avg Reward: -0.10 | Time: 8.3s | Prob: A train travels at 71 km/h for... | Ans: 67.67
RL Step 3699 | Loss: 0.0001 | Avg Reward: -0.10 | Time: 8.3s | Prob: A train travels at 45 km/h for... | Ans: 73.57
RL Step 3700 | Loss: 0.0002 | Avg Reward: -0.10 | Time: 8.3s | Prob: A train travels at 80 km/h for... | Ans: 71.67
RL Step 3701 | Loss: 0.0312 | Avg Reward: 0.17 | Time: 8.2s | Prob: A train travels at 58 km/h for... | Ans: 63.0
RL Step 3702 | Loss: 0.0000 | Avg Reward: -0.10 | Time: 8.3s | Prob: A train travels at 59 km/h for... | Ans: 76.78
RL Step 3703 | Loss: 0.0000 | Avg Reward: -0.10 | Time: 8.2s | Prob: A train travels at 76 km/h for... | Ans: 72.25
RL Step 3704 | Loss: 0.0001 | Avg Reward: -0.10 | Time: 8.2s | Prob: A train travels at 78 km/h for... | Ans: 72.0
RL Step 3705 | Loss: -0.0020 | Avg Reward: 0.17 | Time: 8.2s | Prob: A train travels at 60 km/h for... | Ans: 72.5
RL Step 3706 | Loss: 0.0002 | Avg Reward: -0.10 | Time: 8.2s | Prob: A train travels at 75 km/h for... | Ans: 86.5
RL Step 3707 | Loss: 0.0002 | Avg Reward: -0.10 | Time: 8.2s | Prob: A train travels at 56 km/h for... | Ans: 73.5
RL Step 3708 | Loss: 0.0002 | Avg Reward: -0.10 | Time: 8.3s | Prob: A train travels at 68 km/h for... | Ans: 73.0
RL Step 3709 | Loss: 0.0001 | Avg Reward: -0.10 | Time: 8.1s | Prob: A train travels at 73 km/h for... | Ans: 75.0
RL Step 3710 | Loss: 0.0001 | Avg Reward: -0.10 | Time: 8.2s | Prob: A train travels at 55 km/h for... | Ans: 58.0
RL Step 3711 | Loss: 0.0001 | Avg Reward: -0.10 | Time: 8.1s | Prob: A train travels at 78 km/h for... | Ans: 71.2
RL Step 3712 | Loss: 0.0001 | Avg Reward: -0.10 | Time: 8.2s | Prob: A train travels at 77 km/h for... | Ans: 66.33
RL Step 3713 | Loss: 0.0001 | Avg Reward: -0.10 | Time: 8.2s | Prob: A train travels at 79 km/h for... | Ans: 83.0
RL Step 3714 | Loss: 0.0001 | Avg Reward: -0.10 | Time: 8.3s | Prob: A train travels at 41 km/h for... | Ans: 50.78
RL Step 3715 | Loss: 0.0000 | Avg Reward: -0.10 | Time: 8.3s | Prob: A train travels at 75 km/h for... | Ans: 78.43
RL Step 3716 | Loss: 0.0002 | Avg Reward: -0.10 | Time: 8.3s | Prob: A train travels at 48 km/h for... | Ans: 63.38
RL Step 3717 | Loss: 0.0001 | Avg Reward: -0.10 | Time: 8.1s | Prob: A train travels at 56 km/h for... | Ans: 71.0
RL Step 3718 | Loss: 0.0001 | Avg Reward: -0.10 | Time: 8.1s | Prob: A train travels at 70 km/h for... | Ans: 74.8
RL Step 3719 | Loss: -0.0039 | Avg Reward: 0.17 | Time: 8.3s | Prob: A train travels at 45 km/h for... | Ans: 53.33
RL Step 3720 | Loss: 0.0001 | Avg Reward: -0.10 | Time: 8.3s | Prob: A train travels at 53 km/h for... | Ans: 60.5
RL Step 3721 | Loss: -0.0078 | Avg Reward: 0.17 | Time: 8.1s | Prob: A train travels at 66 km/h for... | Ans: 81.5
RL Step 3722 | Loss: 0.0000 | Avg Reward: -0.10 | Time: 8.3s | Prob: A train travels at 71 km/h for... | Ans: 75.44
RL Step 3723 | Loss: 0.0002 | Avg Reward: -0.10 | Time: 8.2s | Prob: A train travels at 55 km/h for... | Ans: 60.0
RL Step 3724 | Loss: 0.0234 | Avg Reward: 0.17 | Time: 8.1s | Prob: A train travels at 45 km/h for... | Ans: 73.8
RL Step 3725 | Loss: 0.0000 | Avg Reward: -0.10 | Time: 8.2s | Prob: A train travels at 44 km/h for... | Ans: 78.0
RL Step 3726 | Loss: 0.0001 | Avg Reward: -0.10 | Time: 8.4s | Prob: A train travels at 56 km/h for... | Ans: 58.67
RL Step 3727 | Loss: 0.0001 | Avg Reward: -0.10 | Time: 8.3s | Prob: A train travels at 80 km/h for... | Ans: 80.0
RL Step 3728 | Loss: 0.0001 | Avg Reward: -0.10 | Time: 8.0s | Prob: A train travels at 67 km/h for... | Ans: 65.5
RL Step 3729 | Loss: 0.0000 | Avg Reward: -0.10 | Time: 8.2s | Prob: A train travels at 63 km/h for... | Ans: 72.5
RL Step 3730 | Loss: 0.0001 | Avg Reward: -0.10 | Time: 8.3s | Prob: A train travels at 55 km/h for... | Ans: 63.89
RL Step 3731 | Loss: 0.0001 | Avg Reward: -0.10 | Time: 8.3s | Prob: A train travels at 77 km/h for... | Ans: 72.62
RL Step 3732 | Loss: 0.0001 | Avg Reward: -0.10 | Time: 8.1s | Prob: A train travels at 51 km/h for... | Ans: 61.0
RL Step 3733 | Loss: 0.0000 | Avg Reward: -0.10 | Time: 8.1s | Prob: A train travels at 79 km/h for... | Ans: 84.4
RL Step 3734 | Loss: 0.0001 | Avg Reward: -0.10 | Time: 8.1s | Prob: A train travels at 74 km/h for... | Ans: 85.0
RL Step 3735 | Loss: 0.0001 | Avg Reward: -0.10 | Time: 8.2s | Prob: A train travels at 80 km/h for... | Ans: 90.0
RL Step 3736 | Loss: 0.0000 | Avg Reward: -0.10 | Time: 8.1s | Prob: A train travels at 72 km/h for... | Ans: 80.0
RL Step 3737 | Loss: 0.0001 | Avg Reward: -0.10 | Time: 8.1s | Prob: A train travels at 42 km/h for... | Ans: 54.0
RL Step 3738 | Loss: 0.0000 | Avg Reward: -0.10 | Time: 8.2s | Prob: A train travels at 77 km/h for... | Ans: 78.88
RL Step 3739 | Loss: 0.0001 | Avg Reward: -0.10 | Time: 8.2s | Prob: A train travels at 76 km/h for... | Ans: 85.5
RL Step 3740 | Loss: 0.0002 | Avg Reward: -0.10 | Time: 8.2s | Prob: A train travels at 51 km/h for... | Ans: 76.62
RL Step 3741 | Loss: 0.0002 | Avg Reward: -0.10 | Time: 8.2s | Prob: A train travels at 43 km/h for... | Ans: 62.6
RL Step 3742 | Loss: 0.0000 | Avg Reward: -0.10 | Time: 8.3s | Prob: A train travels at 73 km/h for... | Ans: 78.71
RL Step 3743 | Loss: 0.0000 | Avg Reward: -0.10 | Time: 8.3s | Prob: A train travels at 75 km/h for... | Ans: 67.57
RL Step 3744 | Loss: 0.0000 | Avg Reward: -0.10 | Time: 8.2s | Prob: A train travels at 69 km/h for... | Ans: 79.5
RL Step 3745 | Loss: 0.0001 | Avg Reward: -0.10 | Time: 8.2s | Prob: A train travels at 71 km/h for... | Ans: 82.6
RL Step 3746 | Loss: 0.0001 | Avg Reward: -0.10 | Time: 8.3s | Prob: A train travels at 45 km/h for... | Ans: 55.22
RL Step 3747 | Loss: 0.0002 | Avg Reward: -0.10 | Time: 8.3s | Prob: A train travels at 72 km/h for... | Ans: 77.14
RL Step 3748 | Loss: 0.0000 | Avg Reward: -0.10 | Time: 8.1s | Prob: A train travels at 69 km/h for... | Ans: 72.0
RL Step 3749 | Loss: 0.0156 | Avg Reward: 0.17 | Time: 8.3s | Prob: A train travels at 70 km/h for... | Ans: 87.33
RL Step 3750 | Loss: 0.0000 | Avg Reward: -0.10 | Time: 8.4s | Prob: A train travels at 77 km/h for... | Ans: 83.0
RL Step 3751 | Loss: 0.0001 | Avg Reward: -0.10 | Time: 8.2s | Prob: A train travels at 47 km/h for... | Ans: 51.67
RL Step 3752 | Loss: 0.0000 | Avg Reward: -0.10 | Time: 8.2s | Prob: A train travels at 74 km/h for... | Ans: 71.0
RL Step 3753 | Loss: 0.0001 | Avg Reward: -0.10 | Time: 8.3s | Prob: A train travels at 44 km/h for... | Ans: 57.57
RL Step 3754 | Loss: 0.0001 | Avg Reward: -0.10 | Time: 8.2s | Prob: A train travels at 50 km/h for... | Ans: 60.67
RL Step 3755 | Loss: 0.0001 | Avg Reward: -0.10 | Time: 8.3s | Prob: A train travels at 56 km/h for... | Ans: 58.86
RL Step 3756 | Loss: 0.0001 | Avg Reward: -0.10 | Time: 8.3s | Prob: A train travels at 68 km/h for... | Ans: 75.43
RL Step 3757 | Loss: 0.0003 | Avg Reward: -0.10 | Time: 8.2s | Prob: A train travels at 63 km/h for... | Ans: 69.0
RL Step 3758 | Loss: 0.0215 | Avg Reward: 0.17 | Time: 8.1s | Prob: A train travels at 59 km/h for... | Ans: 78.0
RL Step 3759 | Loss: 0.0002 | Avg Reward: -0.10 | Time: 8.3s | Prob: A train travels at 57 km/h for... | Ans: 61.0
RL Step 3760 | Loss: 0.0001 | Avg Reward: -0.10 | Time: 8.3s | Prob: A train travels at 80 km/h for... | Ans: 86.43
RL Step 3761 | Loss: 0.0001 | Avg Reward: -0.10 | Time: 8.2s | Prob: A train travels at 46 km/h for... | Ans: 56.71
RL Step 3762 | Loss: 0.0001 | Avg Reward: -0.10 | Time: 8.3s | Prob: A train travels at 45 km/h for... | Ans: 68.33
RL Step 3763 | Loss: 0.0001 | Avg Reward: -0.10 | Time: 8.2s | Prob: A train travels at 50 km/h for... | Ans: 70.0
RL Step 3764 | Loss: -0.0000 | Avg Reward: -0.10 | Time: 8.2s | Prob: A train travels at 68 km/h for... | Ans: 66.0
RL Step 3765 | Loss: 0.0001 | Avg Reward: -0.10 | Time: 8.3s | Prob: A train travels at 47 km/h for... | Ans: 57.22
RL Step 3766 | Loss: 0.0001 | Avg Reward: -0.10 | Time: 8.2s | Prob: A train travels at 49 km/h for... | Ans: 67.4
RL Step 3767 | Loss: 0.0002 | Avg Reward: -0.10 | Time: 8.3s | Prob: A train travels at 50 km/h for... | Ans: 62.86
RL Step 3768 | Loss: 0.0001 | Avg Reward: -0.10 | Time: 8.2s | Prob: A train travels at 58 km/h for... | Ans: 77.5
RL Step 3769 | Loss: 0.0001 | Avg Reward: -0.10 | Time: 8.3s | Prob: A train travels at 58 km/h for... | Ans: 83.0
RL Step 3770 | Loss: 0.0000 | Avg Reward: -0.10 | Time: 8.3s | Prob: A train travels at 79 km/h for... | Ans: 83.71
RL Step 3771 | Loss: 0.0000 | Avg Reward: -0.10 | Time: 8.3s | Prob: A train travels at 56 km/h for... | Ans: 60.67
RL Step 3772 | Loss: 0.0000 | Avg Reward: -0.10 | Time: 8.2s | Prob: A train travels at 67 km/h for... | Ans: 64.0
RL Step 3773 | Loss: -0.0000 | Avg Reward: -0.10 | Time: 8.1s | Prob: A train travels at 68 km/h for... | Ans: 81.2
RL Step 3774 | Loss: 0.0001 | Avg Reward: -0.10 | Time: 8.1s | Prob: A train travels at 42 km/h for... | Ans: 55.5
RL Step 3775 | Loss: 0.0001 | Avg Reward: -0.10 | Time: 8.1s | Prob: A train travels at 45 km/h for... | Ans: 67.2
RL Step 3776 | Loss: 0.0000 | Avg Reward: -0.10 | Time: 8.1s | Prob: A train travels at 74 km/h for... | Ans: 70.5
RL Step 3777 | Loss: -0.0000 | Avg Reward: -0.10 | Time: 8.1s | Prob: A train travels at 71 km/h for... | Ans: 80.0
RL Step 3778 | Loss: 0.0001 | Avg Reward: -0.10 | Time: 8.2s | Prob: A train travels at 67 km/h for... | Ans: 71.5
RL Step 3779 | Loss: -0.0078 | Avg Reward: 0.17 | Time: 8.2s | Prob: A train travels at 63 km/h for... | Ans: 75.0
RL Step 3780 | Loss: 0.0001 | Avg Reward: -0.10 | Time: 8.3s | Prob: A train travels at 56 km/h for... | Ans: 65.0
RL Step 3781 | Loss: 0.0000 | Avg Reward: 0.17 | Time: 8.1s | Prob: A train travels at 45 km/h for... | Ans: 70.0
RL Step 3782 | Loss: 0.0002 | Avg Reward: -0.10 | Time: 8.2s | Prob: A train travels at 49 km/h for... | Ans: 63.0
RL Step 3783 | Loss: 0.0001 | Avg Reward: -0.10 | Time: 8.1s | Prob: A train travels at 54 km/h for... | Ans: 68.67
RL Step 3784 | Loss: 0.0020 | Avg Reward: 0.17 | Time: 8.2s | Prob: A train travels at 78 km/h for... | Ans: 82.5
RL Step 3785 | Loss: 0.0001 | Avg Reward: -0.10 | Time: 8.2s | Prob: A train travels at 75 km/h for... | Ans: 70.0
RL Step 3786 | Loss: 0.0001 | Avg Reward: -0.10 | Time: 8.1s | Prob: A train travels at 71 km/h for... | Ans: 71.5
RL Step 3787 | Loss: 0.0001 | Avg Reward: -0.10 | Time: 8.2s | Prob: A train travels at 71 km/h for... | Ans: 71.86
RL Step 3788 | Loss: 0.0001 | Avg Reward: -0.10 | Time: 8.2s | Prob: A train travels at 54 km/h for... | Ans: 65.2
RL Step 3789 | Loss: 0.0001 | Avg Reward: -0.10 | Time: 8.3s | Prob: A train travels at 50 km/h for... | Ans: 59.33
RL Step 3790 | Loss: 0.0001 | Avg Reward: -0.10 | Time: 8.3s | Prob: A train travels at 72 km/h for... | Ans: 77.14
RL Step 3791 | Loss: 0.0001 | Avg Reward: -0.10 | Time: 8.3s | Prob: A train travels at 58 km/h for... | Ans: 61.57
RL Step 3792 | Loss: 0.0000 | Avg Reward: -0.10 | Time: 8.3s | Prob: A train travels at 60 km/h for... | Ans: 62.86
RL Step 3793 | Loss: 0.0001 | Avg Reward: -0.10 | Time: 8.1s | Prob: A train travels at 72 km/h for... | Ans: 67.8
RL Step 3794 | Loss: 0.0002 | Avg Reward: -0.10 | Time: 8.3s | Prob: A train travels at 62 km/h for... | Ans: 72.0
RL Step 3795 | Loss: 0.0002 | Avg Reward: -0.10 | Time: 8.2s | Prob: A train travels at 61 km/h for... | Ans: 66.43
RL Step 3796 | Loss: 0.0001 | Avg Reward: -0.10 | Time: 8.2s | Prob: A train travels at 69 km/h for... | Ans: 85.88
RL Step 3797 | Loss: 0.0002 | Avg Reward: -0.10 | Time: 8.3s | Prob: A train travels at 57 km/h for... | Ans: 58.33
RL Step 3798 | Loss: -0.0137 | Avg Reward: 0.17 | Time: 8.2s | Prob: A train travels at 53 km/h for... | Ans: 67.5
RL Step 3799 | Loss: 0.0002 | Avg Reward: -0.10 | Time: 8.2s | Prob: A train travels at 54 km/h for... | Ans: 73.33
RL Step 3800 | Loss: 0.0000 | Avg Reward: -0.10 | Time: 8.3s | Prob: A train travels at 40 km/h for... | Ans: 65.0
Saving RL Checkpoint at step 3800...
RL Step 3801 | Loss: 0.0000 | Avg Reward: -0.10 | Time: 8.3s | Prob: A train travels at 52 km/h for... | Ans: 60.89
RL Step 3802 | Loss: -0.0078 | Avg Reward: 0.17 | Time: 8.2s | Prob: A train travels at 63 km/h for... | Ans: 64.67
RL Step 3803 | Loss: 0.0001 | Avg Reward: -0.10 | Time: 8.3s | Prob: A train travels at 42 km/h for... | Ans: 70.75
RL Step 3804 | Loss: 0.0001 | Avg Reward: -0.10 | Time: 8.2s | Prob: A train travels at 44 km/h for... | Ans: 68.38
RL Step 3805 | Loss: 0.0000 | Avg Reward: -0.10 | Time: 8.2s | Prob: A train travels at 76 km/h for... | Ans: 75.33
RL Step 3806 | Loss: 0.0001 | Avg Reward: -0.10 | Time: 8.2s | Prob: A train travels at 71 km/h for... | Ans: 68.33
RL Step 3807 | Loss: 0.0001 | Avg Reward: -0.10 | Time: 8.3s | Prob: A train travels at 73 km/h for... | Ans: 79.29
RL Step 3808 | Loss: 0.0001 | Avg Reward: -0.10 | Time: 8.2s | Prob: A train travels at 43 km/h for... | Ans: 63.62
RL Step 3809 | Loss: 0.0001 | Avg Reward: -0.10 | Time: 8.3s | Prob: A train travels at 68 km/h for... | Ans: 72.0
RL Step 3810 | Loss: 0.0000 | Avg Reward: -0.10 | Time: 8.3s | Prob: A train travels at 53 km/h for... | Ans: 79.88
RL Step 3811 | Loss: 0.0002 | Avg Reward: -0.10 | Time: 8.3s | Prob: A train travels at 41 km/h for... | Ans: 52.56
RL Step 3812 | Loss: 0.0000 | Avg Reward: -0.10 | Time: 8.1s | Prob: A train travels at 46 km/h for... | Ans: 54.0
RL Step 3813 | Loss: 0.0000 | Avg Reward: -0.10 | Time: 8.3s | Prob: A train travels at 52 km/h for... | Ans: 62.22
RL Step 3814 | Loss: 0.0001 | Avg Reward: -0.10 | Time: 8.1s | Prob: A train travels at 56 km/h for... | Ans: 78.0
RL Step 3815 | Loss: 0.0001 | Avg Reward: -0.10 | Time: 8.3s | Prob: A train travels at 63 km/h for... | Ans: 69.25
RL Step 3816 | Loss: 0.0001 | Avg Reward: -0.10 | Time: 8.3s | Prob: A train travels at 67 km/h for... | Ans: 75.57
RL Step 3817 | Loss: 0.0000 | Avg Reward: -0.10 | Time: 8.2s | Prob: A train travels at 79 km/h for... | Ans: 86.5
RL Step 3818 | Loss: 0.0001 | Avg Reward: -0.10 | Time: 8.3s | Prob: A train travels at 51 km/h for... | Ans: 62.11
RL Step 3819 | Loss: 0.0001 | Avg Reward: -0.10 | Time: 8.1s | Prob: A train travels at 66 km/h for... | Ans: 68.4
RL Step 3820 | Loss: 0.0078 | Avg Reward: 0.17 | Time: 8.2s | Prob: A train travels at 78 km/h for... | Ans: 78.67
RL Step 3821 | Loss: 0.0000 | Avg Reward: -0.10 | Time: 8.2s | Prob: A train travels at 64 km/h for... | Ans: 74.71
RL Step 3822 | Loss: 0.0001 | Avg Reward: -0.10 | Time: 8.3s | Prob: A train travels at 56 km/h for... | Ans: 69.12
RL Step 3823 | Loss: -0.0000 | Avg Reward: -0.10 | Time: 8.1s | Prob: A train travels at 69 km/h for... | Ans: 81.0
RL Step 3824 | Loss: 0.0000 | Avg Reward: -0.10 | Time: 8.3s | Prob: A train travels at 56 km/h for... | Ans: 75.44
RL Step 3825 | Loss: 0.0001 | Avg Reward: -0.10 | Time: 8.3s | Prob: A train travels at 58 km/h for... | Ans: 71.33
RL Step 3826 | Loss: 0.0002 | Avg Reward: -0.10 | Time: 8.2s | Prob: A train travels at 73 km/h for... | Ans: 79.8
RL Step 3827 | Loss: 0.0000 | Avg Reward: -0.10 | Time: 8.2s | Prob: A train travels at 45 km/h for... | Ans: 58.29
RL Step 3828 | Loss: -0.0020 | Avg Reward: 0.17 | Time: 8.2s | Prob: A train travels at 56 km/h for... | Ans: 71.5
RL Step 3829 | Loss: 0.0001 | Avg Reward: -0.10 | Time: 8.2s | Prob: A train travels at 45 km/h for... | Ans: 52.2
RL Step 3830 | Loss: -0.0020 | Avg Reward: 0.17 | Time: 8.1s | Prob: A train travels at 69 km/h for... | Ans: 79.5
RL Step 3831 | Loss: 0.0001 | Avg Reward: -0.10 | Time: 8.3s | Prob: A train travels at 49 km/h for... | Ans: 55.86
RL Step 3832 | Loss: 0.0001 | Avg Reward: -0.10 | Time: 8.3s | Prob: A train travels at 60 km/h for... | Ans: 73.33
RL Step 3833 | Loss: 0.0000 | Avg Reward: -0.10 | Time: 8.1s | Prob: A train travels at 40 km/h for... | Ans: 53.8
RL Step 3834 | Loss: -0.0078 | Avg Reward: 0.17 | Time: 8.2s | Prob: A train travels at 61 km/h for... | Ans: 62.33
RL Step 3835 | Loss: 0.0001 | Avg Reward: -0.10 | Time: 8.2s | Prob: A train travels at 44 km/h for... | Ans: 58.0
RL Step 3836 | Loss: 0.0002 | Avg Reward: -0.10 | Time: 8.3s | Prob: A train travels at 47 km/h for... | Ans: 70.56
RL Step 3837 | Loss: 0.0001 | Avg Reward: -0.10 | Time: 8.1s | Prob: A train travels at 42 km/h for... | Ans: 54.0
RL Step 3838 | Loss: 0.0000 | Avg Reward: -0.10 | Time: 8.1s | Prob: A train travels at 62 km/h for... | Ans: 76.8
RL Step 3839 | Loss: 0.0001 | Avg Reward: -0.10 | Time: 8.1s | Prob: A train travels at 42 km/h for... | Ans: 62.0
RL Step 3840 | Loss: 0.0000 | Avg Reward: -0.10 | Time: 8.1s | Prob: A train travels at 56 km/h for... | Ans: 58.5
RL Step 3841 | Loss: 0.0001 | Avg Reward: -0.10 | Time: 8.3s | Prob: A train travels at 53 km/h for... | Ans: 78.56
RL Step 3842 | Loss: 0.0001 | Avg Reward: -0.10 | Time: 8.0s | Prob: A train travels at 66 km/h for... | Ans: 74.0
RL Step 3843 | Loss: 0.0001 | Avg Reward: -0.10 | Time: 8.3s | Prob: A train travels at 40 km/h for... | Ans: 56.43
RL Step 3844 | Loss: 0.0001 | Avg Reward: -0.10 | Time: 8.3s | Prob: A train travels at 43 km/h for... | Ans: 62.29
RL Step 3845 | Loss: 0.0001 | Avg Reward: -0.10 | Time: 8.3s | Prob: A train travels at 75 km/h for... | Ans: 73.29
RL Step 3846 | Loss: 0.0000 | Avg Reward: -0.10 | Time: 8.2s | Prob: A train travels at 59 km/h for... | Ans: 67.14
RL Step 3847 | Loss: 0.0001 | Avg Reward: -0.10 | Time: 8.1s | Prob: A train travels at 56 km/h for... | Ans: 76.0
RL Step 3848 | Loss: 0.0000 | Avg Reward: -0.10 | Time: 8.3s | Prob: A train travels at 65 km/h for... | Ans: 77.86
RL Step 3849 | Loss: 0.0000 | Avg Reward: -0.10 | Time: 8.2s | Prob: A train travels at 54 km/h for... | Ans: 64.0
RL Step 3850 | Loss: 0.0001 | Avg Reward: -0.10 | Time: 8.3s | Prob: A train travels at 62 km/h for... | Ans: 72.71
RL Step 3851 | Loss: 0.0002 | Avg Reward: -0.10 | Time: 8.2s | Prob: A train travels at 62 km/h for... | Ans: 79.5
RL Step 3852 | Loss: 0.0001 | Avg Reward: -0.10 | Time: 8.1s | Prob: A train travels at 57 km/h for... | Ans: 75.0
RL Step 3853 | Loss: 0.0001 | Avg Reward: -0.10 | Time: 8.1s | Prob: A train travels at 58 km/h for... | Ans: 65.71
RL Step 3854 | Loss: 0.0001 | Avg Reward: -0.10 | Time: 8.2s | Prob: A train travels at 48 km/h for... | Ans: 59.5
RL Step 3855 | Loss: 0.0000 | Avg Reward: -0.10 | Time: 8.4s | Prob: A train travels at 60 km/h for... | Ans: 74.25
RL Step 3856 | Loss: 0.0000 | Avg Reward: -0.10 | Time: 8.3s | Prob: A train travels at 59 km/h for... | Ans: 63.29
RL Step 3857 | Loss: 0.0000 | Avg Reward: -0.10 | Time: 8.3s | Prob: A train travels at 58 km/h for... | Ans: 73.0
RL Step 3858 | Loss: 0.0002 | Avg Reward: -0.10 | Time: 8.2s | Prob: A train travels at 73 km/h for... | Ans: 72.43
RL Step 3859 | Loss: 0.0003 | Avg Reward: -0.10 | Time: 8.3s | Prob: A train travels at 73 km/h for... | Ans: 77.0
RL Step 3860 | Loss: 0.0001 | Avg Reward: -0.10 | Time: 8.3s | Prob: A train travels at 69 km/h for... | Ans: 72.0
RL Step 3861 | Loss: 0.0000 | Avg Reward: -0.10 | Time: 8.2s | Prob: A train travels at 44 km/h for... | Ans: 51.29
RL Step 3862 | Loss: 0.0000 | Avg Reward: -0.10 | Time: 8.3s | Prob: A train travels at 59 km/h for... | Ans: 60.14
RL Step 3863 | Loss: 0.0004 | Avg Reward: -0.10 | Time: 8.1s | Prob: A train travels at 71 km/h for... | Ans: 77.0
RL Step 3864 | Loss: 0.0000 | Avg Reward: -0.10 | Time: 8.2s | Prob: A train travels at 57 km/h for... | Ans: 66.38
RL Step 3865 | Loss: 0.0001 | Avg Reward: -0.10 | Time: 8.1s | Prob: A train travels at 75 km/h for... | Ans: 84.0
RL Step 3866 | Loss: 0.0000 | Avg Reward: -0.10 | Time: 8.3s | Prob: A train travels at 76 km/h for... | Ans: 82.22
RL Step 3867 | Loss: 0.0002 | Avg Reward: -0.10 | Time: 8.2s | Prob: A train travels at 55 km/h for... | Ans: 76.5
RL Step 3868 | Loss: 0.0000 | Avg Reward: -0.10 | Time: 8.3s | Prob: A train travels at 44 km/h for... | Ans: 59.56
RL Step 3869 | Loss: 0.0000 | Avg Reward: -0.10 | Time: 8.3s | Prob: A train travels at 80 km/h for... | Ans: 89.38
RL Step 3870 | Loss: 0.0001 | Avg Reward: -0.10 | Time: 8.3s | Prob: A train travels at 56 km/h for... | Ans: 85.33
RL Step 3871 | Loss: 0.0000 | Avg Reward: -0.10 | Time: 8.2s | Prob: A train travels at 69 km/h for... | Ans: 67.0
RL Step 3872 | Loss: 0.0001 | Avg Reward: -0.10 | Time: 8.2s | Prob: A train travels at 43 km/h for... | Ans: 51.5
RL Step 3873 | Loss: 0.0004 | Avg Reward: -0.10 | Time: 8.3s | Prob: A train travels at 45 km/h for... | Ans: 79.29
RL Step 3874 | Loss: 0.0001 | Avg Reward: -0.10 | Time: 8.3s | Prob: A train travels at 60 km/h for... | Ans: 64.0
RL Step 3875 | Loss: -0.0001 | Avg Reward: -0.10 | Time: 8.1s | Prob: A train travels at 71 km/h for... | Ans: 70.0
RL Step 3876 | Loss: 0.0000 | Avg Reward: -0.10 | Time: 8.2s | Prob: A train travels at 51 km/h for... | Ans: 66.33
RL Step 3877 | Loss: 0.0000 | Avg Reward: 0.17 | Time: 8.1s | Prob: A train travels at 65 km/h for... | Ans: 67.8
RL Step 3878 | Loss: -0.0059 | Avg Reward: 0.17 | Time: 8.1s | Prob: A train travels at 52 km/h for... | Ans: 67.0
RL Step 3879 | Loss: 0.0001 | Avg Reward: -0.10 | Time: 8.2s | Prob: A train travels at 41 km/h for... | Ans: 63.5
RL Step 3880 | Loss: 0.0001 | Avg Reward: -0.10 | Time: 8.3s | Prob: A train travels at 65 km/h for... | Ans: 71.22
RL Step 3881 | Loss: 0.0001 | Avg Reward: -0.10 | Time: 8.1s | Prob: A train travels at 77 km/h for... | Ans: 77.0
RL Step 3882 | Loss: 0.0001 | Avg Reward: -0.10 | Time: 8.3s | Prob: A train travels at 79 km/h for... | Ans: 80.33
RL Step 3883 | Loss: 0.0000 | Avg Reward: -0.10 | Time: 8.3s | Prob: A train travels at 68 km/h for... | Ans: 90.86
RL Step 3884 | Loss: 0.0001 | Avg Reward: -0.10 | Time: 8.3s | Prob: A train travels at 79 km/h for... | Ans: 78.11
RL Step 3885 | Loss: 0.0001 | Avg Reward: -0.10 | Time: 8.3s | Prob: A train travels at 42 km/h for... | Ans: 63.78
RL Step 3886 | Loss: 0.0002 | Avg Reward: -0.10 | Time: 8.1s | Prob: A train travels at 45 km/h for... | Ans: 70.5
RL Step 3887 | Loss: 0.0002 | Avg Reward: -0.10 | Time: 8.2s | Prob: A train travels at 66 km/h for... | Ans: 82.0
RL Step 3888 | Loss: 0.0002 | Avg Reward: -0.10 | Time: 8.1s | Prob: A train travels at 70 km/h for... | Ans: 82.0
RL Step 3889 | Loss: 0.0001 | Avg Reward: -0.10 | Time: 8.3s | Prob: A train travels at 65 km/h for... | Ans: 70.0
RL Step 3890 | Loss: 0.0000 | Avg Reward: -0.10 | Time: 8.1s | Prob: A train travels at 63 km/h for... | Ans: 61.8
RL Step 3891 | Loss: 0.0001 | Avg Reward: -0.10 | Time: 8.2s | Prob: A train travels at 63 km/h for... | Ans: 69.0
RL Step 3892 | Loss: 0.0000 | Avg Reward: -0.10 | Time: 8.3s | Prob: A train travels at 77 km/h for... | Ans: 81.71
RL Step 3893 | Loss: 0.0000 | Avg Reward: -0.10 | Time: 8.3s | Prob: A train travels at 45 km/h for... | Ans: 52.5
RL Step 3894 | Loss: 0.0000 | Avg Reward: -0.10 | Time: 8.1s | Prob: A train travels at 61 km/h for... | Ans: 67.5
RL Step 3895 | Loss: -0.0039 | Avg Reward: 0.17 | Time: 8.2s | Prob: A train travels at 74 km/h for... | Ans: 79.6
RL Step 3896 | Loss: 0.0001 | Avg Reward: -0.10 | Time: 8.3s | Prob: A train travels at 50 km/h for... | Ans: 64.67
RL Step 3897 | Loss: 0.0039 | Avg Reward: 0.17 | Time: 8.2s | Prob: A train travels at 80 km/h for... | Ans: 81.88
RL Step 3898 | Loss: -0.0000 | Avg Reward: -0.10 | Time: 8.1s | Prob: A train travels at 63 km/h for... | Ans: 85.2
RL Step 3899 | Loss: -0.0098 | Avg Reward: 0.17 | Time: 8.1s | Prob: A train travels at 66 km/h for... | Ans: 82.0
RL Step 3900 | Loss: 0.0000 | Avg Reward: -0.10 | Time: 8.3s | Prob: A train travels at 49 km/h for... | Ans: 63.38
RL Step 3901 | Loss: 0.0002 | Avg Reward: -0.10 | Time: 8.2s | Prob: A train travels at 53 km/h for... | Ans: 71.5
RL Step 3902 | Loss: 0.0000 | Avg Reward: -0.10 | Time: 8.2s | Prob: A train travels at 68 km/h for... | Ans: 77.0
RL Step 3903 | Loss: 0.0001 | Avg Reward: -0.10 | Time: 8.3s | Prob: A train travels at 67 km/h for... | Ans: 71.44
RL Step 3904 | Loss: 0.0001 | Avg Reward: -0.10 | Time: 8.1s | Prob: A train travels at 43 km/h for... | Ans: 60.5
RL Step 3905 | Loss: 0.0000 | Avg Reward: -0.10 | Time: 8.2s | Prob: A train travels at 50 km/h for... | Ans: 58.0
RL Step 3906 | Loss: 0.0001 | Avg Reward: -0.10 | Time: 8.3s | Prob: A train travels at 79 km/h for... | Ans: 83.29
RL Step 3907 | Loss: 0.0001 | Avg Reward: -0.10 | Time: 8.2s | Prob: A train travels at 79 km/h for... | Ans: 88.38
RL Step 3908 | Loss: 0.0001 | Avg Reward: -0.10 | Time: 8.3s | Prob: A train travels at 52 km/h for... | Ans: 68.11
RL Step 3909 | Loss: 0.0000 | Avg Reward: -0.10 | Time: 8.2s | Prob: A train travels at 58 km/h for... | Ans: 82.0
RL Step 3910 | Loss: 0.0000 | Avg Reward: -0.10 | Time: 8.3s | Prob: A train travels at 67 km/h for... | Ans: 66.33
RL Step 3911 | Loss: 0.0001 | Avg Reward: -0.10 | Time: 8.2s | Prob: A train travels at 54 km/h for... | Ans: 58.29
RL Step 3912 | Loss: 0.0003 | Avg Reward: -0.10 | Time: 8.3s | Prob: A train travels at 70 km/h for... | Ans: 70.0
RL Step 3913 | Loss: 0.0001 | Avg Reward: -0.10 | Time: 8.3s | Prob: A train travels at 41 km/h for... | Ans: 81.0
RL Step 3914 | Loss: 0.0000 | Avg Reward: -0.10 | Time: 8.3s | Prob: A train travels at 42 km/h for... | Ans: 57.14
RL Step 3915 | Loss: 0.0001 | Avg Reward: -0.10 | Time: 8.3s | Prob: A train travels at 76 km/h for... | Ans: 74.33
RL Step 3916 | Loss: 0.0001 | Avg Reward: -0.10 | Time: 8.2s | Prob: A train travels at 59 km/h for... | Ans: 68.5
RL Step 3917 | Loss: 0.0001 | Avg Reward: -0.10 | Time: 8.3s | Prob: A train travels at 64 km/h for... | Ans: 65.12
RL Step 3918 | Loss: 0.0000 | Avg Reward: -0.10 | Time: 8.3s | Prob: A train travels at 55 km/h for... | Ans: 69.86
RL Step 3919 | Loss: 0.0000 | Avg Reward: -0.10 | Time: 8.2s | Prob: A train travels at 69 km/h for... | Ans: 66.0
RL Step 3920 | Loss: 0.0002 | Avg Reward: -0.10 | Time: 8.3s | Prob: A train travels at 66 km/h for... | Ans: 71.71
RL Step 3921 | Loss: 0.0001 | Avg Reward: -0.10 | Time: 8.2s | Prob: A train travels at 63 km/h for... | Ans: 74.5
RL Step 3922 | Loss: 0.0001 | Avg Reward: -0.10 | Time: 8.1s | Prob: A train travels at 51 km/h for... | Ans: 58.0
RL Step 3923 | Loss: 0.0001 | Avg Reward: -0.10 | Time: 8.1s | Prob: A train travels at 42 km/h for... | Ans: 70.5
RL Step 3924 | Loss: 0.0004 | Avg Reward: -0.10 | Time: 8.1s | Prob: A train travels at 43 km/h for... | Ans: 60.5
RL Step 3925 | Loss: 0.0000 | Avg Reward: -0.10 | Time: 8.3s | Prob: A train travels at 61 km/h for... | Ans: 66.71
RL Step 3926 | Loss: 0.0002 | Avg Reward: -0.10 | Time: 8.2s | Prob: A train travels at 53 km/h for... | Ans: 73.0
RL Step 3927 | Loss: 0.0001 | Avg Reward: -0.10 | Time: 8.4s | Prob: A train travels at 50 km/h for... | Ans: 64.22
RL Step 3928 | Loss: 0.0001 | Avg Reward: -0.10 | Time: 8.3s | Prob: A train travels at 48 km/h for... | Ans: 56.89
RL Step 3929 | Loss: 0.0000 | Avg Reward: -0.10 | Time: 8.3s | Prob: A train travels at 41 km/h for... | Ans: 72.88
RL Step 3930 | Loss: 0.0002 | Avg Reward: -0.10 | Time: 8.2s | Prob: A train travels at 63 km/h for... | Ans: 71.75
RL Step 3931 | Loss: 0.0001 | Avg Reward: -0.10 | Time: 8.1s | Prob: A train travels at 71 km/h for... | Ans: 77.6
RL Step 3932 | Loss: 0.0002 | Avg Reward: -0.10 | Time: 8.3s | Prob: A train travels at 69 km/h for... | Ans: 76.14
RL Step 3933 | Loss: 0.0001 | Avg Reward: -0.10 | Time: 8.2s | Prob: A train travels at 74 km/h for... | Ans: 81.5
RL Step 3934 | Loss: -0.0000 | Avg Reward: -0.10 | Time: 8.1s | Prob: A train travels at 72 km/h for... | Ans: 79.5
RL Step 3935 | Loss: 0.0001 | Avg Reward: -0.10 | Time: 8.1s | Prob: A train travels at 65 km/h for... | Ans: 63.0
RL Step 3936 | Loss: 0.0002 | Avg Reward: -0.10 | Time: 8.1s | Prob: A train travels at 69 km/h for... | Ans: 71.4
RL Step 3937 | Loss: 0.0000 | Avg Reward: -0.10 | Time: 8.3s | Prob: A train travels at 64 km/h for... | Ans: 74.29
RL Step 3938 | Loss: 0.0001 | Avg Reward: -0.10 | Time: 8.2s | Prob: A train travels at 75 km/h for... | Ans: 80.0
RL Step 3939 | Loss: -0.0000 | Avg Reward: -0.10 | Time: 8.3s | Prob: A train travels at 72 km/h for... | Ans: 70.88
RL Step 3940 | Loss: 0.0156 | Avg Reward: 0.17 | Time: 8.2s | Prob: A train travels at 54 km/h for... | Ans: 63.0
RL Step 3941 | Loss: 0.0000 | Avg Reward: -0.10 | Time: 8.3s | Prob: A train travels at 61 km/h for... | Ans: 64.75
RL Step 3942 | Loss: 0.0000 | Avg Reward: -0.10 | Time: 8.2s | Prob: A train travels at 62 km/h for... | Ans: 66.57
RL Step 3943 | Loss: 0.0001 | Avg Reward: -0.10 | Time: 8.3s | Prob: A train travels at 59 km/h for... | Ans: 75.0
RL Step 3944 | Loss: 0.0000 | Avg Reward: -0.10 | Time: 8.1s | Prob: A train travels at 78 km/h for... | Ans: 87.5
RL Step 3945 | Loss: 0.0001 | Avg Reward: -0.10 | Time: 8.2s | Prob: A train travels at 51 km/h for... | Ans: 56.0
RL Step 3946 | Loss: -0.0000 | Avg Reward: -0.10 | Time: 8.4s | Prob: A train travels at 50 km/h for... | Ans: 60.86
RL Step 3947 | Loss: 0.0001 | Avg Reward: -0.10 | Time: 8.3s | Prob: A train travels at 62 km/h for... | Ans: 66.67
RL Step 3948 | Loss: 0.0000 | Avg Reward: -0.10 | Time: 8.3s | Prob: A train travels at 45 km/h for... | Ans: 60.62
RL Step 3949 | Loss: 0.0002 | Avg Reward: -0.10 | Time: 8.1s | Prob: A train travels at 72 km/h for... | Ans: 83.0
RL Step 3950 | Loss: 0.0001 | Avg Reward: -0.10 | Time: 8.3s | Prob: A train travels at 47 km/h for... | Ans: 60.33
RL Step 3951 | Loss: 0.0001 | Avg Reward: -0.10 | Time: 8.3s | Prob: A train travels at 75 km/h for... | Ans: 85.0
RL Step 3952 | Loss: 0.0001 | Avg Reward: -0.10 | Time: 8.0s | Prob: A train travels at 74 km/h for... | Ans: 70.0
RL Step 3953 | Loss: 0.0002 | Avg Reward: -0.10 | Time: 8.3s | Prob: A train travels at 43 km/h for... | Ans: 64.11
RL Step 3954 | Loss: -0.0000 | Avg Reward: -0.10 | Time: 8.1s | Prob: A train travels at 61 km/h for... | Ans: 68.2
RL Step 3955 | Loss: 0.0002 | Avg Reward: -0.10 | Time: 8.3s | Prob: A train travels at 67 km/h for... | Ans: 75.0
RL Step 3956 | Loss: 0.0254 | Avg Reward: 0.17 | Time: 8.2s | Prob: A train travels at 60 km/h for... | Ans: 73.5
RL Step 3957 | Loss: 0.0001 | Avg Reward: -0.10 | Time: 8.1s | Prob: A train travels at 49 km/h for... | Ans: 55.0
RL Step 3958 | Loss: 0.0078 | Avg Reward: 0.17 | Time: 8.2s | Prob: A train travels at 58 km/h for... | Ans: 77.5
RL Step 3959 | Loss: 0.0001 | Avg Reward: -0.10 | Time: 8.3s | Prob: A train travels at 72 km/h for... | Ans: 74.78
RL Step 3960 | Loss: 0.0000 | Avg Reward: -0.10 | Time: 8.3s | Prob: A train travels at 44 km/h for... | Ans: 62.75
RL Step 3961 | Loss: 0.0001 | Avg Reward: -0.10 | Time: 8.3s | Prob: A train travels at 63 km/h for... | Ans: 74.67
RL Step 3962 | Loss: 0.0000 | Avg Reward: -0.10 | Time: 8.2s | Prob: A train travels at 58 km/h for... | Ans: 71.0
RL Step 3963 | Loss: 0.0002 | Avg Reward: -0.10 | Time: 8.2s | Prob: A train travels at 42 km/h for... | Ans: 48.0
RL Step 3964 | Loss: 0.0000 | Avg Reward: -0.10 | Time: 8.3s | Prob: A train travels at 76 km/h for... | Ans: 72.25
RL Step 3965 | Loss: 0.0001 | Avg Reward: -0.10 | Time: 8.3s | Prob: A train travels at 79 km/h for... | Ans: 67.57
RL Step 3966 | Loss: 0.0001 | Avg Reward: -0.10 | Time: 8.1s | Prob: A train travels at 57 km/h for... | Ans: 70.0
RL Step 3967 | Loss: 0.0001 | Avg Reward: -0.10 | Time: 8.1s | Prob: A train travels at 63 km/h for... | Ans: 73.0
RL Step 3968 | Loss: 0.0002 | Avg Reward: -0.10 | Time: 8.3s | Prob: A train travels at 68 km/h for... | Ans: 72.29
RL Step 3969 | Loss: 0.0001 | Avg Reward: -0.10 | Time: 8.4s | Prob: A train travels at 75 km/h for... | Ans: 79.89
RL Step 3970 | Loss: 0.0001 | Avg Reward: -0.10 | Time: 8.3s | Prob: A train travels at 71 km/h for... | Ans: 79.0
RL Step 3971 | Loss: 0.0001 | Avg Reward: -0.10 | Time: 8.3s | Prob: A train travels at 65 km/h for... | Ans: 79.29
RL Step 3972 | Loss: 0.0002 | Avg Reward: -0.10 | Time: 8.2s | Prob: A train travels at 44 km/h for... | Ans: 64.57
RL Step 3973 | Loss: 0.0001 | Avg Reward: -0.10 | Time: 8.3s | Prob: A train travels at 55 km/h for... | Ans: 66.43
RL Step 3974 | Loss: 0.0002 | Avg Reward: -0.10 | Time: 8.1s | Prob: A train travels at 64 km/h for... | Ans: 68.0
RL Step 3975 | Loss: 0.0000 | Avg Reward: -0.10 | Time: 8.3s | Prob: A train travels at 75 km/h for... | Ans: 85.67
RL Step 3976 | Loss: 0.0001 | Avg Reward: -0.10 | Time: 8.1s | Prob: A train travels at 57 km/h for... | Ans: 71.0
RL Step 3977 | Loss: 0.0000 | Avg Reward: -0.10 | Time: 8.3s | Prob: A train travels at 45 km/h for... | Ans: 53.57
RL Step 3978 | Loss: 0.0001 | Avg Reward: -0.10 | Time: 8.3s | Prob: A train travels at 62 km/h for... | Ans: 77.56
RL Step 3979 | Loss: 0.0001 | Avg Reward: -0.10 | Time: 8.2s | Prob: A train travels at 59 km/h for... | Ans: 63.67
RL Step 3980 | Loss: 0.0000 | Avg Reward: -0.10 | Time: 8.2s | Prob: A train travels at 40 km/h for... | Ans: 55.0
RL Step 3981 | Loss: 0.0000 | Avg Reward: -0.10 | Time: 8.1s | Prob: A train travels at 59 km/h for... | Ans: 78.8
RL Step 3982 | Loss: 0.0000 | Avg Reward: -0.10 | Time: 8.1s | Prob: A train travels at 42 km/h for... | Ans: 60.0
RL Step 3983 | Loss: 0.0000 | Avg Reward: 0.17 | Time: 8.2s | Prob: A train travels at 78 km/h for... | Ans: 77.2
RL Step 3984 | Loss: -0.0039 | Avg Reward: 0.17 | Time: 8.2s | Prob: A train travels at 70 km/h for... | Ans: 76.0
RL Step 3985 | Loss: 0.0039 | Avg Reward: 0.17 | Time: 8.1s | Prob: A train travels at 70 km/h for... | Ans: 71.5
RL Step 3986 | Loss: 0.0001 | Avg Reward: -0.10 | Time: 8.1s | Prob: A train travels at 61 km/h for... | Ans: 67.4
RL Step 3987 | Loss: -0.0000 | Avg Reward: -0.10 | Time: 8.2s | Prob: A train travels at 58 km/h for... | Ans: 71.14
RL Step 3988 | Loss: -0.0039 | Avg Reward: 0.17 | Time: 8.1s | Prob: A train travels at 52 km/h for... | Ans: 67.0
RL Step 3989 | Loss: 0.0001 | Avg Reward: -0.10 | Time: 8.1s | Prob: A train travels at 73 km/h for... | Ans: 69.4
RL Step 3990 | Loss: 0.0001 | Avg Reward: -0.10 | Time: 8.2s | Prob: A train travels at 50 km/h for... | Ans: 67.2
RL Step 3991 | Loss: 0.0001 | Avg Reward: -0.10 | Time: 8.1s | Prob: A train travels at 45 km/h for... | Ans: 59.0
RL Step 3992 | Loss: 0.0001 | Avg Reward: -0.10 | Time: 8.2s | Prob: A train travels at 79 km/h for... | Ans: 73.86
RL Step 3993 | Loss: -0.0020 | Avg Reward: 0.17 | Time: 8.2s | Prob: A train travels at 64 km/h for... | Ans: 81.0
RL Step 3994 | Loss: 0.0001 | Avg Reward: -0.10 | Time: 8.3s | Prob: A train travels at 50 km/h for... | Ans: 75.71
RL Step 3995 | Loss: 0.0000 | Avg Reward: -0.10 | Time: 8.3s | Prob: A train travels at 62 km/h for... | Ans: 63.71
RL Step 3996 | Loss: 0.0001 | Avg Reward: -0.10 | Time: 8.1s | Prob: A train travels at 47 km/h for... | Ans: 64.0
RL Step 3997 | Loss: 0.0002 | Avg Reward: -0.10 | Time: 8.2s | Prob: A train travels at 50 km/h for... | Ans: 75.2
RL Step 3998 | Loss: 0.0001 | Avg Reward: -0.10 | Time: 8.1s | Prob: A train travels at 56 km/h for... | Ans: 61.33
RL Step 3999 | Loss: 0.0001 | Avg Reward: -0.10 | Time: 8.3s | Prob: A train travels at 56 km/h for... | Ans: 78.29
RL Step 4000 | Loss: 0.0001 | Avg Reward: -0.10 | Time: 8.3s | Prob: A train travels at 60 km/h for... | Ans: 69.38
Saving RL Checkpoint at step 4000...
RL Step 4001 | Loss: 0.0001 | Avg Reward: -0.10 | Time: 8.4s | Prob: A train travels at 79 km/h for... | Ans: 72.12
RL Step 4002 | Loss: 0.0001 | Avg Reward: -0.10 | Time: 8.2s | Prob: A train travels at 69 km/h for... | Ans: 77.0
RL Step 4003 | Loss: 0.0000 | Avg Reward: -0.10 | Time: 8.3s | Prob: A train travels at 44 km/h for... | Ans: 52.33
RL Step 4004 | Loss: 0.0000 | Avg Reward: -0.10 | Time: 8.1s | Prob: A train travels at 66 km/h for... | Ans: 64.5
RL Step 4005 | Loss: 0.0001 | Avg Reward: -0.10 | Time: 8.2s | Prob: A train travels at 78 km/h for... | Ans: 80.0
RL Step 4006 | Loss: 0.0000 | Avg Reward: -0.10 | Time: 8.2s | Prob: A train travels at 46 km/h for... | Ans: 67.5
RL Step 4007 | Loss: 0.0002 | Avg Reward: -0.10 | Time: 8.3s | Prob: A train travels at 40 km/h for... | Ans: 61.38
RL Step 4008 | Loss: 0.0001 | Avg Reward: -0.10 | Time: 8.1s | Prob: A train travels at 49 km/h for... | Ans: 79.6
RL Step 4009 | Loss: 0.0001 | Avg Reward: -0.10 | Time: 8.3s | Prob: A train travels at 47 km/h for... | Ans: 63.33
RL Step 4010 | Loss: 0.0000 | Avg Reward: -0.10 | Time: 8.2s | Prob: A train travels at 62 km/h for... | Ans: 68.86
RL Step 4011 | Loss: 0.0001 | Avg Reward: -0.10 | Time: 8.3s | Prob: A train travels at 62 km/h for... | Ans: 67.57
RL Step 4012 | Loss: 0.0001 | Avg Reward: -0.10 | Time: 8.2s | Prob: A train travels at 68 km/h for... | Ans: 75.22
RL Step 4013 | Loss: 0.0000 | Avg Reward: -0.10 | Time: 8.1s | Prob: A train travels at 63 km/h for... | Ans: 63.0
RL Step 4014 | Loss: 0.0000 | Avg Reward: -0.10 | Time: 8.2s | Prob: A train travels at 70 km/h for... | Ans: 79.5
RL Step 4015 | Loss: 0.0000 | Avg Reward: -0.10 | Time: 8.1s | Prob: A train travels at 62 km/h for... | Ans: 65.5
RL Step 4016 | Loss: 0.0001 | Avg Reward: -0.10 | Time: 8.3s | Prob: A train travels at 79 km/h for... | Ans: 78.56
RL Step 4017 | Loss: 0.0312 | Avg Reward: 0.17 | Time: 8.1s | Prob: A train travels at 72 km/h for... | Ans: 85.5
RL Step 4018 | Loss: 0.0001 | Avg Reward: -0.10 | Time: 8.3s | Prob: A train travels at 67 km/h for... | Ans: 80.29
RL Step 4019 | Loss: 0.0000 | Avg Reward: -0.10 | Time: 8.2s | Prob: A train travels at 64 km/h for... | Ans: 66.5
RL Step 4020 | Loss: 0.0003 | Avg Reward: -0.10 | Time: 8.2s | Prob: A train travels at 44 km/h for... | Ans: 78.67
RL Step 4021 | Loss: 0.0078 | Avg Reward: 0.17 | Time: 8.3s | Prob: A train travels at 54 km/h for... | Ans: 79.33
RL Step 4022 | Loss: 0.0001 | Avg Reward: -0.10 | Time: 8.2s | Prob: A train travels at 42 km/h for... | Ans: 61.11
RL Step 4023 | Loss: 0.0001 | Avg Reward: -0.10 | Time: 8.1s | Prob: A train travels at 65 km/h for... | Ans: 69.5
RL Step 4024 | Loss: 0.0000 | Avg Reward: -0.10 | Time: 8.2s | Prob: A train travels at 48 km/h for... | Ans: 60.5
RL Step 4025 | Loss: 0.0002 | Avg Reward: -0.10 | Time: 8.3s | Prob: A train travels at 45 km/h for... | Ans: 67.0
RL Step 4026 | Loss: 0.0002 | Avg Reward: -0.10 | Time: 8.2s | Prob: A train travels at 59 km/h for... | Ans: 75.0
RL Step 4027 | Loss: -0.0078 | Avg Reward: 0.17 | Time: 8.2s | Prob: A train travels at 57 km/h for... | Ans: 58.6
RL Step 4028 | Loss: 0.0001 | Avg Reward: -0.10 | Time: 8.3s | Prob: A train travels at 54 km/h for... | Ans: 62.25
RL Step 4029 | Loss: -0.0000 | Avg Reward: -0.10 | Time: 8.3s | Prob: A train travels at 54 km/h for... | Ans: 59.78
RL Step 4030 | Loss: 0.0001 | Avg Reward: -0.10 | Time: 8.3s | Prob: A train travels at 76 km/h for... | Ans: 78.67
RL Step 4031 | Loss: 0.0001 | Avg Reward: -0.10 | Time: 8.3s | Prob: A train travels at 64 km/h for... | Ans: 76.0
RL Step 4032 | Loss: 0.0001 | Avg Reward: -0.10 | Time: 8.2s | Prob: A train travels at 70 km/h for... | Ans: 84.0
RL Step 4033 | Loss: 0.0001 | Avg Reward: -0.10 | Time: 8.3s | Prob: A train travels at 61 km/h for... | Ans: 62.67
RL Step 4034 | Loss: 0.0001 | Avg Reward: -0.10 | Time: 8.2s | Prob: A train travels at 72 km/h for... | Ans: 75.0
RL Step 4035 | Loss: 0.0002 | Avg Reward: -0.10 | Time: 8.3s | Prob: A train travels at 67 km/h for... | Ans: 68.33
RL Step 4036 | Loss: 0.0002 | Avg Reward: -0.10 | Time: 8.1s | Prob: A train travels at 73 km/h for... | Ans: 79.0
RL Step 4037 | Loss: 0.0001 | Avg Reward: -0.10 | Time: 8.3s | Prob: A train travels at 58 km/h for... | Ans: 63.0
RL Step 4038 | Loss: 0.0156 | Avg Reward: 0.45 | Time: 8.1s | Prob: A train travels at 47 km/h for... | Ans: 65.5
RL Step 4039 | Loss: 0.0001 | Avg Reward: -0.10 | Time: 8.3s | Prob: A train travels at 65 km/h for... | Ans: 70.14
RL Step 4040 | Loss: 0.0002 | Avg Reward: -0.10 | Time: 8.2s | Prob: A train travels at 78 km/h for... | Ans: 84.0
RL Step 4041 | Loss: 0.0001 | Avg Reward: -0.10 | Time: 8.3s | Prob: A train travels at 54 km/h for... | Ans: 59.71
RL Step 4042 | Loss: 0.0001 | Avg Reward: -0.10 | Time: 8.2s | Prob: A train travels at 70 km/h for... | Ans: 81.5
RL Step 4043 | Loss: 0.0001 | Avg Reward: -0.10 | Time: 8.4s | Prob: A train travels at 50 km/h for... | Ans: 66.57
RL Step 4044 | Loss: 0.0000 | Avg Reward: -0.10 | Time: 8.2s | Prob: A train travels at 55 km/h for... | Ans: 60.0
RL Step 4045 | Loss: 0.0001 | Avg Reward: -0.10 | Time: 8.1s | Prob: A train travels at 66 km/h for... | Ans: 82.5
RL Step 4046 | Loss: 0.0001 | Avg Reward: -0.10 | Time: 8.3s | Prob: A train travels at 51 km/h for... | Ans: 56.33
RL Step 4047 | Loss: 0.0001 | Avg Reward: -0.10 | Time: 8.3s | Prob: A train travels at 56 km/h for... | Ans: 76.57
RL Step 4048 | Loss: 0.0000 | Avg Reward: -0.10 | Time: 8.2s | Prob: A train travels at 54 km/h for... | Ans: 58.0
RL Step 4049 | Loss: 0.0000 | Avg Reward: -0.10 | Time: 8.3s | Prob: A train travels at 80 km/h for... | Ans: 84.88
RL Step 4050 | Loss: 0.0001 | Avg Reward: -0.10 | Time: 8.2s | Prob: A train travels at 78 km/h for... | Ans: 80.0
RL Step 4051 | Loss: 0.0000 | Avg Reward: -0.10 | Time: 8.1s | Prob: A train travels at 56 km/h for... | Ans: 78.0
RL Step 4052 | Loss: 0.0001 | Avg Reward: -0.10 | Time: 8.1s | Prob: A train travels at 54 km/h for... | Ans: 65.5
RL Step 4053 | Loss: 0.0001 | Avg Reward: -0.10 | Time: 8.2s | Prob: A train travels at 79 km/h for... | Ans: 85.6
RL Step 4054 | Loss: 0.0001 | Avg Reward: -0.10 | Time: 8.3s | Prob: A train travels at 76 km/h for... | Ans: 73.38
RL Step 4055 | Loss: 0.0234 | Avg Reward: 0.17 | Time: 8.2s | Prob: A train travels at 50 km/h for... | Ans: 78.0
RL Step 4056 | Loss: 0.0000 | Avg Reward: -0.10 | Time: 8.2s | Prob: A train travels at 70 km/h for... | Ans: 87.14
RL Step 4057 | Loss: 0.0001 | Avg Reward: -0.10 | Time: 8.3s | Prob: A train travels at 57 km/h for... | Ans: 60.33
RL Step 4058 | Loss: 0.0002 | Avg Reward: -0.10 | Time: 8.3s | Prob: A train travels at 76 km/h for... | Ans: 70.86
RL Step 4059 | Loss: 0.0002 | Avg Reward: -0.10 | Time: 8.1s | Prob: A train travels at 79 km/h for... | Ans: 68.2
RL Step 4060 | Loss: 0.0003 | Avg Reward: -0.10 | Time: 8.1s | Prob: A train travels at 47 km/h for... | Ans: 56.2
RL Step 4061 | Loss: 0.0039 | Avg Reward: 0.17 | Time: 8.1s | Prob: A train travels at 68 km/h for... | Ans: 68.0
RL Step 4062 | Loss: -0.0000 | Avg Reward: -0.10 | Time: 8.2s | Prob: A train travels at 56 km/h for... | Ans: 60.71
RL Step 4063 | Loss: 0.0001 | Avg Reward: -0.10 | Time: 8.2s | Prob: A train travels at 67 km/h for... | Ans: 63.5
RL Step 4064 | Loss: 0.0001 | Avg Reward: -0.10 | Time: 8.2s | Prob: A train travels at 55 km/h for... | Ans: 62.43
RL Step 4065 | Loss: 0.0001 | Avg Reward: -0.10 | Time: 8.3s | Prob: A train travels at 78 km/h for... | Ans: 77.67
RL Step 4066 | Loss: 0.0001 | Avg Reward: -0.10 | Time: 8.2s | Prob: A train travels at 49 km/h for... | Ans: 59.71
RL Step 4067 | Loss: 0.0000 | Avg Reward: -0.10 | Time: 8.3s | Prob: A train travels at 76 km/h for... | Ans: 76.0
RL Step 4068 | Loss: 0.0001 | Avg Reward: -0.10 | Time: 8.3s | Prob: A train travels at 59 km/h for... | Ans: 81.67
RL Step 4069 | Loss: 0.0000 | Avg Reward: -0.10 | Time: 8.2s | Prob: A train travels at 47 km/h for... | Ans: 63.67
RL Step 4070 | Loss: 0.0001 | Avg Reward: -0.10 | Time: 8.2s | Prob: A train travels at 77 km/h for... | Ans: 76.0
RL Step 4071 | Loss: 0.0002 | Avg Reward: -0.10 | Time: 8.1s | Prob: A train travels at 68 km/h for... | Ans: 76.0
RL Step 4072 | Loss: 0.0000 | Avg Reward: -0.10 | Time: 8.3s | Prob: A train travels at 48 km/h for... | Ans: 70.29
RL Step 4073 | Loss: 0.0002 | Avg Reward: -0.10 | Time: 8.1s | Prob: A train travels at 56 km/h for... | Ans: 74.0
RL Step 4074 | Loss: 0.0002 | Avg Reward: -0.10 | Time: 8.3s | Prob: A train travels at 80 km/h for... | Ans: 74.86
RL Step 4075 | Loss: 0.0000 | Avg Reward: -0.10 | Time: 8.2s | Prob: A train travels at 51 km/h for... | Ans: 72.0
RL Step 4076 | Loss: 0.0001 | Avg Reward: -0.10 | Time: 8.2s | Prob: A train travels at 40 km/h for... | Ans: 70.0
RL Step 4077 | Loss: 0.0001 | Avg Reward: -0.10 | Time: 8.1s | Prob: A train travels at 69 km/h for... | Ans: 76.5
RL Step 4078 | Loss: 0.0000 | Avg Reward: -0.10 | Time: 8.3s | Prob: A train travels at 61 km/h for... | Ans: 69.29
RL Step 4079 | Loss: 0.0001 | Avg Reward: -0.10 | Time: 8.3s | Prob: A train travels at 57 km/h for... | Ans: 69.0
RL Step 4080 | Loss: 0.0000 | Avg Reward: -0.10 | Time: 8.1s | Prob: A train travels at 75 km/h for... | Ans: 75.4
RL Step 4081 | Loss: 0.0001 | Avg Reward: -0.10 | Time: 8.1s | Prob: A train travels at 41 km/h for... | Ans: 68.5
RL Step 4082 | Loss: 0.0001 | Avg Reward: -0.10 | Time: 8.3s | Prob: A train travels at 44 km/h for... | Ans: 60.0
RL Step 4083 | Loss: -0.0000 | Avg Reward: -0.10 | Time: 8.1s | Prob: A train travels at 67 km/h for... | Ans: 70.0
RL Step 4084 | Loss: 0.0001 | Avg Reward: -0.10 | Time: 8.3s | Prob: A train travels at 76 km/h for... | Ans: 70.67
RL Step 4085 | Loss: 0.0001 | Avg Reward: -0.10 | Time: 8.3s | Prob: A train travels at 59 km/h for... | Ans: 65.11
RL Step 4086 | Loss: 0.0001 | Avg Reward: -0.10 | Time: 8.2s | Prob: A train travels at 79 km/h for... | Ans: 86.5
RL Step 4087 | Loss: 0.0000 | Avg Reward: -0.10 | Time: 8.1s | Prob: A train travels at 73 km/h for... | Ans: 68.0
RL Step 4088 | Loss: 0.0000 | Avg Reward: -0.10 | Time: 8.3s | Prob: A train travels at 50 km/h for... | Ans: 66.57
RL Step 4089 | Loss: 0.0001 | Avg Reward: -0.10 | Time: 8.3s | Prob: A train travels at 70 km/h for... | Ans: 73.0
RL Step 4090 | Loss: 0.0001 | Avg Reward: -0.10 | Time: 8.3s | Prob: A train travels at 50 km/h for... | Ans: 66.89
RL Step 4091 | Loss: 0.0002 | Avg Reward: -0.10 | Time: 8.3s | Prob: A train travels at 66 km/h for... | Ans: 72.67
RL Step 4092 | Loss: 0.0001 | Avg Reward: -0.10 | Time: 8.1s | Prob: A train travels at 78 km/h for... | Ans: 71.5
RL Step 4093 | Loss: 0.0001 | Avg Reward: -0.10 | Time: 8.3s | Prob: A train travels at 76 km/h for... | Ans: 77.14
RL Step 4094 | Loss: 0.0001 | Avg Reward: -0.10 | Time: 8.3s | Prob: A train travels at 74 km/h for... | Ans: 71.86
RL Step 4095 | Loss: -0.0000 | Avg Reward: -0.10 | Time: 8.3s | Prob: A train travels at 50 km/h for... | Ans: 59.86
RL Step 4096 | Loss: 0.0000 | Avg Reward: -0.10 | Time: 8.3s | Prob: A train travels at 50 km/h for... | Ans: 56.25
RL Step 4097 | Loss: 0.0001 | Avg Reward: -0.10 | Time: 8.3s | Prob: A train travels at 45 km/h for... | Ans: 59.67
RL Step 4098 | Loss: 0.0001 | Avg Reward: -0.10 | Time: 8.1s | Prob: A train travels at 64 km/h for... | Ans: 62.5
RL Step 4099 | Loss: -0.0078 | Avg Reward: 0.17 | Time: 8.2s | Prob: A train travels at 62 km/h for... | Ans: 65.33
RL Step 4100 | Loss: 0.0001 | Avg Reward: -0.10 | Time: 8.2s | Prob: A train travels at 54 km/h for... | Ans: 58.89
RL Step 4101 | Loss: 0.0000 | Avg Reward: -0.10 | Time: 8.2s | Prob: A train travels at 80 km/h for... | Ans: 84.5
RL Step 4102 | Loss: 0.0001 | Avg Reward: -0.10 | Time: 8.2s | Prob: A train travels at 48 km/h for... | Ans: 56.0
RL Step 4103 | Loss: 0.0001 | Avg Reward: -0.10 | Time: 8.3s | Prob: A train travels at 61 km/h for... | Ans: 62.78
RL Step 4104 | Loss: -0.0000 | Avg Reward: -0.10 | Time: 8.2s | Prob: A train travels at 49 km/h for... | Ans: 61.67
RL Step 4105 | Loss: 0.0000 | Avg Reward: -0.10 | Time: 8.2s | Prob: A train travels at 45 km/h for... | Ans: 51.0
RL Step 4106 | Loss: 0.0001 | Avg Reward: -0.10 | Time: 8.3s | Prob: A train travels at 63 km/h for... | Ans: 72.0
RL Step 4107 | Loss: 0.0000 | Avg Reward: -0.10 | Time: 8.3s | Prob: A train travels at 62 km/h for... | Ans: 75.5
RL Step 4108 | Loss: 0.0000 | Avg Reward: 0.17 | Time: 8.2s | Prob: A train travels at 57 km/h for... | Ans: 73.5
RL Step 4109 | Loss: 0.0000 | Avg Reward: -0.10 | Time: 8.4s | Prob: A train travels at 54 km/h for... | Ans: 70.12
RL Step 4110 | Loss: 0.0002 | Avg Reward: -0.10 | Time: 8.2s | Prob: A train travels at 56 km/h for... | Ans: 71.33
RL Step 4111 | Loss: 0.0003 | Avg Reward: -0.10 | Time: 8.2s | Prob: A train travels at 53 km/h for... | Ans: 77.57
RL Step 4112 | Loss: 0.0001 | Avg Reward: -0.10 | Time: 8.3s | Prob: A train travels at 42 km/h for... | Ans: 54.57
RL Step 4113 | Loss: 0.0001 | Avg Reward: -0.10 | Time: 8.3s | Prob: A train travels at 62 km/h for... | Ans: 68.43
RL Step 4114 | Loss: 0.0001 | Avg Reward: -0.10 | Time: 8.3s | Prob: A train travels at 66 km/h for... | Ans: 85.33
RL Step 4115 | Loss: 0.0001 | Avg Reward: -0.10 | Time: 8.3s | Prob: A train travels at 50 km/h for... | Ans: 72.67
RL Step 4116 | Loss: 0.0001 | Avg Reward: -0.10 | Time: 8.3s | Prob: A train travels at 68 km/h for... | Ans: 66.88
RL Step 4117 | Loss: 0.0001 | Avg Reward: -0.10 | Time: 8.1s | Prob: A train travels at 46 km/h for... | Ans: 66.0
RL Step 4118 | Loss: 0.0001 | Avg Reward: -0.10 | Time: 8.3s | Prob: A train travels at 53 km/h for... | Ans: 66.12
RL Step 4119 | Loss: 0.0000 | Avg Reward: -0.10 | Time: 8.3s | Prob: A train travels at 64 km/h for... | Ans: 73.43
RL Step 4120 | Loss: 0.0001 | Avg Reward: -0.10 | Time: 8.2s | Prob: A train travels at 76 km/h for... | Ans: 76.75
RL Step 4121 | Loss: 0.0001 | Avg Reward: -0.10 | Time: 8.3s | Prob: A train travels at 46 km/h for... | Ans: 70.0
RL Step 4122 | Loss: 0.0001 | Avg Reward: -0.10 | Time: 8.3s | Prob: A train travels at 66 km/h for... | Ans: 63.5
RL Step 4123 | Loss: 0.0001 | Avg Reward: -0.10 | Time: 8.2s | Prob: A train travels at 76 km/h for... | Ans: 84.25
RL Step 4124 | Loss: 0.0001 | Avg Reward: -0.10 | Time: 8.3s | Prob: A train travels at 58 km/h for... | Ans: 68.12
RL Step 4125 | Loss: 0.0001 | Avg Reward: -0.10 | Time: 8.1s | Prob: A train travels at 75 km/h for... | Ans: 75.0
RL Step 4126 | Loss: 0.0001 | Avg Reward: -0.10 | Time: 8.2s | Prob: A train travels at 80 km/h for... | Ans: 76.5
RL Step 4127 | Loss: 0.0000 | Avg Reward: -0.10 | Time: 8.4s | Prob: A train travels at 50 km/h for... | Ans: 64.38
RL Step 4128 | Loss: 0.0001 | Avg Reward: -0.10 | Time: 8.1s | Prob: A train travels at 75 km/h for... | Ans: 71.0
RL Step 4129 | Loss: 0.0000 | Avg Reward: -0.10 | Time: 8.2s | Prob: A train travels at 45 km/h for... | Ans: 70.5
RL Step 4130 | Loss: 0.0000 | Avg Reward: -0.10 | Time: 8.3s | Prob: A train travels at 47 km/h for... | Ans: 75.57
RL Step 4131 | Loss: 0.0001 | Avg Reward: -0.10 | Time: 8.3s | Prob: A train travels at 66 km/h for... | Ans: 72.29
RL Step 4132 | Loss: 0.0000 | Avg Reward: -0.10 | Time: 8.3s | Prob: A train travels at 66 km/h for... | Ans: 67.67
RL Step 4133 | Loss: 0.0001 | Avg Reward: -0.10 | Time: 8.0s | Prob: A train travels at 43 km/h for... | Ans: 65.8
RL Step 4134 | Loss: 0.0002 | Avg Reward: -0.10 | Time: 8.2s | Prob: A train travels at 54 km/h for... | Ans: 57.0
RL Step 4135 | Loss: 0.0001 | Avg Reward: -0.10 | Time: 8.1s | Prob: A train travels at 78 km/h for... | Ans: 82.5
RL Step 4136 | Loss: 0.0001 | Avg Reward: -0.10 | Time: 8.3s | Prob: A train travels at 64 km/h for... | Ans: 82.29
RL Step 4137 | Loss: 0.0001 | Avg Reward: -0.10 | Time: 8.3s | Prob: A train travels at 55 km/h for... | Ans: 69.44
RL Step 4138 | Loss: 0.0098 | Avg Reward: 0.17 | Time: 8.3s | Prob: A train travels at 58 km/h for... | Ans: 59.33
RL Step 4139 | Loss: 0.0001 | Avg Reward: -0.10 | Time: 8.1s | Prob: A train travels at 78 km/h for... | Ans: 76.8
RL Step 4140 | Loss: 0.0000 | Avg Reward: -0.10 | Time: 8.1s | Prob: A train travels at 76 km/h for... | Ans: 71.0
RL Step 4141 | Loss: 0.0000 | Avg Reward: -0.10 | Time: 8.3s | Prob: A train travels at 73 km/h for... | Ans: 77.29
RL Step 4142 | Loss: 0.0039 | Avg Reward: 0.17 | Time: 8.2s | Prob: A train travels at 60 km/h for... | Ans: 73.0
RL Step 4143 | Loss: 0.0000 | Avg Reward: -0.10 | Time: 8.1s | Prob: A train travels at 72 km/h for... | Ans: 68.5
RL Step 4144 | Loss: -0.0137 | Avg Reward: 0.17 | Time: 8.1s | Prob: A train travels at 74 km/h for... | Ans: 67.5
RL Step 4145 | Loss: 0.0001 | Avg Reward: -0.10 | Time: 8.1s | Prob: A train travels at 53 km/h for... | Ans: 60.0
RL Step 4146 | Loss: 0.0001 | Avg Reward: -0.10 | Time: 8.2s | Prob: A train travels at 44 km/h for... | Ans: 73.33
RL Step 4147 | Loss: 0.0001 | Avg Reward: -0.10 | Time: 8.2s | Prob: A train travels at 64 km/h for... | Ans: 84.4
RL Step 4148 | Loss: 0.0000 | Avg Reward: -0.10 | Time: 8.1s | Prob: A train travels at 65 km/h for... | Ans: 79.5
RL Step 4149 | Loss: 0.0001 | Avg Reward: -0.10 | Time: 8.3s | Prob: A train travels at 70 km/h for... | Ans: 71.11
RL Step 4150 | Loss: 0.0000 | Avg Reward: -0.10 | Time: 8.3s | Prob: A train travels at 63 km/h for... | Ans: 63.86
RL Step 4151 | Loss: 0.0000 | Avg Reward: -0.10 | Time: 8.1s | Prob: A train travels at 52 km/h for... | Ans: 66.5
RL Step 4152 | Loss: 0.0001 | Avg Reward: -0.10 | Time: 8.2s | Prob: A train travels at 50 km/h for... | Ans: 78.0
RL Step 4153 | Loss: 0.0001 | Avg Reward: -0.10 | Time: 8.2s | Prob: A train travels at 64 km/h for... | Ans: 84.0
RL Step 4154 | Loss: 0.0002 | Avg Reward: -0.10 | Time: 8.1s | Prob: A train travels at 70 km/h for... | Ans: 74.0
RL Step 4155 | Loss: 0.0001 | Avg Reward: -0.10 | Time: 8.3s | Prob: A train travels at 61 km/h for... | Ans: 71.86
RL Step 4156 | Loss: 0.0000 | Avg Reward: -0.10 | Time: 8.3s | Prob: A train travels at 44 km/h for... | Ans: 59.0
RL Step 4157 | Loss: 0.0000 | Avg Reward: -0.10 | Time: 8.3s | Prob: A train travels at 51 km/h for... | Ans: 67.0
RL Step 4158 | Loss: 0.0001 | Avg Reward: -0.10 | Time: 8.2s | Prob: A train travels at 53 km/h for... | Ans: 62.5
RL Step 4159 | Loss: 0.0001 | Avg Reward: -0.10 | Time: 8.2s | Prob: A train travels at 48 km/h for... | Ans: 73.5
RL Step 4160 | Loss: 0.0001 | Avg Reward: -0.10 | Time: 8.3s | Prob: A train travels at 60 km/h for... | Ans: 64.71
RL Step 4161 | Loss: 0.0156 | Avg Reward: 0.17 | Time: 8.1s | Prob: A train travels at 73 km/h for... | Ans: 72.0
RL Step 4162 | Loss: 0.0002 | Avg Reward: -0.10 | Time: 8.2s | Prob: A train travels at 73 km/h for... | Ans: 75.78
RL Step 4163 | Loss: -0.0000 | Avg Reward: -0.10 | Time: 8.1s | Prob: A train travels at 67 km/h for... | Ans: 64.0
RL Step 4164 | Loss: 0.0001 | Avg Reward: -0.10 | Time: 8.2s | Prob: A train travels at 78 km/h for... | Ans: 87.0
RL Step 4165 | Loss: 0.0001 | Avg Reward: -0.10 | Time: 8.3s | Prob: A train travels at 45 km/h for... | Ans: 71.43
RL Step 4166 | Loss: 0.0001 | Avg Reward: -0.10 | Time: 8.3s | Prob: A train travels at 42 km/h for... | Ans: 70.12
RL Step 4167 | Loss: 0.0002 | Avg Reward: -0.10 | Time: 8.3s | Prob: A train travels at 42 km/h for... | Ans: 74.86
RL Step 4168 | Loss: 0.0001 | Avg Reward: -0.10 | Time: 8.2s | Prob: A train travels at 45 km/h for... | Ans: 65.0
RL Step 4169 | Loss: 0.0001 | Avg Reward: -0.10 | Time: 8.3s | Prob: A train travels at 65 km/h for... | Ans: 77.5
RL Step 4170 | Loss: 0.0002 | Avg Reward: -0.10 | Time: 8.3s | Prob: A train travels at 53 km/h for... | Ans: 75.29
RL Step 4171 | Loss: 0.0000 | Avg Reward: -0.10 | Time: 8.3s | Prob: A train travels at 64 km/h for... | Ans: 77.71
RL Step 4172 | Loss: 0.0001 | Avg Reward: -0.10 | Time: 8.3s | Prob: A train travels at 48 km/h for... | Ans: 69.86
RL Step 4173 | Loss: -0.0000 | Avg Reward: -0.10 | Time: 8.1s | Prob: A train travels at 67 km/h for... | Ans: 68.5
RL Step 4174 | Loss: 0.0001 | Avg Reward: -0.10 | Time: 8.2s | Prob: A train travels at 55 km/h for... | Ans: 72.5
RL Step 4175 | Loss: 0.0001 | Avg Reward: -0.10 | Time: 8.2s | Prob: A train travels at 63 km/h for... | Ans: 70.86
RL Step 4176 | Loss: -0.0039 | Avg Reward: 0.17 | Time: 8.2s | Prob: A train travels at 52 km/h for... | Ans: 67.0
RL Step 4177 | Loss: 0.0001 | Avg Reward: -0.10 | Time: 8.3s | Prob: A train travels at 73 km/h for... | Ans: 74.14
RL Step 4178 | Loss: 0.0001 | Avg Reward: -0.10 | Time: 8.3s | Prob: A train travels at 54 km/h for... | Ans: 61.22
RL Step 4179 | Loss: 0.0001 | Avg Reward: -0.10 | Time: 8.3s | Prob: A train travels at 65 km/h for... | Ans: 65.57
RL Step 4180 | Loss: 0.0156 | Avg Reward: 0.45 | Time: 8.3s | Prob: A train travels at 42 km/h for... | Ans: 76.67
RL Step 4181 | Loss: 0.0001 | Avg Reward: -0.10 | Time: 8.3s | Prob: A train travels at 73 km/h for... | Ans: 84.33
RL Step 4182 | Loss: 0.0003 | Avg Reward: -0.10 | Time: 8.3s | Prob: A train travels at 53 km/h for... | Ans: 72.43
RL Step 4183 | Loss: 0.0000 | Avg Reward: -0.10 | Time: 8.2s | Prob: A train travels at 55 km/h for... | Ans: 59.5
RL Step 4184 | Loss: 0.0001 | Avg Reward: -0.10 | Time: 8.3s | Prob: A train travels at 78 km/h for... | Ans: 87.14
RL Step 4185 | Loss: 0.0003 | Avg Reward: -0.10 | Time: 8.3s | Prob: A train travels at 78 km/h for... | Ans: 75.5
RL Step 4186 | Loss: -0.0020 | Avg Reward: 0.17 | Time: 8.2s | Prob: A train travels at 44 km/h for... | Ans: 56.5
RL Step 4187 | Loss: 0.0039 | Avg Reward: 0.17 | Time: 8.2s | Prob: A train travels at 49 km/h for... | Ans: 62.5
RL Step 4188 | Loss: 0.0001 | Avg Reward: -0.10 | Time: 8.3s | Prob: A train travels at 41 km/h for... | Ans: 59.33
RL Step 4189 | Loss: 0.0001 | Avg Reward: -0.10 | Time: 8.3s | Prob: A train travels at 74 km/h for... | Ans: 69.43
RL Step 4190 | Loss: 0.0039 | Avg Reward: 0.17 | Time: 8.3s | Prob: A train travels at 42 km/h for... | Ans: 74.14
RL Step 4191 | Loss: 0.0000 | Avg Reward: -0.10 | Time: 8.3s | Prob: A train travels at 75 km/h for... | Ans: 87.86
RL Step 4192 | Loss: 0.0001 | Avg Reward: -0.10 | Time: 8.2s | Prob: A train travels at 41 km/h for... | Ans: 63.0
RL Step 4193 | Loss: 0.0001 | Avg Reward: -0.10 | Time: 8.3s | Prob: A train travels at 66 km/h for... | Ans: 67.71
RL Step 4194 | Loss: 0.0001 | Avg Reward: -0.10 | Time: 8.2s | Prob: A train travels at 80 km/h for... | Ans: 87.86
RL Step 4195 | Loss: 0.0001 | Avg Reward: -0.10 | Time: 8.2s | Prob: A train travels at 63 km/h for... | Ans: 63.62
RL Step 4196 | Loss: 0.0000 | Avg Reward: -0.10 | Time: 8.3s | Prob: A train travels at 45 km/h for... | Ans: 67.67
RL Step 4197 | Loss: 0.0002 | Avg Reward: -0.10 | Time: 8.2s | Prob: A train travels at 40 km/h for... | Ans: 59.5
RL Step 4198 | Loss: -0.0000 | Avg Reward: -0.10 | Time: 8.1s | Prob: A train travels at 58 km/h for... | Ans: 70.5
RL Step 4199 | Loss: -0.0001 | Avg Reward: -0.10 | Time: 8.2s | Prob: A train travels at 59 km/h for... | Ans: 67.0
RL Step 4200 | Loss: 0.0001 | Avg Reward: -0.10 | Time: 8.1s | Prob: A train travels at 67 km/h for... | Ans: 71.8
Saving RL Checkpoint at step 4200...
RL Step 4201 | Loss: 0.0002 | Avg Reward: -0.10 | Time: 8.3s | Prob: A train travels at 54 km/h for... | Ans: 61.14
RL Step 4202 | Loss: 0.0001 | Avg Reward: -0.10 | Time: 8.3s | Prob: A train travels at 41 km/h for... | Ans: 58.33
RL Step 4203 | Loss: 0.0078 | Avg Reward: 0.17 | Time: 8.1s | Prob: A train travels at 51 km/h for... | Ans: 65.5
RL Step 4204 | Loss: 0.0001 | Avg Reward: -0.10 | Time: 8.1s | Prob: A train travels at 49 km/h for... | Ans: 59.67
RL Step 4205 | Loss: 0.0001 | Avg Reward: -0.10 | Time: 8.1s | Prob: A train travels at 49 km/h for... | Ans: 69.5
RL Step 4206 | Loss: 0.0000 | Avg Reward: -0.10 | Time: 8.1s | Prob: A train travels at 42 km/h for... | Ans: 52.5
RL Step 4207 | Loss: 0.0001 | Avg Reward: -0.10 | Time: 8.3s | Prob: A train travels at 50 km/h for... | Ans: 62.0
RL Step 4208 | Loss: -0.0176 | Avg Reward: 0.17 | Time: 8.2s | Prob: A train travels at 62 km/h for... | Ans: 63.33
RL Step 4209 | Loss: 0.0001 | Avg Reward: -0.10 | Time: 8.2s | Prob: A train travels at 53 km/h for... | Ans: 68.0
RL Step 4210 | Loss: 0.0001 | Avg Reward: -0.10 | Time: 8.1s | Prob: A train travels at 66 km/h for... | Ans: 76.0
RL Step 4211 | Loss: 0.0001 | Avg Reward: -0.10 | Time: 8.3s | Prob: A train travels at 55 km/h for... | Ans: 74.29
RL Step 4212 | Loss: 0.0001 | Avg Reward: -0.10 | Time: 8.3s | Prob: A train travels at 40 km/h for... | Ans: 71.67
RL Step 4213 | Loss: -0.0000 | Avg Reward: -0.10 | Time: 8.2s | Prob: A train travels at 49 km/h for... | Ans: 68.33
RL Step 4214 | Loss: 0.0001 | Avg Reward: -0.10 | Time: 8.3s | Prob: A train travels at 62 km/h for... | Ans: 74.0
RL Step 4215 | Loss: 0.0001 | Avg Reward: -0.10 | Time: 8.3s | Prob: A train travels at 47 km/h for... | Ans: 60.71
RL Step 4216 | Loss: 0.0000 | Avg Reward: -0.10 | Time: 8.3s | Prob: A train travels at 68 km/h for... | Ans: 65.71
RL Step 4217 | Loss: 0.0001 | Avg Reward: -0.10 | Time: 8.3s | Prob: A train travels at 68 km/h for... | Ans: 77.33
RL Step 4218 | Loss: 0.0001 | Avg Reward: -0.10 | Time: 8.3s | Prob: A train travels at 47 km/h for... | Ans: 75.57
RL Step 4219 | Loss: 0.0000 | Avg Reward: -0.10 | Time: 8.3s | Prob: A train travels at 74 km/h for... | Ans: 72.0
RL Step 4220 | Loss: 0.0001 | Avg Reward: -0.10 | Time: 8.1s | Prob: A train travels at 64 km/h for... | Ans: 78.0
RL Step 4221 | Loss: 0.0039 | Avg Reward: 0.17 | Time: 8.1s | Prob: A train travels at 80 km/h for... | Ans: 75.0
RL Step 4222 | Loss: 0.0001 | Avg Reward: -0.10 | Time: 8.2s | Prob: A train travels at 65 km/h for... | Ans: 66.29
RL Step 4223 | Loss: -0.0117 | Avg Reward: 0.17 | Time: 8.3s | Prob: A train travels at 54 km/h for... | Ans: 71.57
RL Step 4224 | Loss: 0.0000 | Avg Reward: -0.10 | Time: 8.3s | Prob: A train travels at 76 km/h for... | Ans: 78.14
RL Step 4225 | Loss: 0.0002 | Avg Reward: -0.10 | Time: 8.3s | Prob: A train travels at 52 km/h for... | Ans: 76.38
RL Step 4226 | Loss: 0.0078 | Avg Reward: 0.17 | Time: 8.2s | Prob: A train travels at 77 km/h for... | Ans: 83.0
RL Step 4227 | Loss: 0.0001 | Avg Reward: -0.10 | Time: 8.2s | Prob: A train travels at 74 km/h for... | Ans: 71.33
RL Step 4228 | Loss: 0.0000 | Avg Reward: -0.10 | Time: 8.3s | Prob: A train travels at 61 km/h for... | Ans: 63.62
RL Step 4229 | Loss: 0.0001 | Avg Reward: -0.10 | Time: 8.3s | Prob: A train travels at 67 km/h for... | Ans: 67.29
RL Step 4230 | Loss: 0.0000 | Avg Reward: -0.10 | Time: 8.1s | Prob: A train travels at 74 km/h for... | Ans: 76.0
RL Step 4231 | Loss: 0.0039 | Avg Reward: 0.17 | Time: 8.3s | Prob: A train travels at 49 km/h for... | Ans: 58.71
RL Step 4232 | Loss: 0.0000 | Avg Reward: -0.10 | Time: 8.1s | Prob: A train travels at 49 km/h for... | Ans: 65.5
RL Step 4233 | Loss: 0.0001 | Avg Reward: -0.10 | Time: 8.4s | Prob: A train travels at 80 km/h for... | Ans: 86.38
RL Step 4234 | Loss: 0.0001 | Avg Reward: -0.10 | Time: 8.3s | Prob: A train travels at 49 km/h for... | Ans: 54.33
RL Step 4235 | Loss: 0.0002 | Avg Reward: -0.10 | Time: 8.3s | Prob: A train travels at 47 km/h for... | Ans: 60.33
RL Step 4236 | Loss: 0.0002 | Avg Reward: -0.10 | Time: 8.2s | Prob: A train travels at 56 km/h for... | Ans: 75.5
RL Step 4237 | Loss: 0.0000 | Avg Reward: -0.10 | Time: 8.3s | Prob: A train travels at 75 km/h for... | Ans: 71.86
RL Step 4238 | Loss: 0.0000 | Avg Reward: -0.10 | Time: 8.4s | Prob: A train travels at 40 km/h for... | Ans: 54.25
RL Step 4239 | Loss: 0.0001 | Avg Reward: -0.10 | Time: 8.3s | Prob: A train travels at 62 km/h for... | Ans: 62.71
RL Step 4240 | Loss: 0.0000 | Avg Reward: -0.10 | Time: 8.1s | Prob: A train travels at 77 km/h for... | Ans: 68.5
RL Step 4241 | Loss: 0.0001 | Avg Reward: -0.10 | Time: 8.3s | Prob: A train travels at 59 km/h for... | Ans: 72.33
RL Step 4242 | Loss: 0.0000 | Avg Reward: -0.10 | Time: 8.3s | Prob: A train travels at 66 km/h for... | Ans: 77.62
RL Step 4243 | Loss: 0.0000 | Avg Reward: -0.10 | Time: 8.2s | Prob: A train travels at 43 km/h for... | Ans: 58.0
RL Step 4244 | Loss: 0.0078 | Avg Reward: 0.17 | Time: 8.2s | Prob: A train travels at 72 km/h for... | Ans: 70.5
========================================
 PHASE 2: GRPO REINFORCEMENT LEARNING   
========================================
Traceback (most recent call last):
  File "/opt/rishabh_experimental/train_rl.py", line 148, in <module>
    main()
  File "/opt/rishabh_experimental/train_rl.py", line 107, in main
    model = Rishabh(config).cuda()
            ^^^^^^^^^^^^^^^^^^^^^^
  File "/opt/rishabh_experimental/venv/lib/python3.11/site-packages/torch/nn/modules/module.py", line 1096, in cuda
    return self._apply(lambda t: t.cuda(device))
           ^^^^^^^^^^^^^^^^^^^^^^^^^^^^^^^^^^^^^
  File "/opt/rishabh_experimental/venv/lib/python3.11/site-packages/torch/nn/modules/module.py", line 933, in _apply
    module._apply(fn)
  File "/opt/rishabh_experimental/venv/lib/python3.11/site-packages/torch/nn/modules/module.py", line 964, in _apply
    param_applied = fn(param)
                    ^^^^^^^^^
  File "/opt/rishabh_experimental/venv/lib/python3.11/site-packages/torch/nn/modules/module.py", line 1096, in <lambda>
    return self._apply(lambda t: t.cuda(device))
                                 ^^^^^^^^^^^^^^
  File "/opt/rishabh_experimental/venv/lib/python3.11/site-packages/torch/cuda/__init__.py", line 489, in _lazy_init
    torch._C._cuda_init()
RuntimeError: No CUDA GPUs are available
========================================
 PHASE 2: GRPO REINFORCEMENT LEARNING   
========================================
RESUMING RL from /opt/rishabh_experimental/rl_ckpt_4200.pt...
Initializing ZERO-VRAM SGD Optimizer (lr=1e-4)...
Starting GRPO Loop!
/usr/lib/python3.11/contextlib.py:105: FutureWarning: `torch.backends.cuda.sdp_kernel()` is deprecated. In the future, this context manager will be removed. Please see `torch.nn.attention.sdpa_kernel()` for the new context manager, with updated signature.
  self.gen = func(*args, **kwds)
RL Step 4201 | Loss: 0.0001 | Avg Reward: -0.10 | Time: 9.0s | Prob: A train travels at 55 km/h for... | Ans: 75.62
RL Step 4202 | Loss: 0.0000 | Avg Reward: -0.10 | Time: 8.2s | Prob: A train travels at 75 km/h for... | Ans: 78.5
RL Step 4203 | Loss: -0.0000 | Avg Reward: -0.10 | Time: 8.4s | Prob: A train travels at 68 km/h for... | Ans: 83.62
RL Step 4204 | Loss: 0.0001 | Avg Reward: -0.10 | Time: 8.2s | Prob: A train travels at 52 km/h for... | Ans: 63.33
RL Step 4205 | Loss: 0.0001 | Avg Reward: -0.10 | Time: 8.2s | Prob: A train travels at 69 km/h for... | Ans: 75.0
RL Step 4206 | Loss: 0.0003 | Avg Reward: -0.10 | Time: 8.3s | Prob: A train travels at 73 km/h for... | Ans: 71.0
RL Step 4207 | Loss: 0.0002 | Avg Reward: -0.10 | Time: 8.3s | Prob: A train travels at 46 km/h for... | Ans: 72.0
RL Step 4208 | Loss: 0.0001 | Avg Reward: -0.10 | Time: 8.3s | Prob: A train travels at 64 km/h for... | Ans: 61.33
RL Step 4209 | Loss: 0.0002 | Avg Reward: -0.10 | Time: 8.2s | Prob: A train travels at 51 km/h for... | Ans: 58.71
RL Step 4210 | Loss: -0.0000 | Avg Reward: -0.10 | Time: 8.2s | Prob: A train travels at 60 km/h for... | Ans: 67.8
RL Step 4211 | Loss: 0.0001 | Avg Reward: -0.10 | Time: 8.4s | Prob: A train travels at 75 km/h for... | Ans: 73.57
RL Step 4212 | Loss: 0.0001 | Avg Reward: -0.10 | Time: 8.4s | Prob: A train travels at 50 km/h for... | Ans: 72.78
RL Step 4213 | Loss: -0.0000 | Avg Reward: -0.10 | Time: 8.3s | Prob: A train travels at 58 km/h for... | Ans: 70.0
RL Step 4214 | Loss: 0.0001 | Avg Reward: -0.10 | Time: 8.2s | Prob: A train travels at 47 km/h for... | Ans: 65.5
RL Step 4215 | Loss: 0.0001 | Avg Reward: -0.10 | Time: 8.4s | Prob: A train travels at 60 km/h for... | Ans: 71.43
RL Step 4216 | Loss: 0.0000 | Avg Reward: -0.10 | Time: 8.2s | Prob: A train travels at 63 km/h for... | Ans: 80.0
RL Step 4217 | Loss: 0.0000 | Avg Reward: -0.10 | Time: 8.3s | Prob: A train travels at 54 km/h for... | Ans: 56.29
RL Step 4218 | Loss: 0.0000 | Avg Reward: -0.10 | Time: 8.2s | Prob: A train travels at 75 km/h for... | Ans: 73.0
RL Step 4219 | Loss: 0.0001 | Avg Reward: -0.10 | Time: 8.2s | Prob: A train travels at 55 km/h for... | Ans: 76.0
RL Step 4220 | Loss: 0.0001 | Avg Reward: -0.10 | Time: 8.3s | Prob: A train travels at 66 km/h for... | Ans: 72.29
RL Step 4221 | Loss: 0.0001 | Avg Reward: -0.10 | Time: 8.2s | Prob: A train travels at 53 km/h for... | Ans: 76.4
RL Step 4222 | Loss: 0.0254 | Avg Reward: 0.17 | Time: 8.2s | Prob: A train travels at 78 km/h for... | Ans: 71.0
RL Step 4223 | Loss: 0.0000 | Avg Reward: -0.10 | Time: 8.4s | Prob: A train travels at 64 km/h for... | Ans: 62.12
RL Step 4224 | Loss: 0.0001 | Avg Reward: -0.10 | Time: 8.4s | Prob: A train travels at 45 km/h for... | Ans: 57.57
RL Step 4225 | Loss: 0.0001 | Avg Reward: -0.10 | Time: 8.3s | Prob: A train travels at 61 km/h for... | Ans: 80.5
RL Step 4226 | Loss: 0.0000 | Avg Reward: -0.10 | Time: 8.3s | Prob: A train travels at 51 km/h for... | Ans: 71.0
RL Step 4227 | Loss: 0.0059 | Avg Reward: 0.17 | Time: 8.4s | Prob: A train travels at 69 km/h for... | Ans: 81.86
RL Step 4228 | Loss: 0.0000 | Avg Reward: -0.10 | Time: 8.3s | Prob: A train travels at 63 km/h for... | Ans: 85.0
RL Step 4229 | Loss: 0.0001 | Avg Reward: -0.10 | Time: 8.3s | Prob: A train travels at 67 km/h for... | Ans: 71.71
RL Step 4230 | Loss: 0.0002 | Avg Reward: -0.10 | Time: 8.4s | Prob: A train travels at 68 km/h for... | Ans: 78.71
RL Step 4231 | Loss: 0.0078 | Avg Reward: 0.17 | Time: 8.2s | Prob: A train travels at 78 km/h for... | Ans: 87.5
RL Step 4232 | Loss: 0.0000 | Avg Reward: -0.10 | Time: 8.4s | Prob: A train travels at 62 km/h for... | Ans: 68.67
RL Step 4233 | Loss: 0.0002 | Avg Reward: -0.10 | Time: 8.2s | Prob: A train travels at 69 km/h for... | Ans: 75.5
RL Step 4234 | Loss: 0.0001 | Avg Reward: -0.10 | Time: 8.2s | Prob: A train travels at 44 km/h for... | Ans: 72.8
RL Step 4235 | Loss: 0.0001 | Avg Reward: -0.10 | Time: 8.2s | Prob: A train travels at 66 km/h for... | Ans: 75.5
RL Step 4236 | Loss: 0.0002 | Avg Reward: -0.10 | Time: 8.4s | Prob: A train travels at 44 km/h for... | Ans: 60.0
RL Step 4237 | Loss: 0.0001 | Avg Reward: -0.10 | Time: 8.3s | Prob: A train travels at 79 km/h for... | Ans: 78.14
RL Step 4238 | Loss: 0.0001 | Avg Reward: -0.10 | Time: 8.4s | Prob: A train travels at 53 km/h for... | Ans: 61.57
RL Step 4239 | Loss: 0.0001 | Avg Reward: -0.10 | Time: 8.4s | Prob: A train travels at 78 km/h for... | Ans: 80.62
RL Step 4240 | Loss: 0.0001 | Avg Reward: -0.10 | Time: 8.3s | Prob: A train travels at 44 km/h for... | Ans: 72.57
RL Step 4241 | Loss: 0.0001 | Avg Reward: -0.10 | Time: 8.2s | Prob: A train travels at 75 km/h for... | Ans: 74.0
RL Step 4242 | Loss: 0.0002 | Avg Reward: -0.10 | Time: 8.4s | Prob: A train travels at 80 km/h for... | Ans: 76.89
RL Step 4243 | Loss: 0.0000 | Avg Reward: -0.10 | Time: 8.3s | Prob: A train travels at 74 km/h for... | Ans: 75.33
RL Step 4244 | Loss: 0.0001 | Avg Reward: -0.10 | Time: 8.2s | Prob: A train travels at 53 km/h for... | Ans: 61.5
RL Step 4245 | Loss: 0.0002 | Avg Reward: -0.10 | Time: 8.4s | Prob: A train travels at 55 km/h for... | Ans: 73.29
RL Step 4246 | Loss: 0.0001 | Avg Reward: -0.10 | Time: 8.3s | Prob: A train travels at 62 km/h for... | Ans: 72.86
RL Step 4247 | Loss: 0.0000 | Avg Reward: -0.10 | Time: 8.2s | Prob: A train travels at 40 km/h for... | Ans: 67.5
RL Step 4248 | Loss: 0.0000 | Avg Reward: 0.17 | Time: 8.2s | Prob: A train travels at 64 km/h for... | Ans: 73.5
RL Step 4249 | Loss: 0.0000 | Avg Reward: -0.10 | Time: 8.3s | Prob: A train travels at 63 km/h for... | Ans: 69.43
RL Step 4250 | Loss: 0.0000 | Avg Reward: -0.10 | Time: 8.3s | Prob: A train travels at 63 km/h for... | Ans: 63.89
RL Step 4251 | Loss: 0.0001 | Avg Reward: -0.10 | Time: 8.2s | Prob: A train travels at 64 km/h for... | Ans: 72.4
RL Step 4252 | Loss: 0.0000 | Avg Reward: -0.10 | Time: 8.4s | Prob: A train travels at 47 km/h for... | Ans: 73.88
RL Step 4253 | Loss: 0.0002 | Avg Reward: -0.10 | Time: 8.2s | Prob: A train travels at 49 km/h for... | Ans: 72.0
RL Step 4254 | Loss: -0.0000 | Avg Reward: -0.10 | Time: 8.2s | Prob: A train travels at 73 km/h for... | Ans: 80.0
RL Step 4255 | Loss: 0.0002 | Avg Reward: -0.10 | Time: 8.3s | Prob: A train travels at 69 km/h for... | Ans: 69.0
RL Step 4256 | Loss: 0.0004 | Avg Reward: -0.10 | Time: 8.4s | Prob: A train travels at 71 km/h for... | Ans: 65.44
RL Step 4257 | Loss: 0.0002 | Avg Reward: -0.10 | Time: 8.2s | Prob: A train travels at 77 km/h for... | Ans: 79.0
RL Step 4258 | Loss: 0.0001 | Avg Reward: -0.10 | Time: 8.3s | Prob: A train travels at 52 km/h for... | Ans: 56.71
RL Step 4259 | Loss: 0.0003 | Avg Reward: -0.10 | Time: 8.3s | Prob: A train travels at 70 km/h for... | Ans: 69.33
RL Step 4260 | Loss: 0.0001 | Avg Reward: -0.10 | Time: 8.3s | Prob: A train travels at 68 km/h for... | Ans: 84.88
RL Step 4261 | Loss: 0.0000 | Avg Reward: -0.10 | Time: 8.4s | Prob: A train travels at 49 km/h for... | Ans: 60.33
RL Step 4262 | Loss: 0.0000 | Avg Reward: -0.10 | Time: 8.3s | Prob: A train travels at 69 km/h for... | Ans: 86.22
RL Step 4263 | Loss: -0.0000 | Avg Reward: -0.10 | Time: 8.3s | Prob: A train travels at 51 km/h for... | Ans: 55.0
RL Step 4264 | Loss: 0.0117 | Avg Reward: 0.17 | Time: 8.2s | Prob: A train travels at 66 km/h for... | Ans: 64.0
RL Step 4265 | Loss: 0.0001 | Avg Reward: -0.10 | Time: 8.4s | Prob: A train travels at 54 km/h for... | Ans: 70.5
RL Step 4266 | Loss: 0.0001 | Avg Reward: -0.10 | Time: 8.4s | Prob: A train travels at 78 km/h for... | Ans: 83.62
RL Step 4267 | Loss: 0.0000 | Avg Reward: -0.10 | Time: 8.4s | Prob: A train travels at 79 km/h for... | Ans: 74.71
RL Step 4268 | Loss: 0.0001 | Avg Reward: -0.10 | Time: 8.3s | Prob: A train travels at 45 km/h for... | Ans: 74.14
RL Step 4269 | Loss: 0.0001 | Avg Reward: -0.10 | Time: 8.4s | Prob: A train travels at 47 km/h for... | Ans: 71.29
RL Step 4270 | Loss: 0.0001 | Avg Reward: -0.10 | Time: 8.4s | Prob: A train travels at 73 km/h for... | Ans: 88.0
RL Step 4271 | Loss: 0.0001 | Avg Reward: -0.10 | Time: 8.4s | Prob: A train travels at 75 km/h for... | Ans: 84.38
RL Step 4272 | Loss: 0.0000 | Avg Reward: -0.10 | Time: 8.4s | Prob: A train travels at 58 km/h for... | Ans: 80.86
RL Step 4273 | Loss: 0.0000 | Avg Reward: -0.10 | Time: 8.2s | Prob: A train travels at 66 km/h for... | Ans: 79.2
RL Step 4274 | Loss: 0.0000 | Avg Reward: -0.10 | Time: 8.4s | Prob: A train travels at 78 km/h for... | Ans: 68.67
RL Step 4275 | Loss: 0.0001 | Avg Reward: -0.10 | Time: 8.2s | Prob: A train travels at 57 km/h for... | Ans: 76.2
RL Step 4276 | Loss: 0.0000 | Avg Reward: -0.10 | Time: 8.2s | Prob: A train travels at 56 km/h for... | Ans: 77.5
RL Step 4277 | Loss: 0.0001 | Avg Reward: -0.10 | Time: 8.4s | Prob: A train travels at 60 km/h for... | Ans: 71.33
RL Step 4278 | Loss: 0.0002 | Avg Reward: -0.10 | Time: 8.2s | Prob: A train travels at 45 km/h for... | Ans: 69.0
RL Step 4279 | Loss: 0.0002 | Avg Reward: -0.10 | Time: 8.4s | Prob: A train travels at 59 km/h for... | Ans: 68.75
RL Step 4280 | Loss: 0.0001 | Avg Reward: -0.10 | Time: 8.3s | Prob: A train travels at 52 km/h for... | Ans: 56.0
RL Step 4281 | Loss: 0.0001 | Avg Reward: -0.10 | Time: 8.4s | Prob: A train travels at 63 km/h for... | Ans: 66.33
RL Step 4282 | Loss: 0.0003 | Avg Reward: -0.10 | Time: 8.2s | Prob: A train travels at 66 km/h for... | Ans: 69.0
RL Step 4283 | Loss: 0.0000 | Avg Reward: -0.10 | Time: 8.4s | Prob: A train travels at 69 km/h for... | Ans: 66.71
RL Step 4284 | Loss: 0.0001 | Avg Reward: -0.10 | Time: 8.4s | Prob: A train travels at 41 km/h for... | Ans: 73.14
RL Step 4285 | Loss: 0.0002 | Avg Reward: -0.10 | Time: 8.3s | Prob: A train travels at 59 km/h for... | Ans: 72.75
RL Step 4286 | Loss: 0.0078 | Avg Reward: 0.17 | Time: 8.1s | Prob: A train travels at 72 km/h for... | Ans: 85.5
RL Step 4287 | Loss: 0.0001 | Avg Reward: -0.10 | Time: 8.2s | Prob: A train travels at 66 km/h for... | Ans: 65.0
RL Step 4288 | Loss: 0.0001 | Avg Reward: -0.10 | Time: 8.4s | Prob: A train travels at 77 km/h for... | Ans: 75.57
RL Step 4289 | Loss: 0.0001 | Avg Reward: -0.10 | Time: 8.4s | Prob: A train travels at 69 km/h for... | Ans: 71.67
RL Step 4290 | Loss: 0.0000 | Avg Reward: -0.10 | Time: 8.2s | Prob: A train travels at 57 km/h for... | Ans: 70.2
RL Step 4291 | Loss: 0.0001 | Avg Reward: -0.10 | Time: 8.4s | Prob: A train travels at 54 km/h for... | Ans: 63.38
RL Step 4292 | Loss: 0.0000 | Avg Reward: 0.17 | Time: 8.2s | Prob: A train travels at 78 km/h for... | Ans: 74.5
RL Step 4293 | Loss: 0.0002 | Avg Reward: -0.10 | Time: 8.3s | Prob: A train travels at 52 km/h for... | Ans: 57.0
RL Step 4294 | Loss: 0.0000 | Avg Reward: -0.10 | Time: 8.3s | Prob: A train travels at 43 km/h for... | Ans: 65.67
RL Step 4295 | Loss: 0.0001 | Avg Reward: -0.10 | Time: 8.3s | Prob: A train travels at 60 km/h for... | Ans: 67.33
RL Step 4296 | Loss: 0.0000 | Avg Reward: -0.10 | Time: 8.2s | Prob: A train travels at 70 km/h for... | Ans: 73.0
RL Step 4297 | Loss: 0.0003 | Avg Reward: -0.10 | Time: 8.2s | Prob: A train travels at 62 km/h for... | Ans: 75.2
RL Step 4298 | Loss: 0.0002 | Avg Reward: -0.10 | Time: 8.4s | Prob: A train travels at 61 km/h for... | Ans: 72.14
RL Step 4299 | Loss: 0.0000 | Avg Reward: -0.10 | Time: 8.3s | Prob: A train travels at 74 km/h for... | Ans: 79.43
RL Step 4300 | Loss: 0.0001 | Avg Reward: -0.10 | Time: 8.2s | Prob: A train travels at 55 km/h for... | Ans: 61.8
RL Step 4301 | Loss: 0.0001 | Avg Reward: -0.10 | Time: 8.4s | Prob: A train travels at 58 km/h for... | Ans: 61.89
RL Step 4302 | Loss: 0.0001 | Avg Reward: -0.10 | Time: 8.4s | Prob: A train travels at 53 km/h for... | Ans: 68.75
RL Step 4303 | Loss: 0.0001 | Avg Reward: -0.10 | Time: 8.3s | Prob: A train travels at 74 km/h for... | Ans: 77.0
RL Step 4304 | Loss: 0.0000 | Avg Reward: -0.10 | Time: 8.3s | Prob: A train travels at 68 km/h for... | Ans: 66.33
RL Step 4305 | Loss: 0.0000 | Avg Reward: -0.10 | Time: 8.2s | Prob: A train travels at 43 km/h for... | Ans: 64.0
RL Step 4306 | Loss: 0.0001 | Avg Reward: -0.10 | Time: 8.3s | Prob: A train travels at 66 km/h for... | Ans: 81.0
RL Step 4307 | Loss: 0.0001 | Avg Reward: -0.10 | Time: 8.5s | Prob: A train travels at 41 km/h for... | Ans: 49.4
RL Step 4308 | Loss: 0.0001 | Avg Reward: -0.10 | Time: 11.8s | Prob: A train travels at 65 km/h for... | Ans: 82.78
RL Step 4309 | Loss: -0.0000 | Avg Reward: -0.10 | Time: 9.8s | Prob: A train travels at 41 km/h for... | Ans: 53.0
RL Step 4310 | Loss: 0.0001 | Avg Reward: -0.10 | Time: 8.2s | Prob: A train travels at 53 km/h for... | Ans: 56.86
RL Step 4311 | Loss: 0.0000 | Avg Reward: 0.17 | Time: 8.3s | Prob: A train travels at 44 km/h for... | Ans: 55.33
RL Step 4312 | Loss: 0.0273 | Avg Reward: 0.17 | Time: 8.6s | Prob: A train travels at 69 km/h for... | Ans: 83.5
RL Step 4313 | Loss: 0.0000 | Avg Reward: -0.10 | Time: 8.4s | Prob: A train travels at 54 km/h for... | Ans: 62.89
RL Step 4314 | Loss: 0.0002 | Avg Reward: -0.10 | Time: 8.2s | Prob: A train travels at 72 km/h for... | Ans: 76.5
RL Step 4315 | Loss: 0.0001 | Avg Reward: -0.10 | Time: 8.4s | Prob: A train travels at 80 km/h for... | Ans: 82.0
RL Step 4316 | Loss: 0.0002 | Avg Reward: -0.10 | Time: 8.2s | Prob: A train travels at 80 km/h for... | Ans: 91.4
RL Step 4317 | Loss: 0.0001 | Avg Reward: -0.10 | Time: 8.2s | Prob: A train travels at 61 km/h for... | Ans: 78.5
RL Step 4318 | Loss: 0.0001 | Avg Reward: -0.10 | Time: 8.2s | Prob: A train travels at 53 km/h for... | Ans: 63.0
RL Step 4319 | Loss: 0.0001 | Avg Reward: -0.10 | Time: 8.4s | Prob: A train travels at 44 km/h for... | Ans: 60.5
RL Step 4320 | Loss: 0.0001 | Avg Reward: -0.10 | Time: 8.4s | Prob: A train travels at 44 km/h for... | Ans: 58.67
RL Step 4321 | Loss: 0.0001 | Avg Reward: -0.10 | Time: 8.3s | Prob: A train travels at 51 km/h for... | Ans: 69.33
RL Step 4322 | Loss: 0.0352 | Avg Reward: 0.17 | Time: 8.2s | Prob: A train travels at 63 km/h for... | Ans: 77.5
RL Step 4323 | Loss: 0.0000 | Avg Reward: -0.10 | Time: 8.3s | Prob: A train travels at 40 km/h for... | Ans: 54.14
RL Step 4324 | Loss: 0.0002 | Avg Reward: -0.10 | Time: 8.3s | Prob: A train travels at 77 km/h for... | Ans: 65.57
RL Step 4325 | Loss: 0.0001 | Avg Reward: -0.10 | Time: 8.4s | Prob: A train travels at 78 km/h for... | Ans: 70.0
RL Step 4326 | Loss: 0.0001 | Avg Reward: -0.10 | Time: 8.4s | Prob: A train travels at 60 km/h for... | Ans: 82.0
RL Step 4327 | Loss: 0.0000 | Avg Reward: -0.10 | Time: 8.2s | Prob: A train travels at 67 km/h for... | Ans: 64.5
RL Step 4328 | Loss: 0.0001 | Avg Reward: -0.10 | Time: 8.4s | Prob: A train travels at 72 km/h for... | Ans: 69.75
RL Step 4329 | Loss: 0.0001 | Avg Reward: -0.10 | Time: 8.3s | Prob: A train travels at 64 km/h for... | Ans: 80.5
RL Step 4330 | Loss: -0.0000 | Avg Reward: -0.10 | Time: 8.3s | Prob: A train travels at 56 km/h for... | Ans: 65.67
RL Step 4331 | Loss: 0.0312 | Avg Reward: 0.17 | Time: 8.4s | Prob: A train travels at 72 km/h for... | Ans: 85.75
RL Step 4332 | Loss: 0.0002 | Avg Reward: -0.10 | Time: 8.4s | Prob: A train travels at 56 km/h for... | Ans: 72.25
RL Step 4333 | Loss: 0.0001 | Avg Reward: -0.10 | Time: 8.4s | Prob: A train travels at 53 km/h for... | Ans: 61.75
RL Step 4334 | Loss: 0.0001 | Avg Reward: -0.10 | Time: 8.4s | Prob: A train travels at 53 km/h for... | Ans: 58.71
RL Step 4335 | Loss: 0.0001 | Avg Reward: -0.10 | Time: 8.2s | Prob: A train travels at 72 km/h for... | Ans: 70.8
RL Step 4336 | Loss: 0.0001 | Avg Reward: -0.10 | Time: 8.3s | Prob: A train travels at 45 km/h for... | Ans: 61.0
RL Step 4337 | Loss: 0.0234 | Avg Reward: 0.45 | Time: 8.3s | Prob: A train travels at 60 km/h for... | Ans: 84.0
RL Step 4338 | Loss: 0.0001 | Avg Reward: -0.10 | Time: 8.4s | Prob: A train travels at 64 km/h for... | Ans: 79.62
RL Step 4339 | Loss: 0.0001 | Avg Reward: -0.10 | Time: 8.4s | Prob: A train travels at 41 km/h for... | Ans: 76.0
RL Step 4340 | Loss: 0.0001 | Avg Reward: -0.10 | Time: 8.3s | Prob: A train travels at 67 km/h for... | Ans: 73.0
RL Step 4341 | Loss: -0.0000 | Avg Reward: -0.10 | Time: 8.4s | Prob: A train travels at 65 km/h for... | Ans: 76.62
RL Step 4342 | Loss: 0.0001 | Avg Reward: -0.10 | Time: 8.4s | Prob: A train travels at 50 km/h for... | Ans: 55.33
RL Step 4343 | Loss: 0.0001 | Avg Reward: -0.10 | Time: 8.4s | Prob: A train travels at 60 km/h for... | Ans: 61.71
RL Step 4344 | Loss: 0.0001 | Avg Reward: -0.10 | Time: 8.2s | Prob: A train travels at 74 km/h for... | Ans: 79.6
RL Step 4345 | Loss: 0.0000 | Avg Reward: -0.10 | Time: 8.3s | Prob: A train travels at 49 km/h for... | Ans: 73.5
RL Step 4346 | Loss: 0.0000 | Avg Reward: -0.10 | Time: 8.3s | Prob: A train travels at 44 km/h for... | Ans: 68.67
RL Step 4347 | Loss: 0.0001 | Avg Reward: -0.10 | Time: 8.3s | Prob: A train travels at 77 km/h for... | Ans: 79.14
RL Step 4348 | Loss: 0.0000 | Avg Reward: -0.10 | Time: 8.2s | Prob: A train travels at 43 km/h for... | Ans: 50.33
RL Step 4349 | Loss: -0.0000 | Avg Reward: -0.10 | Time: 8.2s | Prob: A train travels at 42 km/h for... | Ans: 63.0
RL Step 4350 | Loss: 0.0003 | Avg Reward: -0.10 | Time: 8.3s | Prob: A train travels at 61 km/h for... | Ans: 79.0
RL Step 4351 | Loss: 0.0001 | Avg Reward: -0.10 | Time: 8.2s | Prob: A train travels at 72 km/h for... | Ans: 74.4
RL Step 4352 | Loss: 0.0002 | Avg Reward: -0.10 | Time: 8.3s | Prob: A train travels at 53 km/h for... | Ans: 69.0
RL Step 4353 | Loss: 0.0001 | Avg Reward: -0.10 | Time: 8.4s | Prob: A train travels at 52 km/h for... | Ans: 58.86
RL Step 4354 | Loss: 0.0001 | Avg Reward: -0.10 | Time: 8.4s | Prob: A train travels at 59 km/h for... | Ans: 81.86
RL Step 4355 | Loss: 0.0000 | Avg Reward: -0.10 | Time: 8.4s | Prob: A train travels at 74 km/h for... | Ans: 67.75
RL Step 4356 | Loss: 0.0001 | Avg Reward: -0.10 | Time: 8.2s | Prob: A train travels at 59 km/h for... | Ans: 78.2
RL Step 4357 | Loss: 0.0001 | Avg Reward: -0.10 | Time: 8.2s | Prob: A train travels at 66 km/h for... | Ans: 76.5
RL Step 4358 | Loss: 0.0137 | Avg Reward: 0.17 | Time: 8.3s | Prob: A train travels at 79 km/h for... | Ans: 80.5
RL Step 4359 | Loss: 0.0000 | Avg Reward: -0.10 | Time: 8.3s | Prob: A train travels at 43 km/h for... | Ans: 70.22
RL Step 4360 | Loss: 0.0001 | Avg Reward: -0.10 | Time: 8.2s | Prob: A train travels at 43 km/h for... | Ans: 68.0
RL Step 4361 | Loss: 0.0000 | Avg Reward: -0.10 | Time: 8.4s | Prob: A train travels at 54 km/h for... | Ans: 61.14
RL Step 4362 | Loss: 0.0000 | Avg Reward: -0.10 | Time: 8.3s | Prob: A train travels at 66 km/h for... | Ans: 63.33
RL Step 4363 | Loss: 0.0000 | Avg Reward: -0.10 | Time: 8.4s | Prob: A train travels at 69 km/h for... | Ans: 78.38
RL Step 4364 | Loss: 0.0001 | Avg Reward: -0.10 | Time: 8.4s | Prob: A train travels at 49 km/h for... | Ans: 61.5
RL Step 4365 | Loss: 0.0137 | Avg Reward: 0.17 | Time: 8.3s | Prob: A train travels at 71 km/h for... | Ans: 75.33
RL Step 4366 | Loss: 0.0002 | Avg Reward: -0.10 | Time: 8.4s | Prob: A train travels at 70 km/h for... | Ans: 67.43
RL Step 4367 | Loss: 0.0020 | Avg Reward: 0.17 | Time: 8.2s | Prob: A train travels at 64 km/h for... | Ans: 76.4
RL Step 4368 | Loss: -0.0000 | Avg Reward: -0.10 | Time: 8.2s | Prob: A train travels at 51 km/h for... | Ans: 60.0
RL Step 4369 | Loss: 0.0002 | Avg Reward: -0.10 | Time: 8.2s | Prob: A train travels at 50 km/h for... | Ans: 54.0
RL Step 4370 | Loss: 0.0002 | Avg Reward: -0.10 | Time: 8.4s | Prob: A train travels at 43 km/h for... | Ans: 65.86
RL Step 4371 | Loss: 0.0002 | Avg Reward: -0.10 | Time: 8.3s | Prob: A train travels at 63 km/h for... | Ans: 67.0
RL Step 4372 | Loss: 0.0001 | Avg Reward: -0.10 | Time: 8.2s | Prob: A train travels at 76 km/h for... | Ans: 71.0
RL Step 4373 | Loss: 0.0001 | Avg Reward: -0.10 | Time: 8.3s | Prob: A train travels at 77 km/h for... | Ans: 72.33
RL Step 4374 | Loss: 0.0000 | Avg Reward: -0.10 | Time: 8.3s | Prob: A train travels at 73 km/h for... | Ans: 70.33
RL Step 4375 | Loss: 0.0234 | Avg Reward: 0.45 | Time: 8.2s | Prob: A train travels at 55 km/h for... | Ans: 67.5
RL Step 4376 | Loss: 0.0001 | Avg Reward: -0.10 | Time: 8.4s | Prob: A train travels at 76 km/h for... | Ans: 85.44
RL Step 4377 | Loss: 0.0001 | Avg Reward: -0.10 | Time: 8.4s | Prob: A train travels at 67 km/h for... | Ans: 74.5
RL Step 4378 | Loss: 0.0001 | Avg Reward: -0.10 | Time: 8.2s | Prob: A train travels at 77 km/h for... | Ans: 71.8
RL Step 4379 | Loss: 0.0002 | Avg Reward: -0.10 | Time: 8.3s | Prob: A train travels at 66 km/h for... | Ans: 68.86
RL Step 4380 | Loss: 0.0001 | Avg Reward: -0.10 | Time: 8.4s | Prob: A train travels at 71 km/h for... | Ans: 63.86
RL Step 4381 | Loss: 0.0001 | Avg Reward: -0.10 | Time: 8.2s | Prob: A train travels at 49 km/h for... | Ans: 72.0
RL Step 4382 | Loss: 0.0000 | Avg Reward: -0.10 | Time: 8.4s | Prob: A train travels at 61 km/h for... | Ans: 78.5
RL Step 4383 | Loss: 0.0001 | Avg Reward: -0.10 | Time: 8.3s | Prob: A train travels at 49 km/h for... | Ans: 58.0
RL Step 4384 | Loss: 0.0001 | Avg Reward: -0.10 | Time: 8.2s | Prob: A train travels at 57 km/h for... | Ans: 62.6
RL Step 4385 | Loss: 0.0001 | Avg Reward: -0.10 | Time: 8.4s | Prob: A train travels at 55 km/h for... | Ans: 57.22
RL Step 4386 | Loss: 0.0000 | Avg Reward: -0.10 | Time: 8.2s | Prob: A train travels at 56 km/h for... | Ans: 72.0
RL Step 4387 | Loss: -0.0020 | Avg Reward: 0.17 | Time: 8.4s | Prob: A train travels at 62 km/h for... | Ans: 82.71
RL Step 4388 | Loss: -0.0000 | Avg Reward: -0.10 | Time: 8.4s | Prob: A train travels at 49 km/h for... | Ans: 59.12
RL Step 4389 | Loss: -0.0078 | Avg Reward: 0.17 | Time: 8.3s | Prob: A train travels at 67 km/h for... | Ans: 83.57
RL Step 4390 | Loss: 0.0000 | Avg Reward: -0.10 | Time: 8.4s | Prob: A train travels at 54 km/h for... | Ans: 65.14
RL Step 4391 | Loss: -0.0000 | Avg Reward: -0.10 | Time: 8.2s | Prob: A train travels at 79 km/h for... | Ans: 87.0
RL Step 4392 | Loss: 0.0000 | Avg Reward: -0.10 | Time: 8.4s | Prob: A train travels at 43 km/h for... | Ans: 52.43
RL Step 4393 | Loss: 0.0001 | Avg Reward: -0.10 | Time: 8.3s | Prob: A train travels at 80 km/h for... | Ans: 84.0
RL Step 4394 | Loss: 0.0001 | Avg Reward: -0.10 | Time: 8.3s | Prob: A train travels at 80 km/h for... | Ans: 81.0
RL Step 4395 | Loss: 0.0001 | Avg Reward: -0.10 | Time: 8.2s | Prob: A train travels at 62 km/h for... | Ans: 71.6
RL Step 4396 | Loss: 0.0001 | Avg Reward: -0.10 | Time: 8.4s | Prob: A train travels at 49 km/h for... | Ans: 60.71
RL Step 4397 | Loss: 0.0001 | Avg Reward: -0.10 | Time: 8.3s | Prob: A train travels at 67 km/h for... | Ans: 78.57
RL Step 4398 | Loss: 0.0002 | Avg Reward: -0.10 | Time: 8.2s | Prob: A train travels at 62 km/h for... | Ans: 71.0
RL Step 4399 | Loss: 0.0000 | Avg Reward: -0.10 | Time: 8.4s | Prob: A train travels at 78 km/h for... | Ans: 91.75
RL Step 4400 | Loss: 0.0000 | Avg Reward: -0.10 | Time: 8.4s | Prob: A train travels at 67 km/h for... | Ans: 66.62
Saving RL Checkpoint at step 4400...
RL Step 4401 | Loss: 0.0000 | Avg Reward: -0.10 | Time: 8.2s | Prob: A train travels at 58 km/h for... | Ans: 67.5
RL Step 4402 | Loss: 0.0002 | Avg Reward: -0.10 | Time: 8.4s | Prob: A train travels at 54 km/h for... | Ans: 70.89
RL Step 4403 | Loss: -0.0059 | Avg Reward: 0.17 | Time: 8.2s | Prob: A train travels at 55 km/h for... | Ans: 71.0
RL Step 4404 | Loss: -0.0001 | Avg Reward: -0.10 | Time: 8.1s | Prob: A train travels at 80 km/h for... | Ans: 78.5
RL Step 4405 | Loss: 0.0001 | Avg Reward: -0.10 | Time: 8.2s | Prob: A train travels at 50 km/h for... | Ans: 66.8
RL Step 4406 | Loss: 0.0000 | Avg Reward: -0.10 | Time: 8.3s | Prob: A train travels at 80 km/h for... | Ans: 85.5
RL Step 4407 | Loss: 0.0001 | Avg Reward: -0.10 | Time: 8.3s | Prob: A train travels at 76 km/h for... | Ans: 74.12
RL Step 4408 | Loss: -0.0078 | Avg Reward: 0.17 | Time: 8.3s | Prob: A train travels at 58 km/h for... | Ans: 64.33
RL Step 4409 | Loss: -0.0000 | Avg Reward: -0.10 | Time: 8.4s | Prob: A train travels at 60 km/h for... | Ans: 66.86
RL Step 4410 | Loss: 0.0000 | Avg Reward: -0.10 | Time: 8.4s | Prob: A train travels at 45 km/h for... | Ans: 57.57
RL Step 4411 | Loss: 0.0215 | Avg Reward: 0.17 | Time: 8.2s | Prob: A train travels at 59 km/h for... | Ans: 74.5
RL Step 4412 | Loss: -0.0000 | Avg Reward: -0.10 | Time: 8.4s | Prob: A train travels at 47 km/h for... | Ans: 67.0
RL Step 4413 | Loss: 0.0001 | Avg Reward: -0.10 | Time: 8.3s | Prob: A train travels at 73 km/h for... | Ans: 78.0
RL Step 4414 | Loss: 0.0001 | Avg Reward: -0.10 | Time: 8.4s | Prob: A train travels at 53 km/h for... | Ans: 56.14
RL Step 4415 | Loss: 0.0001 | Avg Reward: -0.10 | Time: 8.2s | Prob: A train travels at 60 km/h for... | Ans: 77.33
RL Step 4416 | Loss: 0.0001 | Avg Reward: -0.10 | Time: 8.4s | Prob: A train travels at 42 km/h for... | Ans: 53.57
RL Step 4417 | Loss: 0.0001 | Avg Reward: -0.10 | Time: 8.2s | Prob: A train travels at 68 km/h for... | Ans: 71.0
RL Step 4418 | Loss: 0.0000 | Avg Reward: -0.10 | Time: 8.4s | Prob: A train travels at 72 km/h for... | Ans: 73.71
RL Step 4419 | Loss: 0.0002 | Avg Reward: -0.10 | Time: 8.4s | Prob: A train travels at 55 km/h for... | Ans: 58.56
RL Step 4420 | Loss: 0.0001 | Avg Reward: -0.10 | Time: 8.3s | Prob: A train travels at 71 km/h for... | Ans: 84.5
RL Step 4421 | Loss: 0.0000 | Avg Reward: -0.10 | Time: 8.4s | Prob: A train travels at 80 km/h for... | Ans: 88.33
RL Step 4422 | Loss: 0.0003 | Avg Reward: -0.10 | Time: 8.3s | Prob: A train travels at 43 km/h for... | Ans: 62.11
RL Step 4423 | Loss: 0.0001 | Avg Reward: -0.10 | Time: 8.3s | Prob: A train travels at 51 km/h for... | Ans: 58.43
RL Step 4424 | Loss: -0.0117 | Avg Reward: 0.17 | Time: 8.3s | Prob: A train travels at 59 km/h for... | Ans: 63.33
RL Step 4425 | Loss: 0.0001 | Avg Reward: -0.10 | Time: 8.4s | Prob: A train travels at 64 km/h for... | Ans: 84.62
RL Step 4426 | Loss: 0.0000 | Avg Reward: -0.10 | Time: 8.3s | Prob: A train travels at 65 km/h for... | Ans: 66.88
RL Step 4427 | Loss: 0.0000 | Avg Reward: -0.10 | Time: 8.3s | Prob: A train travels at 51 km/h for... | Ans: 62.43
RL Step 4428 | Loss: 0.0001 | Avg Reward: -0.10 | Time: 8.3s | Prob: A train travels at 74 km/h for... | Ans: 78.0
RL Step 4429 | Loss: 0.0001 | Avg Reward: -0.10 | Time: 8.2s | Prob: A train travels at 51 km/h for... | Ans: 57.0
RL Step 4430 | Loss: 0.0001 | Avg Reward: -0.10 | Time: 8.3s | Prob: A train travels at 66 km/h for... | Ans: 76.0
RL Step 4431 | Loss: 0.0001 | Avg Reward: -0.10 | Time: 8.2s | Prob: A train travels at 49 km/h for... | Ans: 62.71
RL Step 4432 | Loss: 0.0001 | Avg Reward: -0.10 | Time: 8.3s | Prob: A train travels at 58 km/h for... | Ans: 76.0
RL Step 4433 | Loss: 0.0000 | Avg Reward: -0.10 | Time: 8.4s | Prob: A train travels at 78 km/h for... | Ans: 83.43
RL Step 4434 | Loss: 0.0001 | Avg Reward: -0.10 | Time: 8.2s | Prob: A train travels at 41 km/h for... | Ans: 49.0
RL Step 4435 | Loss: 0.0001 | Avg Reward: -0.10 | Time: 8.3s | Prob: A train travels at 74 km/h for... | Ans: 77.0
RL Step 4436 | Loss: 0.0001 | Avg Reward: -0.10 | Time: 8.3s | Prob: A train travels at 74 km/h for... | Ans: 76.0
RL Step 4437 | Loss: -0.0000 | Avg Reward: -0.10 | Time: 8.2s | Prob: A train travels at 47 km/h for... | Ans: 58.0
RL Step 4438 | Loss: 0.0000 | Avg Reward: -0.10 | Time: 8.2s | Prob: A train travels at 75 km/h for... | Ans: 74.0
RL Step 4439 | Loss: 0.0000 | Avg Reward: -0.10 | Time: 8.2s | Prob: A train travels at 50 km/h for... | Ans: 71.5
RL Step 4440 | Loss: 0.0000 | Avg Reward: -0.10 | Time: 8.2s | Prob: A train travels at 58 km/h for... | Ans: 69.5
RL Step 4441 | Loss: 0.0001 | Avg Reward: -0.10 | Time: 8.4s | Prob: A train travels at 61 km/h for... | Ans: 69.0
RL Step 4442 | Loss: 0.0002 | Avg Reward: -0.10 | Time: 8.4s | Prob: A train travels at 75 km/h for... | Ans: 77.67
RL Step 4443 | Loss: 0.0000 | Avg Reward: -0.10 | Time: 8.4s | Prob: A train travels at 52 km/h for... | Ans: 64.0
RL Step 4444 | Loss: 0.0001 | Avg Reward: -0.10 | Time: 8.2s | Prob: A train travels at 54 km/h for... | Ans: 58.2
RL Step 4445 | Loss: 0.0000 | Avg Reward: -0.10 | Time: 8.2s | Prob: A train travels at 50 km/h for... | Ans: 60.0
RL Step 4446 | Loss: 0.0001 | Avg Reward: -0.10 | Time: 8.4s | Prob: A train travels at 57 km/h for... | Ans: 72.56
RL Step 4447 | Loss: 0.0000 | Avg Reward: -0.10 | Time: 8.3s | Prob: A train travels at 46 km/h for... | Ans: 52.38
RL Step 4448 | Loss: 0.0000 | Avg Reward: -0.10 | Time: 8.3s | Prob: A train travels at 47 km/h for... | Ans: 51.33
RL Step 4449 | Loss: 0.0001 | Avg Reward: -0.10 | Time: 8.3s | Prob: A train travels at 66 km/h for... | Ans: 64.29
RL Step 4450 | Loss: 0.0001 | Avg Reward: -0.10 | Time: 8.3s | Prob: A train travels at 53 km/h for... | Ans: 68.43
RL Step 4451 | Loss: 0.0000 | Avg Reward: -0.10 | Time: 8.3s | Prob: A train travels at 46 km/h for... | Ans: 53.71
RL Step 4452 | Loss: 0.0000 | Avg Reward: -0.10 | Time: 8.2s | Prob: A train travels at 75 km/h for... | Ans: 69.5
RL Step 4453 | Loss: 0.0000 | Avg Reward: -0.10 | Time: 8.3s | Prob: A train travels at 65 km/h for... | Ans: 67.33
RL Step 4454 | Loss: 0.0001 | Avg Reward: -0.10 | Time: 8.3s | Prob: A train travels at 72 km/h for... | Ans: 77.33
RL Step 4455 | Loss: -0.0000 | Avg Reward: -0.10 | Time: 8.3s | Prob: A train travels at 40 km/h for... | Ans: 59.5
RL Step 4456 | Loss: 0.0001 | Avg Reward: -0.10 | Time: 8.2s | Prob: A train travels at 76 km/h for... | Ans: 90.4
RL Step 4457 | Loss: 0.0001 | Avg Reward: -0.10 | Time: 8.4s | Prob: A train travels at 54 km/h for... | Ans: 76.78
RL Step 4458 | Loss: 0.0001 | Avg Reward: -0.10 | Time: 8.2s | Prob: A train travels at 59 km/h for... | Ans: 63.8
RL Step 4459 | Loss: 0.0002 | Avg Reward: -0.10 | Time: 8.1s | Prob: A train travels at 45 km/h for... | Ans: 66.0
RL Step 4460 | Loss: 0.0001 | Avg Reward: -0.10 | Time: 8.4s | Prob: A train travels at 48 km/h for... | Ans: 59.14
RL Step 4461 | Loss: 0.0000 | Avg Reward: -0.10 | Time: 8.2s | Prob: A train travels at 47 km/h for... | Ans: 54.0
RL Step 4462 | Loss: 0.0001 | Avg Reward: -0.10 | Time: 8.2s | Prob: A train travels at 59 km/h for... | Ans: 66.0
RL Step 4463 | Loss: 0.0000 | Avg Reward: -0.10 | Time: 8.3s | Prob: A train travels at 59 km/h for... | Ans: 68.14
RL Step 4464 | Loss: 0.0002 | Avg Reward: -0.10 | Time: 8.4s | Prob: A train travels at 49 km/h for... | Ans: 58.14
RL Step 4465 | Loss: 0.0001 | Avg Reward: -0.10 | Time: 8.3s | Prob: A train travels at 73 km/h for... | Ans: 79.43
RL Step 4466 | Loss: 0.0000 | Avg Reward: -0.10 | Time: 8.4s | Prob: A train travels at 75 km/h for... | Ans: 74.44
RL Step 4467 | Loss: 0.0001 | Avg Reward: -0.10 | Time: 8.2s | Prob: A train travels at 78 km/h for... | Ans: 87.0
RL Step 4468 | Loss: 0.0002 | Avg Reward: -0.10 | Time: 8.4s | Prob: A train travels at 59 km/h for... | Ans: 77.75
RL Step 4469 | Loss: 0.0002 | Avg Reward: -0.10 | Time: 8.3s | Prob: A train travels at 44 km/h for... | Ans: 62.43
RL Step 4470 | Loss: -0.0000 | Avg Reward: -0.10 | Time: 8.3s | Prob: A train travels at 75 km/h for... | Ans: 69.5
RL Step 4471 | Loss: 0.0000 | Avg Reward: -0.10 | Time: 8.2s | Prob: A train travels at 68 km/h for... | Ans: 65.0
RL Step 4472 | Loss: 0.0001 | Avg Reward: -0.10 | Time: 8.3s | Prob: A train travels at 49 km/h for... | Ans: 57.57
RL Step 4473 | Loss: 0.0001 | Avg Reward: -0.10 | Time: 8.3s | Prob: A train travels at 41 km/h for... | Ans: 60.67
RL Step 4474 | Loss: 0.0000 | Avg Reward: -0.10 | Time: 8.3s | Prob: A train travels at 74 km/h for... | Ans: 79.0
RL Step 4475 | Loss: 0.0001 | Avg Reward: -0.10 | Time: 8.4s | Prob: A train travels at 50 km/h for... | Ans: 62.75
RL Step 4476 | Loss: 0.0001 | Avg Reward: -0.10 | Time: 8.3s | Prob: A train travels at 55 km/h for... | Ans: 71.71
RL Step 4477 | Loss: 0.0002 | Avg Reward: -0.10 | Time: 8.4s | Prob: A train travels at 74 km/h for... | Ans: 77.33
RL Step 4478 | Loss: 0.0003 | Avg Reward: -0.10 | Time: 8.4s | Prob: A train travels at 63 km/h for... | Ans: 75.89
RL Step 4479 | Loss: 0.0001 | Avg Reward: -0.10 | Time: 8.4s | Prob: A train travels at 80 km/h for... | Ans: 86.29
RL Step 4480 | Loss: 0.0001 | Avg Reward: -0.10 | Time: 8.3s | Prob: A train travels at 72 km/h for... | Ans: 68.57
RL Step 4481 | Loss: 0.0000 | Avg Reward: -0.10 | Time: 8.4s | Prob: A train travels at 43 km/h for... | Ans: 77.29
RL Step 4482 | Loss: 0.0001 | Avg Reward: -0.10 | Time: 8.3s | Prob: A train travels at 71 km/h for... | Ans: 78.56
RL Step 4483 | Loss: 0.0001 | Avg Reward: -0.10 | Time: 8.3s | Prob: A train travels at 42 km/h for... | Ans: 51.78
RL Step 4484 | Loss: 0.0001 | Avg Reward: -0.10 | Time: 8.3s | Prob: A train travels at 64 km/h for... | Ans: 62.86
RL Step 4485 | Loss: 0.0002 | Avg Reward: -0.10 | Time: 8.3s | Prob: A train travels at 47 km/h for... | Ans: 57.29
RL Step 4486 | Loss: 0.0001 | Avg Reward: -0.10 | Time: 8.4s | Prob: A train travels at 75 km/h for... | Ans: 73.75
RL Step 4487 | Loss: -0.0000 | Avg Reward: -0.10 | Time: 8.3s | Prob: A train travels at 70 km/h for... | Ans: 81.25
RL Step 4488 | Loss: 0.0002 | Avg Reward: -0.10 | Time: 8.3s | Prob: A train travels at 63 km/h for... | Ans: 70.78
RL Step 4489 | Loss: 0.0002 | Avg Reward: -0.10 | Time: 8.2s | Prob: A train travels at 59 km/h for... | Ans: 74.0
RL Step 4490 | Loss: 0.0002 | Avg Reward: -0.10 | Time: 8.2s | Prob: A train travels at 45 km/h for... | Ans: 76.8
RL Step 4491 | Loss: 0.0000 | Avg Reward: -0.10 | Time: 8.4s | Prob: A train travels at 49 km/h for... | Ans: 71.86
RL Step 4492 | Loss: -0.0000 | Avg Reward: -0.10 | Time: 8.2s | Prob: A train travels at 67 km/h for... | Ans: 88.33
RL Step 4493 | Loss: 0.0001 | Avg Reward: -0.10 | Time: 8.2s | Prob: A train travels at 51 km/h for... | Ans: 72.5
RL Step 4494 | Loss: 0.0001 | Avg Reward: -0.10 | Time: 8.4s | Prob: A train travels at 74 km/h for... | Ans: 71.67
RL Step 4495 | Loss: 0.0000 | Avg Reward: -0.10 | Time: 8.4s | Prob: A train travels at 41 km/h for... | Ans: 58.33
RL Step 4496 | Loss: 0.0000 | Avg Reward: -0.10 | Time: 8.2s | Prob: A train travels at 77 km/h for... | Ans: 84.5
RL Step 4497 | Loss: 0.0001 | Avg Reward: -0.10 | Time: 8.4s | Prob: A train travels at 64 km/h for... | Ans: 71.86
RL Step 4498 | Loss: 0.0001 | Avg Reward: -0.10 | Time: 8.4s | Prob: A train travels at 76 km/h for... | Ans: 86.0
RL Step 4499 | Loss: -0.0098 | Avg Reward: 0.17 | Time: 8.4s | Prob: A train travels at 70 km/h for... | Ans: 75.14
RL Step 4500 | Loss: 0.0000 | Avg Reward: -0.10 | Time: 8.3s | Prob: A train travels at 54 km/h for... | Ans: 62.0
RL Step 4501 | Loss: 0.0000 | Avg Reward: -0.10 | Time: 8.3s | Prob: A train travels at 53 km/h for... | Ans: 64.67
RL Step 4502 | Loss: 0.0002 | Avg Reward: -0.10 | Time: 8.1s | Prob: A train travels at 49 km/h for... | Ans: 65.0
RL Step 4503 | Loss: 0.0001 | Avg Reward: -0.10 | Time: 8.2s | Prob: A train travels at 76 km/h for... | Ans: 85.0
RL Step 4504 | Loss: 0.0001 | Avg Reward: -0.10 | Time: 8.4s | Prob: A train travels at 55 km/h for... | Ans: 57.67
RL Step 4505 | Loss: 0.0001 | Avg Reward: -0.10 | Time: 8.2s | Prob: A train travels at 74 km/h for... | Ans: 79.2
RL Step 4506 | Loss: 0.0000 | Avg Reward: -0.10 | Time: 8.4s | Prob: A train travels at 41 km/h for... | Ans: 73.5
RL Step 4507 | Loss: -0.0117 | Avg Reward: 0.17 | Time: 8.2s | Prob: A train travels at 64 km/h for... | Ans: 62.0
RL Step 4508 | Loss: 0.0002 | Avg Reward: -0.10 | Time: 8.4s | Prob: A train travels at 59 km/h for... | Ans: 69.29
RL Step 4509 | Loss: 0.0001 | Avg Reward: -0.10 | Time: 8.4s | Prob: A train travels at 53 km/h for... | Ans: 65.5
RL Step 4510 | Loss: 0.0001 | Avg Reward: -0.10 | Time: 8.4s | Prob: A train travels at 55 km/h for... | Ans: 70.0
RL Step 4511 | Loss: 0.0001 | Avg Reward: -0.10 | Time: 8.2s | Prob: A train travels at 46 km/h for... | Ans: 68.5
RL Step 4512 | Loss: 0.0195 | Avg Reward: 0.17 | Time: 8.2s | Prob: A train travels at 70 km/h for... | Ans: 83.5
RL Step 4513 | Loss: 0.0000 | Avg Reward: -0.10 | Time: 8.4s | Prob: A train travels at 80 km/h for... | Ans: 81.67
RL Step 4514 | Loss: 0.0000 | Avg Reward: -0.10 | Time: 8.1s | Prob: A train travels at 79 km/h for... | Ans: 77.8
RL Step 4515 | Loss: -0.0000 | Avg Reward: -0.10 | Time: 8.4s | Prob: A train travels at 61 km/h for... | Ans: 74.89
RL Step 4516 | Loss: 0.0000 | Avg Reward: -0.10 | Time: 8.3s | Prob: A train travels at 62 km/h for... | Ans: 63.71
RL Step 4517 | Loss: 0.0001 | Avg Reward: -0.10 | Time: 8.4s | Prob: A train travels at 57 km/h for... | Ans: 64.14
RL Step 4518 | Loss: 0.0002 | Avg Reward: -0.10 | Time: 8.4s | Prob: A train travels at 49 km/h for... | Ans: 63.14
RL Step 4519 | Loss: 0.0000 | Avg Reward: -0.10 | Time: 8.3s | Prob: A train travels at 76 km/h for... | Ans: 77.67
RL Step 4520 | Loss: 0.0001 | Avg Reward: -0.10 | Time: 8.4s | Prob: A train travels at 63 km/h for... | Ans: 73.0
RL Step 4521 | Loss: 0.0001 | Avg Reward: -0.10 | Time: 8.2s | Prob: A train travels at 44 km/h for... | Ans: 75.8
RL Step 4522 | Loss: 0.0001 | Avg Reward: -0.10 | Time: 8.4s | Prob: A train travels at 74 km/h for... | Ans: 86.22
RL Step 4523 | Loss: 0.0000 | Avg Reward: -0.10 | Time: 8.2s | Prob: A train travels at 73 km/h for... | Ans: 75.5
RL Step 4524 | Loss: 0.0117 | Avg Reward: 0.17 | Time: 8.2s | Prob: A train travels at 58 km/h for... | Ans: 74.5
RL Step 4525 | Loss: 0.0000 | Avg Reward: -0.10 | Time: 8.2s | Prob: A train travels at 46 km/h for... | Ans: 53.5
RL Step 4526 | Loss: 0.0001 | Avg Reward: -0.10 | Time: 8.3s | Prob: A train travels at 53 km/h for... | Ans: 69.88
RL Step 4527 | Loss: 0.0001 | Avg Reward: -0.10 | Time: 8.3s | Prob: A train travels at 64 km/h for... | Ans: 79.0
RL Step 4528 | Loss: 0.0117 | Avg Reward: 0.17 | Time: 8.2s | Prob: A train travels at 71 km/h for... | Ans: 74.0
RL Step 4529 | Loss: 0.0001 | Avg Reward: -0.10 | Time: 8.2s | Prob: A train travels at 50 km/h for... | Ans: 67.5
RL Step 4530 | Loss: 0.0000 | Avg Reward: -0.10 | Time: 8.3s | Prob: A train travels at 72 km/h for... | Ans: 69.71
RL Step 4531 | Loss: 0.0001 | Avg Reward: -0.10 | Time: 8.4s | Prob: A train travels at 52 km/h for... | Ans: 69.78
RL Step 4532 | Loss: 0.0001 | Avg Reward: -0.10 | Time: 8.4s | Prob: A train travels at 74 km/h for... | Ans: 82.33
RL Step 4533 | Loss: 0.0001 | Avg Reward: -0.10 | Time: 8.2s | Prob: A train travels at 49 km/h for... | Ans: 64.0
RL Step 4534 | Loss: 0.0001 | Avg Reward: -0.10 | Time: 8.4s | Prob: A train travels at 71 km/h for... | Ans: 74.43
RL Step 4535 | Loss: 0.0001 | Avg Reward: -0.10 | Time: 8.4s | Prob: A train travels at 47 km/h for... | Ans: 75.89
RL Step 4536 | Loss: 0.0001 | Avg Reward: -0.10 | Time: 8.1s | Prob: A train travels at 77 km/h for... | Ans: 72.2
RL Step 4537 | Loss: 0.0000 | Avg Reward: -0.10 | Time: 8.3s | Prob: A train travels at 67 km/h for... | Ans: 79.86
RL Step 4538 | Loss: 0.0002 | Avg Reward: -0.10 | Time: 8.2s | Prob: A train travels at 68 km/h for... | Ans: 64.0
RL Step 4539 | Loss: 0.0002 | Avg Reward: -0.10 | Time: 8.4s | Prob: A train travels at 56 km/h for... | Ans: 71.71
RL Step 4540 | Loss: 0.0001 | Avg Reward: -0.10 | Time: 8.3s | Prob: A train travels at 43 km/h for... | Ans: 64.14
RL Step 4541 | Loss: 0.0000 | Avg Reward: -0.10 | Time: 8.2s | Prob: A train travels at 41 km/h for... | Ans: 51.0
RL Step 4542 | Loss: 0.0002 | Avg Reward: -0.10 | Time: 8.4s | Prob: A train travels at 58 km/h for... | Ans: 66.57
RL Step 4543 | Loss: 0.0000 | Avg Reward: -0.10 | Time: 8.4s | Prob: A train travels at 80 km/h for... | Ans: 84.29
RL Step 4544 | Loss: 0.0001 | Avg Reward: -0.10 | Time: 8.3s | Prob: A train travels at 71 km/h for... | Ans: 74.0
RL Step 4545 | Loss: 0.0000 | Avg Reward: -0.10 | Time: 8.3s | Prob: A train travels at 41 km/h for... | Ans: 48.88
RL Step 4546 | Loss: 0.0001 | Avg Reward: -0.10 | Time: 8.4s | Prob: A train travels at 45 km/h for... | Ans: 68.43
RL Step 4547 | Loss: 0.0001 | Avg Reward: -0.10 | Time: 8.3s | Prob: A train travels at 64 km/h for... | Ans: 66.5
RL Step 4548 | Loss: 0.0002 | Avg Reward: -0.10 | Time: 8.2s | Prob: A train travels at 60 km/h for... | Ans: 74.5
RL Step 4549 | Loss: -0.0000 | Avg Reward: -0.10 | Time: 8.3s | Prob: A train travels at 71 km/h for... | Ans: 64.12
RL Step 4550 | Loss: 0.0001 | Avg Reward: -0.10 | Time: 8.4s | Prob: A train travels at 50 km/h for... | Ans: 57.11
RL Step 4551 | Loss: 0.0001 | Avg Reward: -0.10 | Time: 8.3s | Prob: A train travels at 64 km/h for... | Ans: 75.11
RL Step 4552 | Loss: 0.0001 | Avg Reward: -0.10 | Time: 8.4s | Prob: A train travels at 51 km/h for... | Ans: 59.62
RL Step 4553 | Loss: 0.0002 | Avg Reward: -0.10 | Time: 8.4s | Prob: A train travels at 73 km/h for... | Ans: 74.43
RL Step 4554 | Loss: 0.0003 | Avg Reward: -0.10 | Time: 8.3s | Prob: A train travels at 62 km/h for... | Ans: 68.33
RL Step 4555 | Loss: 0.0001 | Avg Reward: -0.10 | Time: 8.2s | Prob: A train travels at 70 km/h for... | Ans: 74.8
RL Step 4556 | Loss: 0.0002 | Avg Reward: -0.10 | Time: 8.3s | Prob: A train travels at 73 km/h for... | Ans: 72.43
RL Step 4557 | Loss: 0.0001 | Avg Reward: -0.10 | Time: 8.2s | Prob: A train travels at 63 km/h for... | Ans: 67.5
RL Step 4558 | Loss: 0.0000 | Avg Reward: -0.10 | Time: 8.4s | Prob: A train travels at 52 km/h for... | Ans: 63.25
RL Step 4559 | Loss: 0.0002 | Avg Reward: -0.10 | Time: 8.4s | Prob: A train travels at 67 km/h for... | Ans: 73.67
RL Step 4560 | Loss: 0.0002 | Avg Reward: -0.10 | Time: 8.2s | Prob: A train travels at 75 km/h for... | Ans: 72.6
RL Step 4561 | Loss: 0.0000 | Avg Reward: -0.10 | Time: 8.2s | Prob: A train travels at 72 km/h for... | Ans: 71.5
RL Step 4562 | Loss: 0.0001 | Avg Reward: -0.10 | Time: 8.4s | Prob: A train travels at 71 km/h for... | Ans: 67.11
RL Step 4563 | Loss: 0.0001 | Avg Reward: -0.10 | Time: 8.4s | Prob: A train travels at 63 km/h for... | Ans: 65.57
RL Step 4564 | Loss: 0.0001 | Avg Reward: -0.10 | Time: 8.2s | Prob: A train travels at 75 km/h for... | Ans: 80.0
RL Step 4565 | Loss: 0.0000 | Avg Reward: -0.10 | Time: 8.2s | Prob: A train travels at 58 km/h for... | Ans: 73.6
RL Step 4566 | Loss: 0.0000 | Avg Reward: -0.10 | Time: 8.3s | Prob: A train travels at 58 km/h for... | Ans: 76.5
RL Step 4567 | Loss: 0.0001 | Avg Reward: -0.10 | Time: 8.2s | Prob: A train travels at 64 km/h for... | Ans: 73.0
RL Step 4568 | Loss: 0.0000 | Avg Reward: -0.10 | Time: 8.2s | Prob: A train travels at 45 km/h for... | Ans: 54.0
RL Step 4569 | Loss: 0.0000 | Avg Reward: -0.10 | Time: 8.3s | Prob: A train travels at 65 km/h for... | Ans: 81.67
RL Step 4570 | Loss: 0.0000 | Avg Reward: -0.10 | Time: 8.3s | Prob: A train travels at 72 km/h for... | Ans: 86.38
RL Step 4571 | Loss: 0.0001 | Avg Reward: -0.10 | Time: 8.4s | Prob: A train travels at 57 km/h for... | Ans: 63.25
RL Step 4572 | Loss: 0.0001 | Avg Reward: -0.10 | Time: 8.2s | Prob: A train travels at 45 km/h for... | Ans: 64.0
RL Step 4573 | Loss: -0.0039 | Avg Reward: 0.17 | Time: 8.3s | Prob: A train travels at 52 km/h for... | Ans: 69.57
RL Step 4574 | Loss: -0.0000 | Avg Reward: -0.10 | Time: 8.2s | Prob: A train travels at 44 km/h for... | Ans: 71.6
RL Step 4575 | Loss: 0.0000 | Avg Reward: -0.10 | Time: 8.4s | Prob: A train travels at 71 km/h for... | Ans: 85.44
RL Step 4576 | Loss: 0.0001 | Avg Reward: -0.10 | Time: 8.3s | Prob: A train travels at 74 km/h for... | Ans: 71.33
RL Step 4577 | Loss: 0.0001 | Avg Reward: -0.10 | Time: 8.3s | Prob: A train travels at 75 km/h for... | Ans: 80.33
RL Step 4578 | Loss: 0.0000 | Avg Reward: -0.10 | Time: 8.2s | Prob: A train travels at 54 km/h for... | Ans: 58.0
RL Step 4579 | Loss: 0.0001 | Avg Reward: -0.10 | Time: 8.3s | Prob: A train travels at 53 km/h for... | Ans: 67.0
RL Step 4580 | Loss: 0.0000 | Avg Reward: -0.10 | Time: 8.4s | Prob: A train travels at 67 km/h for... | Ans: 70.0
RL Step 4581 | Loss: -0.0039 | Avg Reward: 0.17 | Time: 8.2s | Prob: A train travels at 71 km/h for... | Ans: 81.5
RL Step 4582 | Loss: 0.0001 | Avg Reward: -0.10 | Time: 8.3s | Prob: A train travels at 62 km/h for... | Ans: 65.33
RL Step 4583 | Loss: 0.0001 | Avg Reward: -0.10 | Time: 8.4s | Prob: A train travels at 51 km/h for... | Ans: 81.0
RL Step 4584 | Loss: 0.0003 | Avg Reward: -0.10 | Time: 8.3s | Prob: A train travels at 44 km/h for... | Ans: 58.5
RL Step 4585 | Loss: 0.0001 | Avg Reward: -0.10 | Time: 8.2s | Prob: A train travels at 75 km/h for... | Ans: 81.0
RL Step 4586 | Loss: 0.0001 | Avg Reward: -0.10 | Time: 8.4s | Prob: A train travels at 54 km/h for... | Ans: 60.67
RL Step 4587 | Loss: 0.0001 | Avg Reward: -0.10 | Time: 8.2s | Prob: A train travels at 63 km/h for... | Ans: 63.0
RL Step 4588 | Loss: 0.0001 | Avg Reward: -0.10 | Time: 8.4s | Prob: A train travels at 51 km/h for... | Ans: 59.29
RL Step 4589 | Loss: 0.0002 | Avg Reward: -0.10 | Time: 8.1s | Prob: A train travels at 43 km/h for... | Ans: 69.4
RL Step 4590 | Loss: 0.0001 | Avg Reward: -0.10 | Time: 8.3s | Prob: A train travels at 80 km/h for... | Ans: 68.89
RL Step 4591 | Loss: 0.0001 | Avg Reward: -0.10 | Time: 8.4s | Prob: A train travels at 73 km/h for... | Ans: 71.86
RL Step 4592 | Loss: 0.0001 | Avg Reward: -0.10 | Time: 8.3s | Prob: A train travels at 46 km/h for... | Ans: 63.5
RL Step 4593 | Loss: 0.0000 | Avg Reward: -0.10 | Time: 8.3s | Prob: A train travels at 48 km/h for... | Ans: 74.88
RL Step 4594 | Loss: 0.0000 | Avg Reward: -0.10 | Time: 8.3s | Prob: A train travels at 49 km/h for... | Ans: 73.0
RL Step 4595 | Loss: 0.0001 | Avg Reward: -0.10 | Time: 8.4s | Prob: A train travels at 55 km/h for... | Ans: 59.0
RL Step 4596 | Loss: 0.0002 | Avg Reward: -0.10 | Time: 8.4s | Prob: A train travels at 68 km/h for... | Ans: 73.43
RL Step 4597 | Loss: 0.0117 | Avg Reward: 0.17 | Time: 8.4s | Prob: A train travels at 56 km/h for... | Ans: 63.12
RL Step 4598 | Loss: 0.0000 | Avg Reward: -0.10 | Time: 8.4s | Prob: A train travels at 57 km/h for... | Ans: 71.0
RL Step 4599 | Loss: 0.0001 | Avg Reward: -0.10 | Time: 8.2s | Prob: A train travels at 45 km/h for... | Ans: 78.0
RL Step 4600 | Loss: 0.0001 | Avg Reward: -0.10 | Time: 8.3s | Prob: A train travels at 80 km/h for... | Ans: 84.29
Saving RL Checkpoint at step 4600...
RL Step 4601 | Loss: 0.0000 | Avg Reward: -0.10 | Time: 8.2s | Prob: A train travels at 72 km/h for... | Ans: 74.5
RL Step 4602 | Loss: 0.0001 | Avg Reward: -0.10 | Time: 8.2s | Prob: A train travels at 50 km/h for... | Ans: 62.5
RL Step 4603 | Loss: 0.0001 | Avg Reward: -0.10 | Time: 8.4s | Prob: A train travels at 59 km/h for... | Ans: 77.89
RL Step 4604 | Loss: 0.0001 | Avg Reward: -0.10 | Time: 8.4s | Prob: A train travels at 44 km/h for... | Ans: 56.14
RL Step 4605 | Loss: 0.0000 | Avg Reward: -0.10 | Time: 8.2s | Prob: A train travels at 49 km/h for... | Ans: 67.0
RL Step 4606 | Loss: 0.0001 | Avg Reward: -0.10 | Time: 8.3s | Prob: A train travels at 71 km/h for... | Ans: 69.57
RL Step 4607 | Loss: 0.0000 | Avg Reward: -0.10 | Time: 8.2s | Prob: A train travels at 73 km/h for... | Ans: 67.5
RL Step 4608 | Loss: 0.0000 | Avg Reward: 0.17 | Time: 8.4s | Prob: A train travels at 67 km/h for... | Ans: 81.44
RL Step 4609 | Loss: 0.0000 | Avg Reward: -0.10 | Time: 8.3s | Prob: A train travels at 78 km/h for... | Ans: 81.0
RL Step 4610 | Loss: 0.0000 | Avg Reward: -0.10 | Time: 8.3s | Prob: A train travels at 48 km/h for... | Ans: 71.11
RL Step 4611 | Loss: 0.0001 | Avg Reward: -0.10 | Time: 8.4s | Prob: A train travels at 65 km/h for... | Ans: 80.56
RL Step 4612 | Loss: 0.0001 | Avg Reward: -0.10 | Time: 8.3s | Prob: A train travels at 55 km/h for... | Ans: 63.0
RL Step 4613 | Loss: -0.0000 | Avg Reward: -0.10 | Time: 8.4s | Prob: A train travels at 77 km/h for... | Ans: 85.44
RL Step 4614 | Loss: 0.0002 | Avg Reward: -0.10 | Time: 8.3s | Prob: A train travels at 61 km/h for... | Ans: 71.67
RL Step 4615 | Loss: 0.0000 | Avg Reward: -0.10 | Time: 8.3s | Prob: A train travels at 58 km/h for... | Ans: 64.88
RL Step 4616 | Loss: 0.0000 | Avg Reward: -0.10 | Time: 8.4s | Prob: A train travels at 58 km/h for... | Ans: 62.5
RL Step 4617 | Loss: 0.0001 | Avg Reward: -0.10 | Time: 8.4s | Prob: A train travels at 58 km/h for... | Ans: 67.0
RL Step 4618 | Loss: 0.0001 | Avg Reward: -0.10 | Time: 8.4s | Prob: A train travels at 64 km/h for... | Ans: 82.75
RL Step 4619 | Loss: 0.0000 | Avg Reward: -0.10 | Time: 8.4s | Prob: A train travels at 61 km/h for... | Ans: 75.67
RL Step 4620 | Loss: 0.0001 | Avg Reward: -0.10 | Time: 8.3s | Prob: A train travels at 49 km/h for... | Ans: 71.29
RL Step 4621 | Loss: 0.0001 | Avg Reward: -0.10 | Time: 8.4s | Prob: A train travels at 41 km/h for... | Ans: 64.14
RL Step 4622 | Loss: 0.0001 | Avg Reward: -0.10 | Time: 8.4s | Prob: A train travels at 76 km/h for... | Ans: 82.86
RL Step 4623 | Loss: 0.0002 | Avg Reward: -0.10 | Time: 8.3s | Prob: A train travels at 69 km/h for... | Ans: 63.29
RL Step 4624 | Loss: 0.0001 | Avg Reward: -0.10 | Time: 8.2s | Prob: A train travels at 75 km/h for... | Ans: 73.0
RL Step 4625 | Loss: 0.0000 | Avg Reward: -0.10 | Time: 8.3s | Prob: A train travels at 80 km/h for... | Ans: 82.33
RL Step 4626 | Loss: 0.0001 | Avg Reward: -0.10 | Time: 8.4s | Prob: A train travels at 58 km/h for... | Ans: 65.86
RL Step 4627 | Loss: 0.0001 | Avg Reward: -0.10 | Time: 8.3s | Prob: A train travels at 48 km/h for... | Ans: 62.14
RL Step 4628 | Loss: -0.0000 | Avg Reward: -0.10 | Time: 8.2s | Prob: A train travels at 55 km/h for... | Ans: 62.0
RL Step 4629 | Loss: 0.0195 | Avg Reward: 0.17 | Time: 8.2s | Prob: A train travels at 52 km/h for... | Ans: 67.6
RL Step 4630 | Loss: 0.0001 | Avg Reward: -0.10 | Time: 8.2s | Prob: A train travels at 49 km/h for... | Ans: 66.0
RL Step 4631 | Loss: 0.0001 | Avg Reward: -0.10 | Time: 8.2s | Prob: A train travels at 73 km/h for... | Ans: 80.2
RL Step 4632 | Loss: 0.0001 | Avg Reward: -0.10 | Time: 8.4s | Prob: A train travels at 80 km/h for... | Ans: 82.86
RL Step 4633 | Loss: 0.0000 | Avg Reward: -0.10 | Time: 8.3s | Prob: A train travels at 80 km/h for... | Ans: 86.0
RL Step 4634 | Loss: 0.0003 | Avg Reward: -0.10 | Time: 8.3s | Prob: A train travels at 41 km/h for... | Ans: 67.0
RL Step 4635 | Loss: 0.0001 | Avg Reward: -0.10 | Time: 8.2s | Prob: A train travels at 52 km/h for... | Ans: 70.4
RL Step 4636 | Loss: 0.0001 | Avg Reward: -0.10 | Time: 8.4s | Prob: A train travels at 79 km/h for... | Ans: 86.5
RL Step 4637 | Loss: 0.0001 | Avg Reward: -0.10 | Time: 8.2s | Prob: A train travels at 60 km/h for... | Ans: 66.0
RL Step 4638 | Loss: 0.0078 | Avg Reward: 0.45 | Time: 8.3s | Prob: A train travels at 80 km/h for... | Ans: 82.5
RL Step 4639 | Loss: 0.0002 | Avg Reward: -0.10 | Time: 8.3s | Prob: A train travels at 53 km/h for... | Ans: 62.38
RL Step 4640 | Loss: -0.0001 | Avg Reward: -0.10 | Time: 8.2s | Prob: A train travels at 43 km/h for... | Ans: 66.0
RL Step 4641 | Loss: 0.0001 | Avg Reward: -0.10 | Time: 8.3s | Prob: A train travels at 77 km/h for... | Ans: 88.0
RL Step 4642 | Loss: 0.0000 | Avg Reward: -0.10 | Time: 8.3s | Prob: A train travels at 78 km/h for... | Ans: 87.5
RL Step 4643 | Loss: 0.0001 | Avg Reward: -0.10 | Time: 8.2s | Prob: A train travels at 60 km/h for... | Ans: 64.8
RL Step 4644 | Loss: -0.0000 | Avg Reward: -0.10 | Time: 8.2s | Prob: A train travels at 76 km/h for... | Ans: 79.6
RL Step 4645 | Loss: 0.0001 | Avg Reward: -0.10 | Time: 8.2s | Prob: A train travels at 67 km/h for... | Ans: 79.0
RL Step 4646 | Loss: 0.0001 | Avg Reward: -0.10 | Time: 8.3s | Prob: A train travels at 55 km/h for... | Ans: 77.0
RL Step 4647 | Loss: 0.0003 | Avg Reward: -0.10 | Time: 8.3s | Prob: A train travels at 46 km/h for... | Ans: 67.86
RL Step 4648 | Loss: 0.0001 | Avg Reward: -0.10 | Time: 8.2s | Prob: A train travels at 76 km/h for... | Ans: 77.6
RL Step 4649 | Loss: 0.0001 | Avg Reward: -0.10 | Time: 8.3s | Prob: A train travels at 75 km/h for... | Ans: 71.67
RL Step 4650 | Loss: 0.0000 | Avg Reward: -0.10 | Time: 8.4s | Prob: A train travels at 70 km/h for... | Ans: 70.0
RL Step 4651 | Loss: 0.0001 | Avg Reward: -0.10 | Time: 8.4s | Prob: A train travels at 44 km/h for... | Ans: 63.5
RL Step 4652 | Loss: 0.0176 | Avg Reward: 0.17 | Time: 8.4s | Prob: A train travels at 53 km/h for... | Ans: 65.22
RL Step 4653 | Loss: 0.0098 | Avg Reward: 0.17 | Time: 8.3s | Prob: A train travels at 66 km/h for... | Ans: 63.5
RL Step 4654 | Loss: 0.0001 | Avg Reward: -0.10 | Time: 8.3s | Prob: A train travels at 66 km/h for... | Ans: 69.57
RL Step 4655 | Loss: 0.0312 | Avg Reward: 0.45 | Time: 8.4s | Prob: A train travels at 76 km/h for... | Ans: 82.67
RL Step 4656 | Loss: 0.0001 | Avg Reward: -0.10 | Time: 8.3s | Prob: A train travels at 56 km/h for... | Ans: 64.14
RL Step 4657 | Loss: 0.0000 | Avg Reward: -0.10 | Time: 8.3s | Prob: A train travels at 62 km/h for... | Ans: 62.0
RL Step 4658 | Loss: 0.0156 | Avg Reward: 0.17 | Time: 8.3s | Prob: A train travels at 65 km/h for... | Ans: 85.67
RL Step 4659 | Loss: 0.0001 | Avg Reward: -0.10 | Time: 8.3s | Prob: A train travels at 78 km/h for... | Ans: 87.5
RL Step 4660 | Loss: 0.0001 | Avg Reward: -0.10 | Time: 8.3s | Prob: A train travels at 76 km/h for... | Ans: 80.57
RL Step 4661 | Loss: -0.0000 | Avg Reward: -0.10 | Time: 8.3s | Prob: A train travels at 60 km/h for... | Ans: 75.5
RL Step 4662 | Loss: 0.0000 | Avg Reward: -0.10 | Time: 8.4s | Prob: A train travels at 60 km/h for... | Ans: 61.67
RL Step 4663 | Loss: 0.0001 | Avg Reward: -0.10 | Time: 8.4s | Prob: A train travels at 55 km/h for... | Ans: 58.43
RL Step 4664 | Loss: 0.0000 | Avg Reward: -0.10 | Time: 8.2s | Prob: A train travels at 53 km/h for... | Ans: 69.2
RL Step 4665 | Loss: 0.0001 | Avg Reward: -0.10 | Time: 8.3s | Prob: A train travels at 76 km/h for... | Ans: 74.86
RL Step 4666 | Loss: 0.0002 | Avg Reward: -0.10 | Time: 8.4s | Prob: A train travels at 51 km/h for... | Ans: 77.25
RL Step 4667 | Loss: 0.0001 | Avg Reward: -0.10 | Time: 8.4s | Prob: A train travels at 70 km/h for... | Ans: 86.0
RL Step 4668 | Loss: -0.0078 | Avg Reward: 0.17 | Time: 8.2s | Prob: A train travels at 41 km/h for... | Ans: 57.67
RL Step 4669 | Loss: 0.0002 | Avg Reward: -0.10 | Time: 8.4s | Prob: A train travels at 77 km/h for... | Ans: 72.14
RL Step 4670 | Loss: 0.0000 | Avg Reward: -0.10 | Time: 8.4s | Prob: A train travels at 56 km/h for... | Ans: 72.88
RL Step 4671 | Loss: 0.0001 | Avg Reward: -0.10 | Time: 8.3s | Prob: A train travels at 54 km/h for... | Ans: 63.71
RL Step 4672 | Loss: 0.0001 | Avg Reward: -0.10 | Time: 8.2s | Prob: A train travels at 49 km/h for... | Ans: 70.0
RL Step 4673 | Loss: 0.0001 | Avg Reward: -0.10 | Time: 8.4s | Prob: A train travels at 41 km/h for... | Ans: 57.29
RL Step 4674 | Loss: 0.0001 | Avg Reward: -0.10 | Time: 8.4s | Prob: A train travels at 51 km/h for... | Ans: 79.0
RL Step 4675 | Loss: 0.0001 | Avg Reward: -0.10 | Time: 8.4s | Prob: A train travels at 64 km/h for... | Ans: 74.88
RL Step 4676 | Loss: 0.0001 | Avg Reward: -0.10 | Time: 8.2s | Prob: A train travels at 70 km/h for... | Ans: 74.0
RL Step 4677 | Loss: -0.0039 | Avg Reward: 0.17 | Time: 8.3s | Prob: A train travels at 80 km/h for... | Ans: 79.0
RL Step 4678 | Loss: -0.0000 | Avg Reward: -0.10 | Time: 8.4s | Prob: A train travels at 45 km/h for... | Ans: 62.14
RL Step 4679 | Loss: 0.0001 | Avg Reward: -0.10 | Time: 8.3s | Prob: A train travels at 56 km/h for... | Ans: 63.33
RL Step 4680 | Loss: 0.0001 | Avg Reward: -0.10 | Time: 8.2s | Prob: A train travels at 56 km/h for... | Ans: 64.33
RL Step 4681 | Loss: 0.0002 | Avg Reward: -0.10 | Time: 8.4s | Prob: A train travels at 59 km/h for... | Ans: 72.14
RL Step 4682 | Loss: 0.0001 | Avg Reward: -0.10 | Time: 8.2s | Prob: A train travels at 51 km/h for... | Ans: 69.4
RL Step 4683 | Loss: 0.0001 | Avg Reward: -0.10 | Time: 8.2s | Prob: A train travels at 61 km/h for... | Ans: 82.6
RL Step 4684 | Loss: 0.0001 | Avg Reward: -0.10 | Time: 8.4s | Prob: A train travels at 71 km/h for... | Ans: 75.29
RL Step 4685 | Loss: 0.0001 | Avg Reward: -0.10 | Time: 8.3s | Prob: A train travels at 67 km/h for... | Ans: 82.56
RL Step 4686 | Loss: 0.0002 | Avg Reward: -0.10 | Time: 8.3s | Prob: A train travels at 46 km/h for... | Ans: 58.33
RL Step 4687 | Loss: 0.0001 | Avg Reward: -0.10 | Time: 8.3s | Prob: A train travels at 63 km/h for... | Ans: 67.0
RL Step 4688 | Loss: 0.0002 | Avg Reward: -0.10 | Time: 8.3s | Prob: A train travels at 51 km/h for... | Ans: 62.43
RL Step 4689 | Loss: 0.0117 | Avg Reward: 0.17 | Time: 8.2s | Prob: A train travels at 54 km/h for... | Ans: 76.2
RL Step 4690 | Loss: 0.0001 | Avg Reward: -0.10 | Time: 8.3s | Prob: A train travels at 65 km/h for... | Ans: 78.12
RL Step 4691 | Loss: 0.0002 | Avg Reward: -0.10 | Time: 8.4s | Prob: A train travels at 77 km/h for... | Ans: 81.29
RL Step 4692 | Loss: 0.0059 | Avg Reward: 0.17 | Time: 8.2s | Prob: A train travels at 70 km/h for... | Ans: 80.5
RL Step 4693 | Loss: 0.0001 | Avg Reward: -0.10 | Time: 8.4s | Prob: A train travels at 80 km/h for... | Ans: 77.86
RL Step 4694 | Loss: 0.0003 | Avg Reward: -0.10 | Time: 8.4s | Prob: A train travels at 69 km/h for... | Ans: 80.14
RL Step 4695 | Loss: 0.0117 | Avg Reward: 0.17 | Time: 8.4s | Prob: A train travels at 48 km/h for... | Ans: 64.67
RL Step 4696 | Loss: 0.0002 | Avg Reward: -0.10 | Time: 8.4s | Prob: A train travels at 51 km/h for... | Ans: 77.67
RL Step 4697 | Loss: 0.0002 | Avg Reward: -0.10 | Time: 8.3s | Prob: A train travels at 51 km/h for... | Ans: 59.57
RL Step 4698 | Loss: -0.0078 | Avg Reward: 0.17 | Time: 8.4s | Prob: A train travels at 76 km/h for... | Ans: 76.86
RL Step 4699 | Loss: 0.0001 | Avg Reward: -0.10 | Time: 8.2s | Prob: A train travels at 63 km/h for... | Ans: 67.33
RL Step 4700 | Loss: 0.0000 | Avg Reward: -0.10 | Time: 8.4s | Prob: A train travels at 42 km/h for... | Ans: 48.29
RL Step 4701 | Loss: 0.0001 | Avg Reward: -0.10 | Time: 8.2s | Prob: A train travels at 49 km/h for... | Ans: 68.2
RL Step 4702 | Loss: 0.0003 | Avg Reward: -0.10 | Time: 8.2s | Prob: A train travels at 46 km/h for... | Ans: 59.2
RL Step 4703 | Loss: 0.0001 | Avg Reward: -0.10 | Time: 8.4s | Prob: A train travels at 42 km/h for... | Ans: 77.0
RL Step 4704 | Loss: 0.0001 | Avg Reward: -0.10 | Time: 8.2s | Prob: A train travels at 59 km/h for... | Ans: 61.0
RL Step 4705 | Loss: 0.0039 | Avg Reward: 0.17 | Time: 8.2s | Prob: A train travels at 58 km/h for... | Ans: 67.5
RL Step 4706 | Loss: 0.0000 | Avg Reward: -0.10 | Time: 8.3s | Prob: A train travels at 66 km/h for... | Ans: 67.33
RL Step 4707 | Loss: 0.0001 | Avg Reward: -0.10 | Time: 8.3s | Prob: A train travels at 51 km/h for... | Ans: 63.0
RL Step 4708 | Loss: 0.0001 | Avg Reward: -0.10 | Time: 8.3s | Prob: A train travels at 59 km/h for... | Ans: 61.67
RL Step 4709 | Loss: 0.0000 | Avg Reward: -0.10 | Time: 8.4s | Prob: A train travels at 49 km/h for... | Ans: 59.5
RL Step 4710 | Loss: 0.0001 | Avg Reward: -0.10 | Time: 8.4s | Prob: A train travels at 73 km/h for... | Ans: 74.25
RL Step 4711 | Loss: 0.0001 | Avg Reward: -0.10 | Time: 8.2s | Prob: A train travels at 56 km/h for... | Ans: 69.2
RL Step 4712 | Loss: 0.0001 | Avg Reward: -0.10 | Time: 8.3s | Prob: A train travels at 53 km/h for... | Ans: 69.88
RL Step 4713 | Loss: 0.0000 | Avg Reward: -0.10 | Time: 8.4s | Prob: A train travels at 64 km/h for... | Ans: 65.67
RL Step 4714 | Loss: 0.0001 | Avg Reward: -0.10 | Time: 8.3s | Prob: A train travels at 54 km/h for... | Ans: 67.29
RL Step 4715 | Loss: 0.0002 | Avg Reward: -0.10 | Time: 8.3s | Prob: A train travels at 75 km/h for... | Ans: 77.67
RL Step 4716 | Loss: 0.0001 | Avg Reward: -0.10 | Time: 8.4s | Prob: A train travels at 77 km/h for... | Ans: 86.29
RL Step 4717 | Loss: 0.0002 | Avg Reward: -0.10 | Time: 8.4s | Prob: A train travels at 69 km/h for... | Ans: 64.33
RL Step 4718 | Loss: 0.0000 | Avg Reward: -0.10 | Time: 8.2s | Prob: A train travels at 44 km/h for... | Ans: 56.5
RL Step 4719 | Loss: 0.0002 | Avg Reward: -0.10 | Time: 8.3s | Prob: A train travels at 53 km/h for... | Ans: 68.67
RL Step 4720 | Loss: 0.0000 | Avg Reward: -0.10 | Time: 8.4s | Prob: A train travels at 54 km/h for... | Ans: 67.88
RL Step 4721 | Loss: 0.0352 | Avg Reward: 0.17 | Time: 8.2s | Prob: A train travels at 73 km/h for... | Ans: 69.5
RL Step 4722 | Loss: 0.0000 | Avg Reward: -0.10 | Time: 8.4s | Prob: A train travels at 64 km/h for... | Ans: 77.12
RL Step 4723 | Loss: 0.0001 | Avg Reward: -0.10 | Time: 8.1s | Prob: A train travels at 53 km/h for... | Ans: 55.8
RL Step 4724 | Loss: 0.0001 | Avg Reward: -0.10 | Time: 8.3s | Prob: A train travels at 60 km/h for... | Ans: 64.88
RL Step 4725 | Loss: 0.0002 | Avg Reward: -0.10 | Time: 8.3s | Prob: A train travels at 69 km/h for... | Ans: 74.67
RL Step 4726 | Loss: 0.0001 | Avg Reward: -0.10 | Time: 8.4s | Prob: A train travels at 70 km/h for... | Ans: 67.71
RL Step 4727 | Loss: 0.0000 | Avg Reward: -0.10 | Time: 8.4s | Prob: A train travels at 42 km/h for... | Ans: 48.57
RL Step 4728 | Loss: 0.0002 | Avg Reward: -0.10 | Time: 8.3s | Prob: A train travels at 57 km/h for... | Ans: 68.14
RL Step 4729 | Loss: 0.0001 | Avg Reward: -0.10 | Time: 8.2s | Prob: A train travels at 73 km/h for... | Ans: 81.4
RL Step 4730 | Loss: 0.0001 | Avg Reward: -0.10 | Time: 8.4s | Prob: A train travels at 40 km/h for... | Ans: 65.56
RL Step 4731 | Loss: 0.0001 | Avg Reward: -0.10 | Time: 8.4s | Prob: A train travels at 54 km/h for... | Ans: 78.0
RL Step 4732 | Loss: 0.0002 | Avg Reward: -0.10 | Time: 8.3s | Prob: A train travels at 44 km/h for... | Ans: 55.33
RL Step 4733 | Loss: 0.0001 | Avg Reward: -0.10 | Time: 8.4s | Prob: A train travels at 43 km/h for... | Ans: 59.88
RL Step 4734 | Loss: 0.0002 | Avg Reward: -0.10 | Time: 8.2s | Prob: A train travels at 60 km/h for... | Ans: 62.0
RL Step 4735 | Loss: -0.0020 | Avg Reward: 0.17 | Time: 8.2s | Prob: A train travels at 56 km/h for... | Ans: 67.5
RL Step 4736 | Loss: -0.0001 | Avg Reward: -0.10 | Time: 8.4s | Prob: A train travels at 49 km/h for... | Ans: 60.25
RL Step 4737 | Loss: 0.0001 | Avg Reward: -0.10 | Time: 8.2s | Prob: A train travels at 45 km/h for... | Ans: 51.4
RL Step 4738 | Loss: 0.0001 | Avg Reward: -0.10 | Time: 8.4s | Prob: A train travels at 80 km/h for... | Ans: 83.0
RL Step 4739 | Loss: 0.0001 | Avg Reward: -0.10 | Time: 8.4s | Prob: A train travels at 66 km/h for... | Ans: 82.0
RL Step 4740 | Loss: 0.0000 | Avg Reward: -0.10 | Time: 8.3s | Prob: A train travels at 64 km/h for... | Ans: 73.33
RL Step 4741 | Loss: 0.0001 | Avg Reward: -0.10 | Time: 8.4s | Prob: A train travels at 51 km/h for... | Ans: 59.29
RL Step 4742 | Loss: 0.0000 | Avg Reward: -0.10 | Time: 8.3s | Prob: A train travels at 52 km/h for... | Ans: 75.12
RL Step 4743 | Loss: 0.0001 | Avg Reward: -0.10 | Time: 8.3s | Prob: A train travels at 74 km/h for... | Ans: 76.29
RL Step 4744 | Loss: 0.0001 | Avg Reward: -0.10 | Time: 8.3s | Prob: A train travels at 67 km/h for... | Ans: 68.0
RL Step 4745 | Loss: 0.0001 | Avg Reward: -0.10 | Time: 8.4s | Prob: A train travels at 44 km/h for... | Ans: 54.56
RL Step 4746 | Loss: 0.0000 | Avg Reward: -0.10 | Time: 8.2s | Prob: A train travels at 70 km/h for... | Ans: 74.67
RL Step 4747 | Loss: 0.0000 | Avg Reward: -0.10 | Time: 8.3s | Prob: A train travels at 52 km/h for... | Ans: 60.33
RL Step 4748 | Loss: 0.0000 | Avg Reward: -0.10 | Time: 8.2s | Prob: A train travels at 42 km/h for... | Ans: 50.4
RL Step 4749 | Loss: 0.0001 | Avg Reward: -0.10 | Time: 8.4s | Prob: A train travels at 70 km/h for... | Ans: 82.89
RL Step 4750 | Loss: 0.0001 | Avg Reward: -0.10 | Time: 8.3s | Prob: A train travels at 73 km/h for... | Ans: 69.14
RL Step 4751 | Loss: 0.0001 | Avg Reward: -0.10 | Time: 8.4s | Prob: A train travels at 55 km/h for... | Ans: 57.25
RL Step 4752 | Loss: 0.0001 | Avg Reward: -0.10 | Time: 8.3s | Prob: A train travels at 41 km/h for... | Ans: 71.0
RL Step 4753 | Loss: 0.0156 | Avg Reward: 0.17 | Time: 8.4s | Prob: A train travels at 46 km/h for... | Ans: 60.0
RL Step 4754 | Loss: 0.0001 | Avg Reward: -0.10 | Time: 8.2s | Prob: A train travels at 79 km/h for... | Ans: 85.5
RL Step 4755 | Loss: 0.0001 | Avg Reward: -0.10 | Time: 8.3s | Prob: A train travels at 64 km/h for... | Ans: 66.78
RL Step 4756 | Loss: 0.0000 | Avg Reward: -0.10 | Time: 8.3s | Prob: A train travels at 56 km/h for... | Ans: 82.67
RL Step 4757 | Loss: 0.0000 | Avg Reward: -0.10 | Time: 8.4s | Prob: A train travels at 78 km/h for... | Ans: 69.25
RL Step 4758 | Loss: -0.0000 | Avg Reward: -0.10 | Time: 8.2s | Prob: A train travels at 74 km/h for... | Ans: 81.2
RL Step 4759 | Loss: 0.0002 | Avg Reward: -0.10 | Time: 8.2s | Prob: A train travels at 42 km/h for... | Ans: 62.0
RL Step 4760 | Loss: 0.0001 | Avg Reward: -0.10 | Time: 8.4s | Prob: A train travels at 55 km/h for... | Ans: 57.57
RL Step 4761 | Loss: 0.0001 | Avg Reward: -0.10 | Time: 8.3s | Prob: A train travels at 54 km/h for... | Ans: 63.33
RL Step 4762 | Loss: 0.0000 | Avg Reward: -0.10 | Time: 8.2s | Prob: A train travels at 40 km/h for... | Ans: 48.0
RL Step 4763 | Loss: 0.0000 | Avg Reward: -0.10 | Time: 8.3s | Prob: A train travels at 46 km/h for... | Ans: 54.0
RL Step 4764 | Loss: 0.0001 | Avg Reward: -0.10 | Time: 8.2s | Prob: A train travels at 56 km/h for... | Ans: 77.6
RL Step 4765 | Loss: 0.0001 | Avg Reward: -0.10 | Time: 8.1s | Prob: A train travels at 80 km/h for... | Ans: 72.0
RL Step 4766 | Loss: 0.0117 | Avg Reward: 0.45 | Time: 8.2s | Prob: A train travels at 50 km/h for... | Ans: 60.0
RL Step 4767 | Loss: 0.0001 | Avg Reward: -0.10 | Time: 8.3s | Prob: A train travels at 48 km/h for... | Ans: 63.0
RL Step 4768 | Loss: 0.0000 | Avg Reward: -0.10 | Time: 8.3s | Prob: A train travels at 53 km/h for... | Ans: 62.44
RL Step 4769 | Loss: -0.0000 | Avg Reward: -0.10 | Time: 8.3s | Prob: A train travels at 76 km/h for... | Ans: 82.67
RL Step 4770 | Loss: 0.0000 | Avg Reward: -0.10 | Time: 8.3s | Prob: A train travels at 69 km/h for... | Ans: 68.57
RL Step 4771 | Loss: 0.0000 | Avg Reward: -0.10 | Time: 8.3s | Prob: A train travels at 69 km/h for... | Ans: 81.86
RL Step 4772 | Loss: 0.0001 | Avg Reward: -0.10 | Time: 8.3s | Prob: A train travels at 52 km/h for... | Ans: 56.0
RL Step 4773 | Loss: -0.0000 | Avg Reward: -0.10 | Time: 8.3s | Prob: A train travels at 44 km/h for... | Ans: 61.5
RL Step 4774 | Loss: 0.0000 | Avg Reward: -0.10 | Time: 8.4s | Prob: A train travels at 44 km/h for... | Ans: 54.12
RL Step 4775 | Loss: 0.0001 | Avg Reward: -0.10 | Time: 8.3s | Prob: A train travels at 67 km/h for... | Ans: 71.67
RL Step 4776 | Loss: -0.0000 | Avg Reward: -0.10 | Time: 8.3s | Prob: A train travels at 77 km/h for... | Ans: 73.57
RL Step 4777 | Loss: 0.0001 | Avg Reward: -0.10 | Time: 8.2s | Prob: A train travels at 53 km/h for... | Ans: 74.6
RL Step 4778 | Loss: 0.0001 | Avg Reward: -0.10 | Time: 8.2s | Prob: A train travels at 56 km/h for... | Ans: 63.0
RL Step 4779 | Loss: 0.0000 | Avg Reward: -0.10 | Time: 8.3s | Prob: A train travels at 77 km/h for... | Ans: 64.86
RL Step 4780 | Loss: 0.0000 | Avg Reward: -0.10 | Time: 8.2s | Prob: A train travels at 66 km/h for... | Ans: 77.5
RL Step 4781 | Loss: 0.0000 | Avg Reward: -0.10 | Time: 8.3s | Prob: A train travels at 75 km/h for... | Ans: 73.88
RL Step 4782 | Loss: 0.0001 | Avg Reward: -0.10 | Time: 8.4s | Prob: A train travels at 68 km/h for... | Ans: 79.11
RL Step 4783 | Loss: 0.0001 | Avg Reward: -0.10 | Time: 8.3s | Prob: A train travels at 51 km/h for... | Ans: 59.12
RL Step 4784 | Loss: 0.0002 | Avg Reward: -0.10 | Time: 8.2s | Prob: A train travels at 51 km/h for... | Ans: 63.0
RL Step 4785 | Loss: 0.0117 | Avg Reward: 0.17 | Time: 8.2s | Prob: A train travels at 72 km/h for... | Ans: 82.8
RL Step 4786 | Loss: 0.0001 | Avg Reward: -0.10 | Time: 8.3s | Prob: A train travels at 61 km/h for... | Ans: 61.5
RL Step 4787 | Loss: 0.0001 | Avg Reward: -0.10 | Time: 8.3s | Prob: A train travels at 41 km/h for... | Ans: 60.29
RL Step 4788 | Loss: 0.0001 | Avg Reward: -0.10 | Time: 8.2s | Prob: A train travels at 75 km/h for... | Ans: 81.0
RL Step 4789 | Loss: 0.0000 | Avg Reward: -0.10 | Time: 8.2s | Prob: A train travels at 80 km/h for... | Ans: 90.8
RL Step 4790 | Loss: 0.0000 | Avg Reward: -0.10 | Time: 8.2s | Prob: A train travels at 45 km/h for... | Ans: 58.0
RL Step 4791 | Loss: -0.0117 | Avg Reward: 0.17 | Time: 8.3s | Prob: A train travels at 65 km/h for... | Ans: 73.0
RL Step 4792 | Loss: 0.0001 | Avg Reward: -0.10 | Time: 8.4s | Prob: A train travels at 59 km/h for... | Ans: 65.25
RL Step 4793 | Loss: 0.0000 | Avg Reward: -0.10 | Time: 8.3s | Prob: A train travels at 40 km/h for... | Ans: 55.0
RL Step 4794 | Loss: 0.0001 | Avg Reward: -0.10 | Time: 8.2s | Prob: A train travels at 57 km/h for... | Ans: 69.0
RL Step 4795 | Loss: 0.0003 | Avg Reward: -0.10 | Time: 8.2s | Prob: A train travels at 43 km/h for... | Ans: 74.2
RL Step 4796 | Loss: 0.0001 | Avg Reward: -0.10 | Time: 8.4s | Prob: A train travels at 68 km/h for... | Ans: 83.0
RL Step 4797 | Loss: 0.0001 | Avg Reward: -0.10 | Time: 8.4s | Prob: A train travels at 71 km/h for... | Ans: 75.29
RL Step 4798 | Loss: 0.0000 | Avg Reward: -0.10 | Time: 8.2s | Prob: A train travels at 57 km/h for... | Ans: 67.5
RL Step 4799 | Loss: 0.0001 | Avg Reward: -0.10 | Time: 8.2s | Prob: A train travels at 58 km/h for... | Ans: 63.6
RL Step 4800 | Loss: 0.0001 | Avg Reward: -0.10 | Time: 8.4s | Prob: A train travels at 60 km/h for... | Ans: 66.38
Saving RL Checkpoint at step 4800...
RL Step 4801 | Loss: 0.0002 | Avg Reward: -0.10 | Time: 8.4s | Prob: A train travels at 53 km/h for... | Ans: 75.14
RL Step 4802 | Loss: 0.0000 | Avg Reward: -0.10 | Time: 8.2s | Prob: A train travels at 64 km/h for... | Ans: 73.5
RL Step 4803 | Loss: 0.0001 | Avg Reward: -0.10 | Time: 8.2s | Prob: A train travels at 49 km/h for... | Ans: 61.5
RL Step 4804 | Loss: 0.0002 | Avg Reward: -0.10 | Time: 8.3s | Prob: A train travels at 41 km/h for... | Ans: 58.5
RL Step 4805 | Loss: 0.0001 | Avg Reward: -0.10 | Time: 8.3s | Prob: A train travels at 42 km/h for... | Ans: 69.5
RL Step 4806 | Loss: 0.0001 | Avg Reward: -0.10 | Time: 8.4s | Prob: A train travels at 46 km/h for... | Ans: 62.71
RL Step 4807 | Loss: 0.0001 | Avg Reward: -0.10 | Time: 8.4s | Prob: A train travels at 56 km/h for... | Ans: 68.14
RL Step 4808 | Loss: 0.0002 | Avg Reward: -0.10 | Time: 8.3s | Prob: A train travels at 70 km/h for... | Ans: 68.0
RL Step 4809 | Loss: 0.0001 | Avg Reward: -0.10 | Time: 8.4s | Prob: A train travels at 80 km/h for... | Ans: 73.12
RL Step 4810 | Loss: 0.0001 | Avg Reward: -0.10 | Time: 8.2s | Prob: A train travels at 51 km/h for... | Ans: 56.2
RL Step 4811 | Loss: 0.0001 | Avg Reward: -0.10 | Time: 8.2s | Prob: A train travels at 49 km/h for... | Ans: 74.5
RL Step 4812 | Loss: 0.0156 | Avg Reward: 0.17 | Time: 8.3s | Prob: A train travels at 58 km/h for... | Ans: 76.5
RL Step 4813 | Loss: -0.0000 | Avg Reward: -0.10 | Time: 8.1s | Prob: A train travels at 45 km/h for... | Ans: 59.0
RL Step 4814 | Loss: 0.0001 | Avg Reward: -0.10 | Time: 8.4s | Prob: A train travels at 61 km/h for... | Ans: 67.67
RL Step 4815 | Loss: 0.0001 | Avg Reward: -0.10 | Time: 8.4s | Prob: A train travels at 57 km/h for... | Ans: 58.12
RL Step 4816 | Loss: 0.0000 | Avg Reward: -0.10 | Time: 8.4s | Prob: A train travels at 70 km/h for... | Ans: 75.62
RL Step 4817 | Loss: 0.0117 | Avg Reward: 0.17 | Time: 8.3s | Prob: A train travels at 43 km/h for... | Ans: 56.2
RL Step 4818 | Loss: 0.0001 | Avg Reward: -0.10 | Time: 8.4s | Prob: A train travels at 40 km/h for... | Ans: 62.71
RL Step 4819 | Loss: 0.0001 | Avg Reward: -0.10 | Time: 8.2s | Prob: A train travels at 56 km/h for... | Ans: 61.0
RL Step 4820 | Loss: 0.0000 | Avg Reward: -0.10 | Time: 8.4s | Prob: A train travels at 43 km/h for... | Ans: 52.71
RL Step 4821 | Loss: 0.0001 | Avg Reward: -0.10 | Time: 8.3s | Prob: A train travels at 79 km/h for... | Ans: 84.5
RL Step 4822 | Loss: 0.0001 | Avg Reward: -0.10 | Time: 8.4s | Prob: A train travels at 49 km/h for... | Ans: 67.33
RL Step 4823 | Loss: 0.0001 | Avg Reward: -0.10 | Time: 8.3s | Prob: A train travels at 53 km/h for... | Ans: 58.78
RL Step 4824 | Loss: 0.0000 | Avg Reward: -0.10 | Time: 8.2s | Prob: A train travels at 68 km/h for... | Ans: 68.0
RL Step 4825 | Loss: 0.0003 | Avg Reward: -0.10 | Time: 8.3s | Prob: A train travels at 47 km/h for... | Ans: 70.0
RL Step 4826 | Loss: 0.0003 | Avg Reward: -0.10 | Time: 8.3s | Prob: A train travels at 52 km/h for... | Ans: 61.29
RL Step 4827 | Loss: 0.0000 | Avg Reward: -0.10 | Time: 8.2s | Prob: A train travels at 65 km/h for... | Ans: 71.5
RL Step 4828 | Loss: 0.0000 | Avg Reward: -0.10 | Time: 8.4s | Prob: A train travels at 80 km/h for... | Ans: 87.29
RL Step 4829 | Loss: 0.0000 | Avg Reward: -0.10 | Time: 8.2s | Prob: A train travels at 74 km/h for... | Ans: 86.0
RL Step 4830 | Loss: 0.0078 | Avg Reward: 0.17 | Time: 8.2s | Prob: A train travels at 63 km/h for... | Ans: 72.2
RL Step 4831 | Loss: 0.0001 | Avg Reward: -0.10 | Time: 8.2s | Prob: A train travels at 43 km/h for... | Ans: 70.5
RL Step 4832 | Loss: 0.0000 | Avg Reward: -0.10 | Time: 8.4s | Prob: A train travels at 46 km/h for... | Ans: 50.86
RL Step 4833 | Loss: 0.0001 | Avg Reward: -0.10 | Time: 8.2s | Prob: A train travels at 47 km/h for... | Ans: 65.0
RL Step 4834 | Loss: 0.0001 | Avg Reward: -0.10 | Time: 8.3s | Prob: A train travels at 46 km/h for... | Ans: 63.33
RL Step 4835 | Loss: 0.0002 | Avg Reward: -0.10 | Time: 8.3s | Prob: A train travels at 51 km/h for... | Ans: 81.67
RL Step 4836 | Loss: 0.0001 | Avg Reward: -0.10 | Time: 8.3s | Prob: A train travels at 65 km/h for... | Ans: 76.67
RL Step 4837 | Loss: 0.0000 | Avg Reward: -0.10 | Time: 8.4s | Prob: A train travels at 55 km/h for... | Ans: 63.0
RL Step 4838 | Loss: -0.0000 | Avg Reward: -0.10 | Time: 8.4s | Prob: A train travels at 65 km/h for... | Ans: 81.88
RL Step 4839 | Loss: 0.0002 | Avg Reward: -0.10 | Time: 8.2s | Prob: A train travels at 68 km/h for... | Ans: 78.5
RL Step 4840 | Loss: 0.0000 | Avg Reward: -0.10 | Time: 8.3s | Prob: A train travels at 58 km/h for... | Ans: 68.0
RL Step 4841 | Loss: 0.0000 | Avg Reward: -0.10 | Time: 8.4s | Prob: A train travels at 48 km/h for... | Ans: 65.25
RL Step 4842 | Loss: 0.0003 | Avg Reward: -0.10 | Time: 8.4s | Prob: A train travels at 52 km/h for... | Ans: 70.86
RL Step 4843 | Loss: 0.0001 | Avg Reward: -0.10 | Time: 8.3s | Prob: A train travels at 62 km/h for... | Ans: 76.44
RL Step 4844 | Loss: 0.0002 | Avg Reward: -0.10 | Time: 8.3s | Prob: A train travels at 56 km/h for... | Ans: 68.0
RL Step 4845 | Loss: 0.0001 | Avg Reward: -0.10 | Time: 8.2s | Prob: A train travels at 68 km/h for... | Ans: 73.2
RL Step 4846 | Loss: 0.0001 | Avg Reward: -0.10 | Time: 8.4s | Prob: A train travels at 69 km/h for... | Ans: 67.86
RL Step 4847 | Loss: 0.0078 | Avg Reward: 0.17 | Time: 8.2s | Prob: A train travels at 56 km/h for... | Ans: 73.5
RL Step 4848 | Loss: 0.0001 | Avg Reward: -0.10 | Time: 8.3s | Prob: A train travels at 64 km/h for... | Ans: 75.62
RL Step 4849 | Loss: 0.0001 | Avg Reward: -0.10 | Time: 8.2s | Prob: A train travels at 54 km/h for... | Ans: 63.5
RL Step 4850 | Loss: -0.0000 | Avg Reward: -0.10 | Time: 8.4s | Prob: A train travels at 58 km/h for... | Ans: 61.75
RL Step 4851 | Loss: 0.0117 | Avg Reward: 0.17 | Time: 8.3s | Prob: A train travels at 55 km/h for... | Ans: 72.5
RL Step 4852 | Loss: 0.0001 | Avg Reward: -0.10 | Time: 8.3s | Prob: A train travels at 72 km/h for... | Ans: 83.0
RL Step 4853 | Loss: 0.0001 | Avg Reward: -0.10 | Time: 8.4s | Prob: A train travels at 47 km/h for... | Ans: 72.0
RL Step 4854 | Loss: 0.0001 | Avg Reward: -0.10 | Time: 8.4s | Prob: A train travels at 76 km/h for... | Ans: 80.44
RL Step 4855 | Loss: 0.0001 | Avg Reward: -0.10 | Time: 8.2s | Prob: A train travels at 51 km/h for... | Ans: 59.4
RL Step 4856 | Loss: 0.0001 | Avg Reward: -0.10 | Time: 8.4s | Prob: A train travels at 79 km/h for... | Ans: 86.14
RL Step 4857 | Loss: 0.0000 | Avg Reward: -0.10 | Time: 8.3s | Prob: A train travels at 45 km/h for... | Ans: 54.0
RL Step 4858 | Loss: 0.0001 | Avg Reward: -0.10 | Time: 8.1s | Prob: A train travels at 62 km/h for... | Ans: 67.6
RL Step 4859 | Loss: 0.0001 | Avg Reward: -0.10 | Time: 8.4s | Prob: A train travels at 70 km/h for... | Ans: 74.89
RL Step 4860 | Loss: 0.0156 | Avg Reward: 0.17 | Time: 8.3s | Prob: A train travels at 65 km/h for... | Ans: 71.86
RL Step 4861 | Loss: 0.0000 | Avg Reward: -0.10 | Time: 8.3s | Prob: A train travels at 79 km/h for... | Ans: 74.0
RL Step 4862 | Loss: -0.0039 | Avg Reward: 0.17 | Time: 8.4s | Prob: A train travels at 73 km/h for... | Ans: 81.57
RL Step 4863 | Loss: 0.0000 | Avg Reward: -0.10 | Time: 8.3s | Prob: A train travels at 78 km/h for... | Ans: 86.5
RL Step 4864 | Loss: 0.0001 | Avg Reward: -0.10 | Time: 8.4s | Prob: A train travels at 46 km/h for... | Ans: 63.67
RL Step 4865 | Loss: 0.0001 | Avg Reward: -0.10 | Time: 8.4s | Prob: A train travels at 67 km/h for... | Ans: 66.71
RL Step 4866 | Loss: 0.0001 | Avg Reward: -0.10 | Time: 8.4s | Prob: A train travels at 57 km/h for... | Ans: 66.33
RL Step 4867 | Loss: -0.0000 | Avg Reward: -0.10 | Time: 8.2s | Prob: A train travels at 40 km/h for... | Ans: 49.6
RL Step 4868 | Loss: -0.0000 | Avg Reward: -0.10 | Time: 8.3s | Prob: A train travels at 40 km/h for... | Ans: 77.33
RL Step 4869 | Loss: 0.0002 | Avg Reward: -0.10 | Time: 8.2s | Prob: A train travels at 48 km/h for... | Ans: 58.29
RL Step 4870 | Loss: 0.0001 | Avg Reward: -0.10 | Time: 8.4s | Prob: A train travels at 71 km/h for... | Ans: 73.22
RL Step 4871 | Loss: 0.0004 | Avg Reward: -0.10 | Time: 8.4s | Prob: A train travels at 69 km/h for... | Ans: 72.0
RL Step 4872 | Loss: 0.0001 | Avg Reward: -0.10 | Time: 8.4s | Prob: A train travels at 79 km/h for... | Ans: 74.71
RL Step 4873 | Loss: 0.0000 | Avg Reward: -0.10 | Time: 8.3s | Prob: A train travels at 48 km/h for... | Ans: 58.62
RL Step 4874 | Loss: 0.0002 | Avg Reward: -0.10 | Time: 8.3s | Prob: A train travels at 49 km/h for... | Ans: 75.67
RL Step 4875 | Loss: 0.0001 | Avg Reward: -0.10 | Time: 8.3s | Prob: A train travels at 68 km/h for... | Ans: 71.43
RL Step 4876 | Loss: 0.0001 | Avg Reward: -0.10 | Time: 8.3s | Prob: A train travels at 49 km/h for... | Ans: 81.14
RL Step 4877 | Loss: 0.0000 | Avg Reward: -0.10 | Time: 8.4s | Prob: A train travels at 56 km/h for... | Ans: 61.25
RL Step 4878 | Loss: 0.0001 | Avg Reward: -0.10 | Time: 8.2s | Prob: A train travels at 53 km/h for... | Ans: 61.5
RL Step 4879 | Loss: 0.0001 | Avg Reward: -0.10 | Time: 8.2s | Prob: A train travels at 41 km/h for... | Ans: 66.0
RL Step 4880 | Loss: 0.0001 | Avg Reward: -0.10 | Time: 8.4s | Prob: A train travels at 63 km/h for... | Ans: 65.22
RL Step 4881 | Loss: 0.0001 | Avg Reward: -0.10 | Time: 8.2s | Prob: A train travels at 80 km/h for... | Ans: 73.0
RL Step 4882 | Loss: 0.0001 | Avg Reward: -0.10 | Time: 8.2s | Prob: A train travels at 48 km/h for... | Ans: 68.0
RL Step 4883 | Loss: 0.0273 | Avg Reward: 0.17 | Time: 8.2s | Prob: A train travels at 45 km/h for... | Ans: 61.0
RL Step 4884 | Loss: 0.0001 | Avg Reward: -0.10 | Time: 8.4s | Prob: A train travels at 58 km/h for... | Ans: 72.44
RL Step 4885 | Loss: 0.0000 | Avg Reward: -0.10 | Time: 8.3s | Prob: A train travels at 61 km/h for... | Ans: 64.75
RL Step 4886 | Loss: 0.0001 | Avg Reward: -0.10 | Time: 8.4s | Prob: A train travels at 44 km/h for... | Ans: 50.86
RL Step 4887 | Loss: -0.0000 | Avg Reward: -0.10 | Time: 8.3s | Prob: A train travels at 74 km/h for... | Ans: 76.5
RL Step 4888 | Loss: 0.0020 | Avg Reward: 0.17 | Time: 8.3s | Prob: A train travels at 78 km/h for... | Ans: 88.0
RL Step 4889 | Loss: 0.0001 | Avg Reward: -0.10 | Time: 8.3s | Prob: A train travels at 50 km/h for... | Ans: 65.33
RL Step 4890 | Loss: 0.0001 | Avg Reward: -0.10 | Time: 8.4s | Prob: A train travels at 71 km/h for... | Ans: 67.67
RL Step 4891 | Loss: 0.0001 | Avg Reward: -0.10 | Time: 8.3s | Prob: A train travels at 68 km/h for... | Ans: 80.0
RL Step 4892 | Loss: 0.0000 | Avg Reward: -0.10 | Time: 8.3s | Prob: A train travels at 68 km/h for... | Ans: 76.57
RL Step 4893 | Loss: 0.0001 | Avg Reward: -0.10 | Time: 8.2s | Prob: A train travels at 68 km/h for... | Ans: 81.2
RL Step 4894 | Loss: -0.0000 | Avg Reward: -0.10 | Time: 8.3s | Prob: A train travels at 68 km/h for... | Ans: 79.25
RL Step 4895 | Loss: 0.0000 | Avg Reward: -0.10 | Time: 8.2s | Prob: A train travels at 62 km/h for... | Ans: 63.6
RL Step 4896 | Loss: 0.0002 | Avg Reward: -0.10 | Time: 8.3s | Prob: A train travels at 70 km/h for... | Ans: 75.57
RL Step 4897 | Loss: -0.0000 | Avg Reward: -0.10 | Time: 8.4s | Prob: A train travels at 40 km/h for... | Ans: 75.62
RL Step 4898 | Loss: 0.0002 | Avg Reward: -0.10 | Time: 8.4s | Prob: A train travels at 73 km/h for... | Ans: 79.43
RL Step 4899 | Loss: 0.0000 | Avg Reward: -0.10 | Time: 8.4s | Prob: A train travels at 65 km/h for... | Ans: 83.29
RL Step 4900 | Loss: 0.0001 | Avg Reward: -0.10 | Time: 8.3s | Prob: A train travels at 69 km/h for... | Ans: 79.0
RL Step 4901 | Loss: 0.0001 | Avg Reward: -0.10 | Time: 8.2s | Prob: A train travels at 50 km/h for... | Ans: 68.0
RL Step 4902 | Loss: 0.0001 | Avg Reward: -0.10 | Time: 8.2s | Prob: A train travels at 74 km/h for... | Ans: 75.0
RL Step 4903 | Loss: 0.0001 | Avg Reward: -0.10 | Time: 8.3s | Prob: A train travels at 51 km/h for... | Ans: 56.67
RL Step 4904 | Loss: 0.0001 | Avg Reward: -0.10 | Time: 8.3s | Prob: A train travels at 56 km/h for... | Ans: 75.5
RL Step 4905 | Loss: 0.0001 | Avg Reward: -0.10 | Time: 8.2s | Prob: A train travels at 42 km/h for... | Ans: 74.4
RL Step 4906 | Loss: 0.0001 | Avg Reward: -0.10 | Time: 8.2s | Prob: A train travels at 51 km/h for... | Ans: 77.4
RL Step 4907 | Loss: 0.0001 | Avg Reward: -0.10 | Time: 8.2s | Prob: A train travels at 80 km/h for... | Ans: 82.0
RL Step 4908 | Loss: 0.0001 | Avg Reward: -0.10 | Time: 8.4s | Prob: A train travels at 73 km/h for... | Ans: 87.29
RL Step 4909 | Loss: 0.0001 | Avg Reward: -0.10 | Time: 8.2s | Prob: A train travels at 66 km/h for... | Ans: 66.0
RL Step 4910 | Loss: 0.0000 | Avg Reward: -0.10 | Time: 8.4s | Prob: A train travels at 60 km/h for... | Ans: 64.5
RL Step 4911 | Loss: 0.0001 | Avg Reward: -0.10 | Time: 8.2s | Prob: A train travels at 66 km/h for... | Ans: 74.0
RL Step 4912 | Loss: 0.0002 | Avg Reward: -0.10 | Time: 8.3s | Prob: A train travels at 67 km/h for... | Ans: 68.33
RL Step 4913 | Loss: 0.0001 | Avg Reward: -0.10 | Time: 8.4s | Prob: A train travels at 78 km/h for... | Ans: 75.71
RL Step 4914 | Loss: 0.0001 | Avg Reward: -0.10 | Time: 8.4s | Prob: A train travels at 78 km/h for... | Ans: 87.29
RL Step 4915 | Loss: 0.0004 | Avg Reward: -0.10 | Time: 8.3s | Prob: A train travels at 78 km/h for... | Ans: 67.33
RL Step 4916 | Loss: 0.0002 | Avg Reward: -0.10 | Time: 8.4s | Prob: A train travels at 49 km/h for... | Ans: 77.12
RL Step 4917 | Loss: 0.0001 | Avg Reward: -0.10 | Time: 8.3s | Prob: A train travels at 76 km/h for... | Ans: 78.0
RL Step 4918 | Loss: -0.0000 | Avg Reward: -0.10 | Time: 8.3s | Prob: A train travels at 47 km/h for... | Ans: 73.67
RL Step 4919 | Loss: 0.0001 | Avg Reward: -0.10 | Time: 8.2s | Prob: A train travels at 67 km/h for... | Ans: 69.0
RL Step 4920 | Loss: 0.0001 | Avg Reward: -0.10 | Time: 8.3s | Prob: A train travels at 59 km/h for... | Ans: 62.43
RL Step 4921 | Loss: 0.0001 | Avg Reward: -0.10 | Time: 8.2s | Prob: A train travels at 42 km/h for... | Ans: 51.5
RL Step 4922 | Loss: 0.0000 | Avg Reward: -0.10 | Time: 8.3s | Prob: A train travels at 57 km/h for... | Ans: 66.43
RL Step 4923 | Loss: 0.0001 | Avg Reward: -0.10 | Time: 8.4s | Prob: A train travels at 69 km/h for... | Ans: 77.29
RL Step 4924 | Loss: 0.0001 | Avg Reward: -0.10 | Time: 8.2s | Prob: A train travels at 75 km/h for... | Ans: 85.5
RL Step 4925 | Loss: -0.0137 | Avg Reward: 0.17 | Time: 8.1s | Prob: A train travels at 73 km/h for... | Ans: 73.0
RL Step 4926 | Loss: 0.0001 | Avg Reward: -0.10 | Time: 8.4s | Prob: A train travels at 79 km/h for... | Ans: 84.62
RL Step 4927 | Loss: 0.0000 | Avg Reward: -0.10 | Time: 8.4s | Prob: A train travels at 76 km/h for... | Ans: 75.62
RL Step 4928 | Loss: 0.0000 | Avg Reward: -0.10 | Time: 8.4s | Prob: A train travels at 47 km/h for... | Ans: 51.88
RL Step 4929 | Loss: 0.0001 | Avg Reward: -0.10 | Time: 8.2s | Prob: A train travels at 47 km/h for... | Ans: 62.0
RL Step 4930 | Loss: 0.0000 | Avg Reward: -0.10 | Time: 8.3s | Prob: A train travels at 76 km/h for... | Ans: 86.86
RL Step 4931 | Loss: 0.0137 | Avg Reward: 0.17 | Time: 8.2s | Prob: A train travels at 80 km/h for... | Ans: 80.5
RL Step 4932 | Loss: 0.0000 | Avg Reward: -0.10 | Time: 8.3s | Prob: A train travels at 45 km/h for... | Ans: 56.33
RL Step 4933 | Loss: 0.0001 | Avg Reward: -0.10 | Time: 8.3s | Prob: A train travels at 73 km/h for... | Ans: 83.4
RL Step 4934 | Loss: 0.0001 | Avg Reward: -0.10 | Time: 8.3s | Prob: A train travels at 75 km/h for... | Ans: 79.0
RL Step 4935 | Loss: 0.0002 | Avg Reward: -0.10 | Time: 8.4s | Prob: A train travels at 70 km/h for... | Ans: 79.33
RL Step 4936 | Loss: -0.0156 | Avg Reward: 0.17 | Time: 8.3s | Prob: A train travels at 72 km/h for... | Ans: 80.57
RL Step 4937 | Loss: 0.0000 | Avg Reward: -0.10 | Time: 8.3s | Prob: A train travels at 50 km/h for... | Ans: 61.14
RL Step 4938 | Loss: 0.0001 | Avg Reward: -0.10 | Time: 8.3s | Prob: A train travels at 59 km/h for... | Ans: 65.0
RL Step 4939 | Loss: 0.0001 | Avg Reward: -0.10 | Time: 8.3s | Prob: A train travels at 69 km/h for... | Ans: 65.67
RL Step 4940 | Loss: 0.0352 | Avg Reward: 0.45 | Time: 8.2s | Prob: A train travels at 76 km/h for... | Ans: 86.5
RL Step 4941 | Loss: 0.0000 | Avg Reward: -0.10 | Time: 8.3s | Prob: A train travels at 63 km/h for... | Ans: 69.43
RL Step 4942 | Loss: 0.0001 | Avg Reward: -0.10 | Time: 8.3s | Prob: A train travels at 55 km/h for... | Ans: 67.0
RL Step 4943 | Loss: 0.0001 | Avg Reward: -0.10 | Time: 8.4s | Prob: A train travels at 72 km/h for... | Ans: 83.14
RL Step 4944 | Loss: 0.0001 | Avg Reward: -0.10 | Time: 8.4s | Prob: A train travels at 77 km/h for... | Ans: 77.89
RL Step 4945 | Loss: 0.0000 | Avg Reward: -0.10 | Time: 8.2s | Prob: A train travels at 47 km/h for... | Ans: 56.6
RL Step 4946 | Loss: 0.0001 | Avg Reward: -0.10 | Time: 8.3s | Prob: A train travels at 77 km/h for... | Ans: 79.29
RL Step 4947 | Loss: 0.0001 | Avg Reward: -0.10 | Time: 8.2s | Prob: A train travels at 80 km/h for... | Ans: 77.6
RL Step 4948 | Loss: 0.0001 | Avg Reward: -0.10 | Time: 8.4s | Prob: A train travels at 75 km/h for... | Ans: 66.25
RL Step 4949 | Loss: 0.0001 | Avg Reward: -0.10 | Time: 8.4s | Prob: A train travels at 44 km/h for... | Ans: 54.71
RL Step 4950 | Loss: 0.0001 | Avg Reward: -0.10 | Time: 8.3s | Prob: A train travels at 52 km/h for... | Ans: 60.0
RL Step 4951 | Loss: 0.0078 | Avg Reward: 0.17 | Time: 8.2s | Prob: A train travels at 75 km/h for... | Ans: 68.0
RL Step 4952 | Loss: 0.0001 | Avg Reward: -0.10 | Time: 8.3s | Prob: A train travels at 79 km/h for... | Ans: 77.0
RL Step 4953 | Loss: 0.0001 | Avg Reward: -0.10 | Time: 8.4s | Prob: A train travels at 77 km/h for... | Ans: 80.43
RL Step 4954 | Loss: 0.0000 | Avg Reward: -0.10 | Time: 8.3s | Prob: A train travels at 73 km/h for... | Ans: 83.71
RL Step 4955 | Loss: 0.0001 | Avg Reward: -0.10 | Time: 8.2s | Prob: A train travels at 54 km/h for... | Ans: 70.0
RL Step 4956 | Loss: 0.0000 | Avg Reward: -0.10 | Time: 8.4s | Prob: A train travels at 73 km/h for... | Ans: 90.14
RL Step 4957 | Loss: 0.0001 | Avg Reward: -0.10 | Time: 8.1s | Prob: A train travels at 45 km/h for... | Ans: 66.5
RL Step 4958 | Loss: 0.0001 | Avg Reward: -0.10 | Time: 8.4s | Prob: A train travels at 60 km/h for... | Ans: 64.57
RL Step 4959 | Loss: 0.0001 | Avg Reward: -0.10 | Time: 8.4s | Prob: A train travels at 67 km/h for... | Ans: 63.43
RL Step 4960 | Loss: 0.0003 | Avg Reward: -0.10 | Time: 8.2s | Prob: A train travels at 66 km/h for... | Ans: 70.4
RL Step 4961 | Loss: 0.0001 | Avg Reward: -0.10 | Time: 8.4s | Prob: A train travels at 72 km/h for... | Ans: 72.86
RL Step 4962 | Loss: 0.0003 | Avg Reward: -0.10 | Time: 8.2s | Prob: A train travels at 43 km/h for... | Ans: 69.0
RL Step 4963 | Loss: 0.0001 | Avg Reward: -0.10 | Time: 8.2s | Prob: A train travels at 51 km/h for... | Ans: 58.2
RL Step 4964 | Loss: -0.0000 | Avg Reward: -0.10 | Time: 8.3s | Prob: A train travels at 43 km/h for... | Ans: 63.67
RL Step 4965 | Loss: 0.0000 | Avg Reward: -0.10 | Time: 8.4s | Prob: A train travels at 70 km/h for... | Ans: 68.67
RL Step 4966 | Loss: 0.0002 | Avg Reward: -0.10 | Time: 8.4s | Prob: A train travels at 46 km/h for... | Ans: 73.5
RL Step 4967 | Loss: -0.0000 | Avg Reward: -0.10 | Time: 8.3s | Prob: A train travels at 59 km/h for... | Ans: 60.0
RL Step 4968 | Loss: 0.0000 | Avg Reward: -0.10 | Time: 8.3s | Prob: A train travels at 59 km/h for... | Ans: 62.0
RL Step 4969 | Loss: 0.0000 | Avg Reward: -0.10 | Time: 8.2s | Prob: A train travels at 66 km/h for... | Ans: 75.6
RL Step 4970 | Loss: 0.0001 | Avg Reward: -0.10 | Time: 8.2s | Prob: A train travels at 73 km/h for... | Ans: 79.5
RL Step 4971 | Loss: -0.0000 | Avg Reward: -0.10 | Time: 8.3s | Prob: A train travels at 45 km/h for... | Ans: 63.0
RL Step 4972 | Loss: -0.0098 | Avg Reward: 0.17 | Time: 8.2s | Prob: A train travels at 46 km/h for... | Ans: 64.0
RL Step 4973 | Loss: -0.0000 | Avg Reward: -0.10 | Time: 8.3s | Prob: A train travels at 50 km/h for... | Ans: 68.0
RL Step 4974 | Loss: 0.0001 | Avg Reward: -0.10 | Time: 8.3s | Prob: A train travels at 60 km/h for... | Ans: 67.29
RL Step 4975 | Loss: -0.0020 | Avg Reward: 0.17 | Time: 8.2s | Prob: A train travels at 66 km/h for... | Ans: 73.5
RL Step 4976 | Loss: 0.0001 | Avg Reward: -0.10 | Time: 8.3s | Prob: A train travels at 76 km/h for... | Ans: 67.43
RL Step 4977 | Loss: -0.0000 | Avg Reward: -0.10 | Time: 8.3s | Prob: A train travels at 77 km/h for... | Ans: 82.78
RL Step 4978 | Loss: 0.0098 | Avg Reward: 0.17 | Time: 8.2s | Prob: A train travels at 64 km/h for... | Ans: 63.0
RL Step 4979 | Loss: 0.0001 | Avg Reward: -0.10 | Time: 8.4s | Prob: A train travels at 49 km/h for... | Ans: 65.67
RL Step 4980 | Loss: 0.0000 | Avg Reward: -0.10 | Time: 8.2s | Prob: A train travels at 72 km/h for... | Ans: 66.0
RL Step 4981 | Loss: -0.0000 | Avg Reward: -0.10 | Time: 8.2s | Prob: A train travels at 63 km/h for... | Ans: 65.8
RL Step 4982 | Loss: 0.0001 | Avg Reward: -0.10 | Time: 8.4s | Prob: A train travels at 65 km/h for... | Ans: 73.0
RL Step 4983 | Loss: -0.0020 | Avg Reward: 0.17 | Time: 8.3s | Prob: A train travels at 61 km/h for... | Ans: 71.0
RL Step 4984 | Loss: 0.0001 | Avg Reward: -0.10 | Time: 8.2s | Prob: A train travels at 77 km/h for... | Ans: 77.0
RL Step 4985 | Loss: 0.0002 | Avg Reward: -0.10 | Time: 8.2s | Prob: A train travels at 77 km/h for... | Ans: 83.0
RL Step 4986 | Loss: 0.0001 | Avg Reward: -0.10 | Time: 8.2s | Prob: A train travels at 47 km/h for... | Ans: 77.0
RL Step 4987 | Loss: 0.0001 | Avg Reward: -0.10 | Time: 8.2s | Prob: A train travels at 53 km/h for... | Ans: 62.5
RL Step 4988 | Loss: 0.0001 | Avg Reward: -0.10 | Time: 8.3s | Prob: A train travels at 76 km/h for... | Ans: 78.0
RL Step 4989 | Loss: 0.0000 | Avg Reward: -0.10 | Time: 8.4s | Prob: A train travels at 72 km/h for... | Ans: 68.0
RL Step 4990 | Loss: 0.0000 | Avg Reward: -0.10 | Time: 8.3s | Prob: A train travels at 56 km/h for... | Ans: 64.33
RL Step 4991 | Loss: 0.0001 | Avg Reward: -0.10 | Time: 8.4s | Prob: A train travels at 79 km/h for... | Ans: 91.5
RL Step 4992 | Loss: 0.0001 | Avg Reward: -0.10 | Time: 8.2s | Prob: A train travels at 43 km/h for... | Ans: 63.8
RL Step 4993 | Loss: 0.0001 | Avg Reward: -0.10 | Time: 8.2s | Prob: A train travels at 48 km/h for... | Ans: 64.0
RL Step 4994 | Loss: 0.0002 | Avg Reward: -0.10 | Time: 8.3s | Prob: A train travels at 57 km/h for... | Ans: 69.0
RL Step 4995 | Loss: 0.0001 | Avg Reward: -0.10 | Time: 8.4s | Prob: A train travels at 59 km/h for... | Ans: 79.0
RL Step 4996 | Loss: 0.0000 | Avg Reward: -0.10 | Time: 8.2s | Prob: A train travels at 78 km/h for... | Ans: 81.5
RL Step 4997 | Loss: 0.0001 | Avg Reward: -0.10 | Time: 8.4s | Prob: A train travels at 77 km/h for... | Ans: 75.86
RL Step 4998 | Loss: 0.0001 | Avg Reward: -0.10 | Time: 8.3s | Prob: A train travels at 64 km/h for... | Ans: 73.75
RL Step 4999 | Loss: 0.0001 | Avg Reward: -0.10 | Time: 8.4s | Prob: A train travels at 72 km/h for... | Ans: 79.67
RL Step 5000 | Loss: 0.0001 | Avg Reward: -0.10 | Time: 8.4s | Prob: A train travels at 58 km/h for... | Ans: 76.0
Saving RL Checkpoint at step 5000...
RL Step 5001 | Loss: -0.0000 | Avg Reward: -0.10 | Time: 8.4s | Prob: A train travels at 79 km/h for... | Ans: 84.71
RL Step 5002 | Loss: 0.0001 | Avg Reward: -0.10 | Time: 8.2s | Prob: A train travels at 49 km/h for... | Ans: 65.5
RL Step 5003 | Loss: 0.0000 | Avg Reward: -0.10 | Time: 8.2s | Prob: A train travels at 79 km/h for... | Ans: 88.0
RL Step 5004 | Loss: 0.0001 | Avg Reward: -0.10 | Time: 8.4s | Prob: A train travels at 55 km/h for... | Ans: 61.67
RL Step 5005 | Loss: 0.0098 | Avg Reward: 0.17 | Time: 8.2s | Prob: A train travels at 61 km/h for... | Ans: 66.5
RL Step 5006 | Loss: 0.0000 | Avg Reward: -0.10 | Time: 8.4s | Prob: A train travels at 77 km/h for... | Ans: 80.0
RL Step 5007 | Loss: 0.0001 | Avg Reward: -0.10 | Time: 8.3s | Prob: A train travels at 67 km/h for... | Ans: 87.71
RL Step 5008 | Loss: 0.0000 | Avg Reward: -0.10 | Time: 8.2s | Prob: A train travels at 56 km/h for... | Ans: 59.5
RL Step 5009 | Loss: 0.0137 | Avg Reward: 0.17 | Time: 8.3s | Prob: A train travels at 47 km/h for... | Ans: 75.0
RL Step 5010 | Loss: 0.0000 | Avg Reward: -0.10 | Time: 8.2s | Prob: A train travels at 77 km/h for... | Ans: 70.12
RL Step 5011 | Loss: 0.0001 | Avg Reward: -0.10 | Time: 8.3s | Prob: A train travels at 67 km/h for... | Ans: 87.67
RL Step 5012 | Loss: -0.0001 | Avg Reward: -0.10 | Time: 8.4s | Prob: A train travels at 43 km/h for... | Ans: 57.62
RL Step 5013 | Loss: 0.0001 | Avg Reward: -0.10 | Time: 8.2s | Prob: A train travels at 63 km/h for... | Ans: 73.8
RL Step 5014 | Loss: 0.0001 | Avg Reward: -0.10 | Time: 8.2s | Prob: A train travels at 78 km/h for... | Ans: 82.0
RL Step 5015 | Loss: 0.0000 | Avg Reward: -0.10 | Time: 8.3s | Prob: A train travels at 51 km/h for... | Ans: 62.62
RL Step 5016 | Loss: 0.0001 | Avg Reward: -0.10 | Time: 8.2s | Prob: A train travels at 51 km/h for... | Ans: 57.0
RL Step 5017 | Loss: -0.0000 | Avg Reward: -0.10 | Time: 8.3s | Prob: A train travels at 79 km/h for... | Ans: 81.0
RL Step 5018 | Loss: 0.0002 | Avg Reward: -0.10 | Time: 8.3s | Prob: A train travels at 68 km/h for... | Ans: 71.86
RL Step 5019 | Loss: 0.0001 | Avg Reward: -0.10 | Time: 8.3s | Prob: A train travels at 48 km/h for... | Ans: 57.71
RL Step 5020 | Loss: -0.0000 | Avg Reward: -0.10 | Time: 8.3s | Prob: A train travels at 65 km/h for... | Ans: 66.33
RL Step 5021 | Loss: 0.0001 | Avg Reward: -0.10 | Time: 8.2s | Prob: A train travels at 63 km/h for... | Ans: 61.5
RL Step 5022 | Loss: 0.0001 | Avg Reward: -0.10 | Time: 8.3s | Prob: A train travels at 78 km/h for... | Ans: 74.0
RL Step 5023 | Loss: 0.0001 | Avg Reward: -0.10 | Time: 8.3s | Prob: A train travels at 58 km/h for... | Ans: 68.0
RL Step 5024 | Loss: 0.0002 | Avg Reward: -0.10 | Time: 8.2s | Prob: A train travels at 54 km/h for... | Ans: 58.2
RL Step 5025 | Loss: 0.0001 | Avg Reward: -0.10 | Time: 8.3s | Prob: A train travels at 40 km/h for... | Ans: 58.57
RL Step 5026 | Loss: 0.0001 | Avg Reward: -0.10 | Time: 8.2s | Prob: A train travels at 80 km/h for... | Ans: 85.6
RL Step 5027 | Loss: 0.0001 | Avg Reward: -0.10 | Time: 8.3s | Prob: A train travels at 56 km/h for... | Ans: 71.0
RL Step 5028 | Loss: 0.0001 | Avg Reward: -0.10 | Time: 8.4s | Prob: A train travels at 57 km/h for... | Ans: 67.56
RL Step 5029 | Loss: 0.0002 | Avg Reward: -0.10 | Time: 8.2s | Prob: A train travels at 45 km/h for... | Ans: 60.6
RL Step 5030 | Loss: 0.0000 | Avg Reward: -0.10 | Time: 8.3s | Prob: A train travels at 49 km/h for... | Ans: 58.86
RL Step 5031 | Loss: -0.0117 | Avg Reward: 0.17 | Time: 8.2s | Prob: A train travels at 76 km/h for... | Ans: 76.0
RL Step 5032 | Loss: 0.0000 | Avg Reward: -0.10 | Time: 8.4s | Prob: A train travels at 45 km/h for... | Ans: 62.78
RL Step 5033 | Loss: 0.0137 | Avg Reward: 0.17 | Time: 8.2s | Prob: A train travels at 77 km/h for... | Ans: 80.5
RL Step 5034 | Loss: 0.0001 | Avg Reward: -0.10 | Time: 8.4s | Prob: A train travels at 53 km/h for... | Ans: 73.14
RL Step 5035 | Loss: -0.0000 | Avg Reward: -0.10 | Time: 8.3s | Prob: A train travels at 66 km/h for... | Ans: 78.5
RL Step 5036 | Loss: 0.0001 | Avg Reward: -0.10 | Time: 8.4s | Prob: A train travels at 71 km/h for... | Ans: 76.25
RL Step 5037 | Loss: 0.0001 | Avg Reward: -0.10 | Time: 8.2s | Prob: A train travels at 72 km/h for... | Ans: 73.5
RL Step 5038 | Loss: 0.0001 | Avg Reward: -0.10 | Time: 8.3s | Prob: A train travels at 58 km/h for... | Ans: 62.38
RL Step 5039 | Loss: 0.0000 | Avg Reward: -0.10 | Time: 8.4s | Prob: A train travels at 73 km/h for... | Ans: 79.29
RL Step 5040 | Loss: 0.0000 | Avg Reward: -0.10 | Time: 8.4s | Prob: A train travels at 44 km/h for... | Ans: 68.0
RL Step 5041 | Loss: 0.0001 | Avg Reward: -0.10 | Time: 8.1s | Prob: A train travels at 70 km/h for... | Ans: 73.0
RL Step 5042 | Loss: 0.0001 | Avg Reward: -0.10 | Time: 8.4s | Prob: A train travels at 44 km/h for... | Ans: 63.44
RL Step 5043 | Loss: 0.0001 | Avg Reward: -0.10 | Time: 8.2s | Prob: A train travels at 68 km/h for... | Ans: 83.0
RL Step 5044 | Loss: 0.0002 | Avg Reward: -0.10 | Time: 8.4s | Prob: A train travels at 43 km/h for... | Ans: 69.11
RL Step 5045 | Loss: 0.0001 | Avg Reward: -0.10 | Time: 8.4s | Prob: A train travels at 53 km/h for... | Ans: 60.43
RL Step 5046 | Loss: 0.0001 | Avg Reward: -0.10 | Time: 8.3s | Prob: A train travels at 42 km/h for... | Ans: 60.43
RL Step 5047 | Loss: 0.0003 | Avg Reward: -0.10 | Time: 8.3s | Prob: A train travels at 64 km/h for... | Ans: 80.0
RL Step 5048 | Loss: 0.0003 | Avg Reward: -0.10 | Time: 8.2s | Prob: A train travels at 47 km/h for... | Ans: 67.4
RL Step 5049 | Loss: 0.0000 | Avg Reward: -0.10 | Time: 8.4s | Prob: A train travels at 62 km/h for... | Ans: 85.12
RL Step 5050 | Loss: 0.0002 | Avg Reward: -0.10 | Time: 8.3s | Prob: A train travels at 49 km/h for... | Ans: 75.67
RL Step 5051 | Loss: 0.0000 | Avg Reward: -0.10 | Time: 8.3s | Prob: A train travels at 62 km/h for... | Ans: 76.67
RL Step 5052 | Loss: 0.0000 | Avg Reward: -0.10 | Time: 8.3s | Prob: A train travels at 50 km/h for... | Ans: 54.71
RL Step 5053 | Loss: 0.0001 | Avg Reward: -0.10 | Time: 8.3s | Prob: A train travels at 65 km/h for... | Ans: 64.44
RL Step 5054 | Loss: 0.0000 | Avg Reward: -0.10 | Time: 8.4s | Prob: A train travels at 56 km/h for... | Ans: 60.29
RL Step 5055 | Loss: 0.0001 | Avg Reward: -0.10 | Time: 8.4s | Prob: A train travels at 49 km/h for... | Ans: 55.86
RL Step 5056 | Loss: 0.0001 | Avg Reward: -0.10 | Time: 8.3s | Prob: A train travels at 41 km/h for... | Ans: 47.33
RL Step 5057 | Loss: 0.0000 | Avg Reward: -0.10 | Time: 8.3s | Prob: A train travels at 71 km/h for... | Ans: 81.0
RL Step 5058 | Loss: 0.0000 | Avg Reward: -0.10 | Time: 8.3s | Prob: A train travels at 56 km/h for... | Ans: 69.33
RL Step 5059 | Loss: 0.0001 | Avg Reward: -0.10 | Time: 8.4s | Prob: A train travels at 77 km/h for... | Ans: 79.29
RL Step 5060 | Loss: -0.0078 | Avg Reward: 0.17 | Time: 8.3s | Prob: A train travels at 44 km/h for... | Ans: 62.0
RL Step 5061 | Loss: 0.0001 | Avg Reward: -0.10 | Time: 8.2s | Prob: A train travels at 45 km/h for... | Ans: 61.0
RL Step 5062 | Loss: -0.0156 | Avg Reward: 0.17 | Time: 8.2s | Prob: A train travels at 47 km/h for... | Ans: 68.0
RL Step 5063 | Loss: 0.0000 | Avg Reward: -0.10 | Time: 8.4s | Prob: A train travels at 60 km/h for... | Ans: 63.0
RL Step 5064 | Loss: 0.0001 | Avg Reward: -0.10 | Time: 8.4s | Prob: A train travels at 61 km/h for... | Ans: 74.33
RL Step 5065 | Loss: 0.0001 | Avg Reward: -0.10 | Time: 8.3s | Prob: A train travels at 68 km/h for... | Ans: 67.14
RL Step 5066 | Loss: 0.0001 | Avg Reward: -0.10 | Time: 8.3s | Prob: A train travels at 42 km/h for... | Ans: 50.44
RL Step 5067 | Loss: 0.0003 | Avg Reward: -0.10 | Time: 8.2s | Prob: A train travels at 44 km/h for... | Ans: 77.0
RL Step 5068 | Loss: 0.0001 | Avg Reward: -0.10 | Time: 8.3s | Prob: A train travels at 64 km/h for... | Ans: 83.43
RL Step 5069 | Loss: -0.0000 | Avg Reward: -0.10 | Time: 8.3s | Prob: A train travels at 40 km/h for... | Ans: 60.0
RL Step 5070 | Loss: 0.0001 | Avg Reward: -0.10 | Time: 8.4s | Prob: A train travels at 62 km/h for... | Ans: 74.0
RL Step 5071 | Loss: 0.0001 | Avg Reward: -0.10 | Time: 8.4s | Prob: A train travels at 76 km/h for... | Ans: 74.71
RL Step 5072 | Loss: 0.0001 | Avg Reward: -0.10 | Time: 8.2s | Prob: A train travels at 55 km/h for... | Ans: 74.8
RL Step 5073 | Loss: 0.0001 | Avg Reward: -0.10 | Time: 8.4s | Prob: A train travels at 60 km/h for... | Ans: 67.43
RL Step 5074 | Loss: 0.0000 | Avg Reward: -0.10 | Time: 8.4s | Prob: A train travels at 65 km/h for... | Ans: 71.86
RL Step 5075 | Loss: 0.0000 | Avg Reward: -0.10 | Time: 8.3s | Prob: A train travels at 43 km/h for... | Ans: 64.6
RL Step 5076 | Loss: 0.0234 | Avg Reward: 0.17 | Time: 8.2s | Prob: A train travels at 80 km/h for... | Ans: 79.5
RL Step 5077 | Loss: 0.0001 | Avg Reward: -0.10 | Time: 8.2s | Prob: A train travels at 63 km/h for... | Ans: 77.5
RL Step 5078 | Loss: 0.0001 | Avg Reward: -0.10 | Time: 8.2s | Prob: A train travels at 80 km/h for... | Ans: 74.0
RL Step 5079 | Loss: 0.0000 | Avg Reward: -0.10 | Time: 8.3s | Prob: A train travels at 55 km/h for... | Ans: 68.12
RL Step 5080 | Loss: 0.0001 | Avg Reward: -0.10 | Time: 8.1s | Prob: A train travels at 72 km/h for... | Ans: 76.0
RL Step 5081 | Loss: 0.0001 | Avg Reward: -0.10 | Time: 8.2s | Prob: A train travels at 74 km/h for... | Ans: 80.6
RL Step 5082 | Loss: 0.0000 | Avg Reward: -0.10 | Time: 8.2s | Prob: A train travels at 68 km/h for... | Ans: 69.5
RL Step 5083 | Loss: 0.0000 | Avg Reward: -0.10 | Time: 8.3s | Prob: A train travels at 70 km/h for... | Ans: 88.75
RL Step 5084 | Loss: 0.0000 | Avg Reward: -0.10 | Time: 8.3s | Prob: A train travels at 78 km/h for... | Ans: 84.43
RL Step 5085 | Loss: 0.0000 | Avg Reward: -0.10 | Time: 8.4s | Prob: A train travels at 44 km/h for... | Ans: 54.12
RL Step 5086 | Loss: 0.0391 | Avg Reward: 0.17 | Time: 8.4s | Prob: A train travels at 62 km/h for... | Ans: 66.67
RL Step 5087 | Loss: 0.0001 | Avg Reward: -0.10 | Time: 8.4s | Prob: A train travels at 69 km/h for... | Ans: 88.38
RL Step 5088 | Loss: 0.0001 | Avg Reward: -0.10 | Time: 8.4s | Prob: A train travels at 40 km/h for... | Ans: 51.11
RL Step 5089 | Loss: 0.0001 | Avg Reward: -0.10 | Time: 8.3s | Prob: A train travels at 56 km/h for... | Ans: 63.71
RL Step 5090 | Loss: 0.0001 | Avg Reward: -0.10 | Time: 8.2s | Prob: A train travels at 53 km/h for... | Ans: 57.0
RL Step 5091 | Loss: 0.0001 | Avg Reward: -0.10 | Time: 8.3s | Prob: A train travels at 67 km/h for... | Ans: 65.0
RL Step 5092 | Loss: 0.0001 | Avg Reward: -0.10 | Time: 8.1s | Prob: A train travels at 59 km/h for... | Ans: 59.8
RL Step 5093 | Loss: 0.0001 | Avg Reward: -0.10 | Time: 8.3s | Prob: A train travels at 45 km/h for... | Ans: 65.67
RL Step 5094 | Loss: 0.0001 | Avg Reward: -0.10 | Time: 8.2s | Prob: A train travels at 77 km/h for... | Ans: 87.5
RL Step 5095 | Loss: 0.0002 | Avg Reward: -0.10 | Time: 8.3s | Prob: A train travels at 76 km/h for... | Ans: 81.14
RL Step 5096 | Loss: 0.0001 | Avg Reward: -0.10 | Time: 8.4s | Prob: A train travels at 77 km/h for... | Ans: 86.33
RL Step 5097 | Loss: 0.0000 | Avg Reward: -0.10 | Time: 8.2s | Prob: A train travels at 68 km/h for... | Ans: 79.2
RL Step 5098 | Loss: 0.0000 | Avg Reward: -0.10 | Time: 8.3s | Prob: A train travels at 44 km/h for... | Ans: 54.86
RL Step 5099 | Loss: 0.0156 | Avg Reward: 0.17 | Time: 8.2s | Prob: A train travels at 51 km/h for... | Ans: 65.0
RL Step 5100 | Loss: 0.0001 | Avg Reward: -0.10 | Time: 8.2s | Prob: A train travels at 65 km/h for... | Ans: 74.2
RL Step 5101 | Loss: 0.0001 | Avg Reward: -0.10 | Time: 8.4s | Prob: A train travels at 63 km/h for... | Ans: 63.62
RL Step 5102 | Loss: 0.0001 | Avg Reward: -0.10 | Time: 8.3s | Prob: A train travels at 60 km/h for... | Ans: 68.33
RL Step 5103 | Loss: 0.0059 | Avg Reward: 0.17 | Time: 8.3s | Prob: A train travels at 78 km/h for... | Ans: 82.67
RL Step 5104 | Loss: 0.0001 | Avg Reward: -0.10 | Time: 8.2s | Prob: A train travels at 76 km/h for... | Ans: 75.2
RL Step 5105 | Loss: 0.0002 | Avg Reward: -0.10 | Time: 8.2s | Prob: A train travels at 40 km/h for... | Ans: 69.0
RL Step 5106 | Loss: 0.0000 | Avg Reward: -0.10 | Time: 8.3s | Prob: A train travels at 62 km/h for... | Ans: 74.57
RL Step 5107 | Loss: 0.0001 | Avg Reward: -0.10 | Time: 8.4s | Prob: A train travels at 54 km/h for... | Ans: 82.67
RL Step 5108 | Loss: 0.0098 | Avg Reward: 0.17 | Time: 8.3s | Prob: A train travels at 75 km/h for... | Ans: 88.33
RL Step 5109 | Loss: 0.0001 | Avg Reward: -0.10 | Time: 8.2s | Prob: A train travels at 62 km/h for... | Ans: 62.6
RL Step 5110 | Loss: 0.0000 | Avg Reward: -0.10 | Time: 8.4s | Prob: A train travels at 65 km/h for... | Ans: 67.22
RL Step 5111 | Loss: 0.0000 | Avg Reward: -0.10 | Time: 8.2s | Prob: A train travels at 76 km/h for... | Ans: 76.4
RL Step 5112 | Loss: 0.0000 | Avg Reward: -0.10 | Time: 8.2s | Prob: A train travels at 75 km/h for... | Ans: 75.0
RL Step 5113 | Loss: 0.0001 | Avg Reward: -0.10 | Time: 8.4s | Prob: A train travels at 80 km/h for... | Ans: 78.0
RL Step 5114 | Loss: 0.0001 | Avg Reward: -0.10 | Time: 8.2s | Prob: A train travels at 72 km/h for... | Ans: 76.2
RL Step 5115 | Loss: 0.0001 | Avg Reward: -0.10 | Time: 8.3s | Prob: A train travels at 51 km/h for... | Ans: 61.12
RL Step 5116 | Loss: 0.0001 | Avg Reward: -0.10 | Time: 8.3s | Prob: A train travels at 74 km/h for... | Ans: 74.57
RL Step 5117 | Loss: 0.0000 | Avg Reward: -0.10 | Time: 8.3s | Prob: A train travels at 72 km/h for... | Ans: 85.33
RL Step 5118 | Loss: 0.0001 | Avg Reward: -0.10 | Time: 8.3s | Prob: A train travels at 72 km/h for... | Ans: 77.14
RL Step 5119 | Loss: -0.0078 | Avg Reward: 0.17 | Time: 8.3s | Prob: A train travels at 74 km/h for... | Ans: 72.29
RL Step 5120 | Loss: 0.0001 | Avg Reward: -0.10 | Time: 8.4s | Prob: A train travels at 43 km/h for... | Ans: 56.5
RL Step 5121 | Loss: 0.0001 | Avg Reward: -0.10 | Time: 8.3s | Prob: A train travels at 57 km/h for... | Ans: 64.12
RL Step 5122 | Loss: 0.0001 | Avg Reward: -0.10 | Time: 8.4s | Prob: A train travels at 59 km/h for... | Ans: 64.56
RL Step 5123 | Loss: 0.0002 | Avg Reward: -0.10 | Time: 8.3s | Prob: A train travels at 57 km/h for... | Ans: 73.0
RL Step 5124 | Loss: 0.0001 | Avg Reward: -0.10 | Time: 8.1s | Prob: A train travels at 40 km/h for... | Ans: 62.5
RL Step 5125 | Loss: 0.0001 | Avg Reward: -0.10 | Time: 8.3s | Prob: A train travels at 76 km/h for... | Ans: 83.33
RL Step 5126 | Loss: 0.0000 | Avg Reward: -0.10 | Time: 8.3s | Prob: A train travels at 41 km/h for... | Ans: 53.38
RL Step 5127 | Loss: 0.0002 | Avg Reward: -0.10 | Time: 8.4s | Prob: A train travels at 60 km/h for... | Ans: 65.33
RL Step 5128 | Loss: 0.0001 | Avg Reward: -0.10 | Time: 8.3s | Prob: A train travels at 55 km/h for... | Ans: 78.57
RL Step 5129 | Loss: -0.0001 | Avg Reward: -0.10 | Time: 8.3s | Prob: A train travels at 79 km/h for... | Ans: 71.44
RL Step 5130 | Loss: 0.0000 | Avg Reward: -0.10 | Time: 8.3s | Prob: A train travels at 65 km/h for... | Ans: 77.0
RL Step 5131 | Loss: 0.0000 | Avg Reward: -0.10 | Time: 8.4s | Prob: A train travels at 74 km/h for... | Ans: 75.5
RL Step 5132 | Loss: 0.0002 | Avg Reward: -0.10 | Time: 8.3s | Prob: A train travels at 80 km/h for... | Ans: 92.0
RL Step 5133 | Loss: -0.0000 | Avg Reward: -0.10 | Time: 8.2s | Prob: A train travels at 66 km/h for... | Ans: 65.6
RL Step 5134 | Loss: 0.0001 | Avg Reward: -0.10 | Time: 8.4s | Prob: A train travels at 72 km/h for... | Ans: 71.14
RL Step 5135 | Loss: 0.0001 | Avg Reward: -0.10 | Time: 8.2s | Prob: A train travels at 77 km/h for... | Ans: 76.5
RL Step 5136 | Loss: 0.0273 | Avg Reward: 0.17 | Time: 8.3s | Prob: A train travels at 72 km/h for... | Ans: 75.5
RL Step 5137 | Loss: 0.0001 | Avg Reward: -0.10 | Time: 8.2s | Prob: A train travels at 52 km/h for... | Ans: 56.0
RL Step 5138 | Loss: 0.0001 | Avg Reward: -0.10 | Time: 8.2s | Prob: A train travels at 79 km/h for... | Ans: 77.4
RL Step 5139 | Loss: 0.0001 | Avg Reward: -0.10 | Time: 8.4s | Prob: A train travels at 54 km/h for... | Ans: 68.0
RL Step 5140 | Loss: 0.0000 | Avg Reward: 0.17 | Time: 8.4s | Prob: A train travels at 49 km/h for... | Ans: 77.12
RL Step 5141 | Loss: 0.0254 | Avg Reward: 0.17 | Time: 8.4s | Prob: A train travels at 51 km/h for... | Ans: 68.25
RL Step 5142 | Loss: -0.0000 | Avg Reward: -0.10 | Time: 8.4s | Prob: A train travels at 78 km/h for... | Ans: 84.43
RL Step 5143 | Loss: 0.0001 | Avg Reward: -0.10 | Time: 8.4s | Prob: A train travels at 42 km/h for... | Ans: 67.56
RL Step 5144 | Loss: 0.0000 | Avg Reward: -0.10 | Time: 8.3s | Prob: A train travels at 51 km/h for... | Ans: 58.0
RL Step 5145 | Loss: 0.0001 | Avg Reward: -0.10 | Time: 8.3s | Prob: A train travels at 44 km/h for... | Ans: 64.14
RL Step 5146 | Loss: 0.0002 | Avg Reward: -0.10 | Time: 8.1s | Prob: A train travels at 51 km/h for... | Ans: 65.4
RL Step 5147 | Loss: 0.0000 | Avg Reward: -0.10 | Time: 8.4s | Prob: A train travels at 50 km/h for... | Ans: 65.33
RL Step 5148 | Loss: -0.0039 | Avg Reward: 0.17 | Time: 8.2s | Prob: A train travels at 68 km/h for... | Ans: 71.0
RL Step 5149 | Loss: 0.0001 | Avg Reward: -0.10 | Time: 8.3s | Prob: A train travels at 47 km/h for... | Ans: 54.67
RL Step 5150 | Loss: 0.0000 | Avg Reward: -0.10 | Time: 8.4s | Prob: A train travels at 59 km/h for... | Ans: 64.78
RL Step 5151 | Loss: 0.0002 | Avg Reward: -0.10 | Time: 8.4s | Prob: A train travels at 52 km/h for... | Ans: 70.43
RL Step 5152 | Loss: 0.0000 | Avg Reward: -0.10 | Time: 8.4s | Prob: A train travels at 69 km/h for... | Ans: 72.12
RL Step 5153 | Loss: 0.0001 | Avg Reward: -0.10 | Time: 8.4s | Prob: A train travels at 79 km/h for... | Ans: 76.5
RL Step 5154 | Loss: 0.0078 | Avg Reward: 0.17 | Time: 8.4s | Prob: A train travels at 50 km/h for... | Ans: 59.71
RL Step 5155 | Loss: 0.0001 | Avg Reward: -0.10 | Time: 8.2s | Prob: A train travels at 48 km/h for... | Ans: 58.0
RL Step 5156 | Loss: 0.0001 | Avg Reward: -0.10 | Time: 8.3s | Prob: A train travels at 43 km/h for... | Ans: 53.56
RL Step 5157 | Loss: 0.0001 | Avg Reward: -0.10 | Time: 8.4s | Prob: A train travels at 47 km/h for... | Ans: 55.33
RL Step 5158 | Loss: 0.0000 | Avg Reward: -0.10 | Time: 8.3s | Prob: A train travels at 50 km/h for... | Ans: 68.0
RL Step 5159 | Loss: 0.0001 | Avg Reward: -0.10 | Time: 8.3s | Prob: A train travels at 79 km/h for... | Ans: 84.5
RL Step 5160 | Loss: 0.0000 | Avg Reward: -0.10 | Time: 8.3s | Prob: A train travels at 65 km/h for... | Ans: 65.75
RL Step 5161 | Loss: -0.0098 | Avg Reward: 0.17 | Time: 8.3s | Prob: A train travels at 70 km/h for... | Ans: 69.0
RL Step 5162 | Loss: 0.0000 | Avg Reward: -0.10 | Time: 8.2s | Prob: A train travels at 75 km/h for... | Ans: 72.5
RL Step 5163 | Loss: 0.0002 | Avg Reward: -0.10 | Time: 8.4s | Prob: A train travels at 70 km/h for... | Ans: 65.71
RL Step 5164 | Loss: 0.0001 | Avg Reward: -0.10 | Time: 8.4s | Prob: A train travels at 53 km/h for... | Ans: 59.86
RL Step 5165 | Loss: 0.0002 | Avg Reward: -0.10 | Time: 8.4s | Prob: A train travels at 61 km/h for... | Ans: 83.14
RL Step 5166 | Loss: 0.0001 | Avg Reward: -0.10 | Time: 8.2s | Prob: A train travels at 66 km/h for... | Ans: 72.5
RL Step 5167 | Loss: 0.0001 | Avg Reward: -0.10 | Time: 8.3s | Prob: A train travels at 65 km/h for... | Ans: 74.0
RL Step 5168 | Loss: 0.0001 | Avg Reward: -0.10 | Time: 8.4s | Prob: A train travels at 60 km/h for... | Ans: 67.71
RL Step 5169 | Loss: 0.0001 | Avg Reward: -0.10 | Time: 8.4s | Prob: A train travels at 75 km/h for... | Ans: 76.43
RL Step 5170 | Loss: 0.0000 | Avg Reward: 0.17 | Time: 8.3s | Prob: A train travels at 69 km/h for... | Ans: 69.0
RL Step 5171 | Loss: -0.0156 | Avg Reward: 0.17 | Time: 8.2s | Prob: A train travels at 41 km/h for... | Ans: 62.0
RL Step 5172 | Loss: 0.0001 | Avg Reward: -0.10 | Time: 8.3s | Prob: A train travels at 75 km/h for... | Ans: 76.67
RL Step 5173 | Loss: 0.0001 | Avg Reward: -0.10 | Time: 8.4s | Prob: A train travels at 65 km/h for... | Ans: 69.44
RL Step 5174 | Loss: 0.0000 | Avg Reward: -0.10 | Time: 8.4s | Prob: A train travels at 44 km/h for... | Ans: 62.0
RL Step 5175 | Loss: 0.0002 | Avg Reward: -0.10 | Time: 8.2s | Prob: A train travels at 50 km/h for... | Ans: 62.5
RL Step 5176 | Loss: 0.0001 | Avg Reward: -0.10 | Time: 8.3s | Prob: A train travels at 69 km/h for... | Ans: 75.67
RL Step 5177 | Loss: 0.0195 | Avg Reward: 0.17 | Time: 8.4s | Prob: A train travels at 56 km/h for... | Ans: 68.86
RL Step 5178 | Loss: 0.0001 | Avg Reward: -0.10 | Time: 8.1s | Prob: A train travels at 75 km/h for... | Ans: 73.5
RL Step 5179 | Loss: -0.0039 | Avg Reward: 0.17 | Time: 8.4s | Prob: A train travels at 56 km/h for... | Ans: 64.57
RL Step 5180 | Loss: 0.0001 | Avg Reward: -0.10 | Time: 8.3s | Prob: A train travels at 80 km/h for... | Ans: 90.0
RL Step 5181 | Loss: 0.0001 | Avg Reward: -0.10 | Time: 8.2s | Prob: A train travels at 50 km/h for... | Ans: 60.8
RL Step 5182 | Loss: 0.0002 | Avg Reward: -0.10 | Time: 8.2s | Prob: A train travels at 66 km/h for... | Ans: 75.5
RL Step 5183 | Loss: -0.0000 | Avg Reward: -0.10 | Time: 8.2s | Prob: A train travels at 55 km/h for... | Ans: 61.5
RL Step 5184 | Loss: 0.0001 | Avg Reward: -0.10 | Time: 8.4s | Prob: A train travels at 57 km/h for... | Ans: 69.78
RL Step 5185 | Loss: 0.0001 | Avg Reward: -0.10 | Time: 8.2s | Prob: A train travels at 40 km/h for... | Ans: 62.4
RL Step 5186 | Loss: 0.0005 | Avg Reward: -0.10 | Time: 8.2s | Prob: A train travels at 76 km/h for... | Ans: 70.6
RL Step 5187 | Loss: 0.0002 | Avg Reward: -0.10 | Time: 8.4s | Prob: A train travels at 51 km/h for... | Ans: 74.43
RL Step 5188 | Loss: 0.0001 | Avg Reward: -0.10 | Time: 8.4s | Prob: A train travels at 59 km/h for... | Ans: 80.71
RL Step 5189 | Loss: 0.0003 | Avg Reward: -0.10 | Time: 8.3s | Prob: A train travels at 76 km/h for... | Ans: 67.67
RL Step 5190 | Loss: 0.0002 | Avg Reward: -0.10 | Time: 8.3s | Prob: A train travels at 68 km/h for... | Ans: 65.5
RL Step 5191 | Loss: 0.0000 | Avg Reward: -0.10 | Time: 8.3s | Prob: A train travels at 60 km/h for... | Ans: 77.5
RL Step 5192 | Loss: 0.0001 | Avg Reward: -0.10 | Time: 8.4s | Prob: A train travels at 60 km/h for... | Ans: 72.78
RL Step 5193 | Loss: 0.0001 | Avg Reward: -0.10 | Time: 8.4s | Prob: A train travels at 79 km/h for... | Ans: 77.22
RL Step 5194 | Loss: 0.0001 | Avg Reward: -0.10 | Time: 8.2s | Prob: A train travels at 52 km/h for... | Ans: 59.6
RL Step 5195 | Loss: 0.0001 | Avg Reward: -0.10 | Time: 8.4s | Prob: A train travels at 61 km/h for... | Ans: 72.25
RL Step 5196 | Loss: 0.0001 | Avg Reward: -0.10 | Time: 8.2s | Prob: A train travels at 68 km/h for... | Ans: 76.0
RL Step 5197 | Loss: 0.0001 | Avg Reward: -0.10 | Time: 8.4s | Prob: A train travels at 63 km/h for... | Ans: 71.25
RL Step 5198 | Loss: 0.0001 | Avg Reward: -0.10 | Time: 8.2s | Prob: A train travels at 55 km/h for... | Ans: 65.2
RL Step 5199 | Loss: -0.0000 | Avg Reward: -0.10 | Time: 8.2s | Prob: A train travels at 62 km/h for... | Ans: 68.4
RL Step 5200 | Loss: 0.0001 | Avg Reward: -0.10 | Time: 8.3s | Prob: A train travels at 44 km/h for... | Ans: 52.0
Saving RL Checkpoint at step 5200...
RL Step 5201 | Loss: 0.0001 | Avg Reward: -0.10 | Time: 8.4s | Prob: A train travels at 40 km/h for... | Ans: 70.0
RL Step 5202 | Loss: 0.0001 | Avg Reward: -0.10 | Time: 8.4s | Prob: A train travels at 68 km/h for... | Ans: 77.75
RL Step 5203 | Loss: 0.0000 | Avg Reward: -0.10 | Time: 8.3s | Prob: A train travels at 44 km/h for... | Ans: 59.0
RL Step 5204 | Loss: 0.0000 | Avg Reward: -0.10 | Time: 8.3s | Prob: A train travels at 54 km/h for... | Ans: 63.0
RL Step 5205 | Loss: 0.0137 | Avg Reward: 0.17 | Time: 8.2s | Prob: A train travels at 63 km/h for... | Ans: 74.0
RL Step 5206 | Loss: 0.0000 | Avg Reward: -0.10 | Time: 8.2s | Prob: A train travels at 57 km/h for... | Ans: 65.0
RL Step 5207 | Loss: 0.0003 | Avg Reward: -0.10 | Time: 8.4s | Prob: A train travels at 76 km/h for... | Ans: 70.22
RL Step 5208 | Loss: 0.0000 | Avg Reward: -0.10 | Time: 8.3s | Prob: A train travels at 43 km/h for... | Ans: 72.14
RL Step 5209 | Loss: 0.0001 | Avg Reward: -0.10 | Time: 8.2s | Prob: A train travels at 71 km/h for... | Ans: 65.5
RL Step 5210 | Loss: 0.0176 | Avg Reward: 0.17 | Time: 8.2s | Prob: A train travels at 55 km/h for... | Ans: 63.0
RL Step 5211 | Loss: 0.0002 | Avg Reward: -0.10 | Time: 8.3s | Prob: A train travels at 51 km/h for... | Ans: 67.0
RL Step 5212 | Loss: 0.0002 | Avg Reward: -0.10 | Time: 8.2s | Prob: A train travels at 72 km/h for... | Ans: 70.5
RL Step 5213 | Loss: 0.0001 | Avg Reward: -0.10 | Time: 8.4s | Prob: A train travels at 45 km/h for... | Ans: 52.43
RL Step 5214 | Loss: 0.0001 | Avg Reward: -0.10 | Time: 8.2s | Prob: A train travels at 61 km/h for... | Ans: 63.5
RL Step 5215 | Loss: 0.0001 | Avg Reward: -0.10 | Time: 8.3s | Prob: A train travels at 52 km/h for... | Ans: 59.5
RL Step 5216 | Loss: 0.0001 | Avg Reward: -0.10 | Time: 8.2s | Prob: A train travels at 64 km/h for... | Ans: 69.0
RL Step 5217 | Loss: 0.0002 | Avg Reward: -0.10 | Time: 8.2s | Prob: A train travels at 55 km/h for... | Ans: 76.0
RL Step 5218 | Loss: -0.0000 | Avg Reward: -0.10 | Time: 8.4s | Prob: A train travels at 73 km/h for... | Ans: 66.75
RL Step 5219 | Loss: 0.0000 | Avg Reward: -0.10 | Time: 8.4s | Prob: A train travels at 76 km/h for... | Ans: 86.22
RL Step 5220 | Loss: -0.0000 | Avg Reward: -0.10 | Time: 8.3s | Prob: A train travels at 64 km/h for... | Ans: 71.67
RL Step 5221 | Loss: -0.0001 | Avg Reward: -0.10 | Time: 8.2s | Prob: A train travels at 56 km/h for... | Ans: 60.0
RL Step 5222 | Loss: -0.0059 | Avg Reward: 0.17 | Time: 8.4s | Prob: A train travels at 60 km/h for... | Ans: 62.57
RL Step 5223 | Loss: 0.0000 | Avg Reward: -0.10 | Time: 8.4s | Prob: A train travels at 58 km/h for... | Ans: 65.43
RL Step 5224 | Loss: 0.0156 | Avg Reward: 0.17 | Time: 8.3s | Prob: A train travels at 62 km/h for... | Ans: 66.67
RL Step 5225 | Loss: -0.0000 | Avg Reward: -0.10 | Time: 8.2s | Prob: A train travels at 80 km/h for... | Ans: 87.8
RL Step 5226 | Loss: 0.0078 | Avg Reward: 0.17 | Time: 8.2s | Prob: A train travels at 74 km/h for... | Ans: 83.5
RL Step 5227 | Loss: 0.0002 | Avg Reward: -0.10 | Time: 8.3s | Prob: A train travels at 49 km/h for... | Ans: 71.5
RL Step 5228 | Loss: 0.0000 | Avg Reward: -0.10 | Time: 8.2s | Prob: A train travels at 46 km/h for... | Ans: 60.0
RL Step 5229 | Loss: 0.0001 | Avg Reward: -0.10 | Time: 8.4s | Prob: A train travels at 61 km/h for... | Ans: 70.75
RL Step 5230 | Loss: 0.0000 | Avg Reward: -0.10 | Time: 8.2s | Prob: A train travels at 44 km/h for... | Ans: 67.0
RL Step 5231 | Loss: -0.0000 | Avg Reward: -0.10 | Time: 8.4s | Prob: A train travels at 60 km/h for... | Ans: 70.86
RL Step 5232 | Loss: 0.0000 | Avg Reward: -0.10 | Time: 8.4s | Prob: A train travels at 73 km/h for... | Ans: 70.71
RL Step 5233 | Loss: 0.0001 | Avg Reward: -0.10 | Time: 8.2s | Prob: A train travels at 78 km/h for... | Ans: 72.0
RL Step 5234 | Loss: 0.0020 | Avg Reward: 0.17 | Time: 8.2s | Prob: A train travels at 40 km/h for... | Ans: 68.5
RL Step 5235 | Loss: 0.0001 | Avg Reward: -0.10 | Time: 8.4s | Prob: A train travels at 57 km/h for... | Ans: 69.29
RL Step 5236 | Loss: 0.0000 | Avg Reward: 0.17 | Time: 8.2s | Prob: A train travels at 54 km/h for... | Ans: 58.4
RL Step 5237 | Loss: 0.0001 | Avg Reward: -0.10 | Time: 8.2s | Prob: A train travels at 73 km/h for... | Ans: 80.2
RL Step 5238 | Loss: 0.0001 | Avg Reward: -0.10 | Time: 8.2s | Prob: A train travels at 52 km/h for... | Ans: 68.2
RL Step 5239 | Loss: 0.0001 | Avg Reward: -0.10 | Time: 8.2s | Prob: A train travels at 58 km/h for... | Ans: 73.6
RL Step 5240 | Loss: 0.0000 | Avg Reward: -0.10 | Time: 8.2s | Prob: A train travels at 76 km/h for... | Ans: 69.6
RL Step 5241 | Loss: 0.0001 | Avg Reward: -0.10 | Time: 8.4s | Prob: A train travels at 71 km/h for... | Ans: 78.14
RL Step 5242 | Loss: 0.0000 | Avg Reward: -0.10 | Time: 8.2s | Prob: A train travels at 51 km/h for... | Ans: 56.5
RL Step 5243 | Loss: 0.0001 | Avg Reward: -0.10 | Time: 8.4s | Prob: A train travels at 80 km/h for... | Ans: 85.0
RL Step 5244 | Loss: 0.0000 | Avg Reward: -0.10 | Time: 8.2s | Prob: A train travels at 45 km/h for... | Ans: 59.5
RL Step 5245 | Loss: 0.0001 | Avg Reward: -0.10 | Time: 8.3s | Prob: A train travels at 74 km/h for... | Ans: 76.33
RL Step 5246 | Loss: 0.0000 | Avg Reward: -0.10 | Time: 8.3s | Prob: A train travels at 79 km/h for... | Ans: 89.56
RL Step 5247 | Loss: 0.0001 | Avg Reward: -0.10 | Time: 8.3s | Prob: A train travels at 53 km/h for... | Ans: 75.14
RL Step 5248 | Loss: -0.0000 | Avg Reward: -0.10 | Time: 8.3s | Prob: A train travels at 79 km/h for... | Ans: 80.12
RL Step 5249 | Loss: 0.0001 | Avg Reward: -0.10 | Time: 8.3s | Prob: A train travels at 72 km/h for... | Ans: 75.5
RL Step 5250 | Loss: 0.0000 | Avg Reward: -0.10 | Time: 8.2s | Prob: A train travels at 62 km/h for... | Ans: 65.6
RL Step 5251 | Loss: 0.0001 | Avg Reward: -0.10 | Time: 8.2s | Prob: A train travels at 50 km/h for... | Ans: 60.4
RL Step 5252 | Loss: 0.0000 | Avg Reward: -0.10 | Time: 8.2s | Prob: A train travels at 62 km/h for... | Ans: 62.4
RL Step 5253 | Loss: 0.0001 | Avg Reward: -0.10 | Time: 8.2s | Prob: A train travels at 70 km/h for... | Ans: 75.5
RL Step 5254 | Loss: 0.0000 | Avg Reward: -0.10 | Time: 8.2s | Prob: A train travels at 49 km/h for... | Ans: 56.2
RL Step 5255 | Loss: 0.0000 | Avg Reward: -0.10 | Time: 8.2s | Prob: A train travels at 74 km/h for... | Ans: 72.0
RL Step 5256 | Loss: 0.0000 | Avg Reward: -0.10 | Time: 8.3s | Prob: A train travels at 46 km/h for... | Ans: 52.86
RL Step 5257 | Loss: 0.0000 | Avg Reward: -0.10 | Time: 8.4s | Prob: A train travels at 59 km/h for... | Ans: 66.5
RL Step 5258 | Loss: 0.0001 | Avg Reward: -0.10 | Time: 8.3s | Prob: A train travels at 50 km/h for... | Ans: 65.71
RL Step 5259 | Loss: 0.0001 | Avg Reward: -0.10 | Time: 8.4s | Prob: A train travels at 70 km/h for... | Ans: 81.11
RL Step 5260 | Loss: 0.0002 | Avg Reward: -0.10 | Time: 8.4s | Prob: A train travels at 80 km/h for... | Ans: 85.0
RL Step 5261 | Loss: 0.0000 | Avg Reward: -0.10 | Time: 8.3s | Prob: A train travels at 54 km/h for... | Ans: 60.33
RL Step 5262 | Loss: -0.0000 | Avg Reward: -0.10 | Time: 8.3s | Prob: A train travels at 65 km/h for... | Ans: 85.0
RL Step 5263 | Loss: 0.0001 | Avg Reward: -0.10 | Time: 8.4s | Prob: A train travels at 72 km/h for... | Ans: 79.22
RL Step 5264 | Loss: 0.0001 | Avg Reward: -0.10 | Time: 8.2s | Prob: A train travels at 78 km/h for... | Ans: 79.0
RL Step 5265 | Loss: -0.0000 | Avg Reward: -0.10 | Time: 8.2s | Prob: A train travels at 41 km/h for... | Ans: 65.0
RL Step 5266 | Loss: 0.0000 | Avg Reward: -0.10 | Time: 8.4s | Prob: A train travels at 57 km/h for... | Ans: 83.88
RL Step 5267 | Loss: 0.0001 | Avg Reward: -0.10 | Time: 8.3s | Prob: A train travels at 54 km/h for... | Ans: 65.14
RL Step 5268 | Loss: 0.0001 | Avg Reward: -0.10 | Time: 8.2s | Prob: A train travels at 64 km/h for... | Ans: 79.0
RL Step 5269 | Loss: 0.0001 | Avg Reward: -0.10 | Time: 8.3s | Prob: A train travels at 47 km/h for... | Ans: 71.5
RL Step 5270 | Loss: 0.0001 | Avg Reward: -0.10 | Time: 8.2s | Prob: A train travels at 76 km/h for... | Ans: 77.33
RL Step 5271 | Loss: 0.0000 | Avg Reward: -0.10 | Time: 8.2s | Prob: A train travels at 40 km/h for... | Ans: 61.5
RL Step 5272 | Loss: 0.0001 | Avg Reward: -0.10 | Time: 8.4s | Prob: A train travels at 47 km/h for... | Ans: 54.88
RL Step 5273 | Loss: 0.0001 | Avg Reward: -0.10 | Time: 8.3s | Prob: A train travels at 47 km/h for... | Ans: 52.0
RL Step 5274 | Loss: 0.0002 | Avg Reward: -0.10 | Time: 8.3s | Prob: A train travels at 52 km/h for... | Ans: 57.0
RL Step 5275 | Loss: 0.0000 | Avg Reward: -0.10 | Time: 8.3s | Prob: A train travels at 65 km/h for... | Ans: 65.0
RL Step 5276 | Loss: 0.0002 | Avg Reward: -0.10 | Time: 8.4s | Prob: A train travels at 40 km/h for... | Ans: 74.29
RL Step 5277 | Loss: 0.0001 | Avg Reward: -0.10 | Time: 8.4s | Prob: A train travels at 67 km/h for... | Ans: 73.0
RL Step 5278 | Loss: 0.0002 | Avg Reward: -0.10 | Time: 8.2s | Prob: A train travels at 48 km/h for... | Ans: 72.0
RL Step 5279 | Loss: 0.0000 | Avg Reward: -0.10 | Time: 8.2s | Prob: A train travels at 64 km/h for... | Ans: 82.0
RL Step 5280 | Loss: 0.0001 | Avg Reward: -0.10 | Time: 8.3s | Prob: A train travels at 61 km/h for... | Ans: 72.25
RL Step 5281 | Loss: 0.0001 | Avg Reward: -0.10 | Time: 8.3s | Prob: A train travels at 67 km/h for... | Ans: 74.78
RL Step 5282 | Loss: 0.0002 | Avg Reward: -0.10 | Time: 8.2s | Prob: A train travels at 43 km/h for... | Ans: 51.5
RL Step 5283 | Loss: 0.0001 | Avg Reward: -0.10 | Time: 8.4s | Prob: A train travels at 59 km/h for... | Ans: 60.71
RL Step 5284 | Loss: -0.0000 | Avg Reward: -0.10 | Time: 8.4s | Prob: A train travels at 44 km/h for... | Ans: 67.12
RL Step 5285 | Loss: 0.0001 | Avg Reward: -0.10 | Time: 8.3s | Prob: A train travels at 46 km/h for... | Ans: 57.14
RL Step 5286 | Loss: 0.0001 | Avg Reward: -0.10 | Time: 8.2s | Prob: A train travels at 72 km/h for... | Ans: 67.2
RL Step 5287 | Loss: 0.0000 | Avg Reward: -0.10 | Time: 8.4s | Prob: A train travels at 49 km/h for... | Ans: 69.14
RL Step 5288 | Loss: 0.0001 | Avg Reward: -0.10 | Time: 8.3s | Prob: A train travels at 46 km/h for... | Ans: 62.0
RL Step 5289 | Loss: 0.0000 | Avg Reward: -0.10 | Time: 8.2s | Prob: A train travels at 72 km/h for... | Ans: 74.33
RL Step 5290 | Loss: 0.0001 | Avg Reward: -0.10 | Time: 8.4s | Prob: A train travels at 47 km/h for... | Ans: 56.38
RL Step 5291 | Loss: -0.0098 | Avg Reward: 0.17 | Time: 8.2s | Prob: A train travels at 75 km/h for... | Ans: 83.0
RL Step 5292 | Loss: 0.0000 | Avg Reward: -0.10 | Time: 8.4s | Prob: A train travels at 60 km/h for... | Ans: 61.88
RL Step 5293 | Loss: 0.0002 | Avg Reward: -0.10 | Time: 8.2s | Prob: A train travels at 52 km/h for... | Ans: 74.5
RL Step 5294 | Loss: 0.0001 | Avg Reward: -0.10 | Time: 8.4s | Prob: A train travels at 54 km/h for... | Ans: 71.71
RL Step 5295 | Loss: 0.0001 | Avg Reward: -0.10 | Time: 8.4s | Prob: A train travels at 52 km/h for... | Ans: 59.5
RL Step 5296 | Loss: 0.0000 | Avg Reward: -0.10 | Time: 8.3s | Prob: A train travels at 64 km/h for... | Ans: 65.0
RL Step 5297 | Loss: 0.0002 | Avg Reward: -0.10 | Time: 8.4s | Prob: A train travels at 66 km/h for... | Ans: 66.0
RL Step 5298 | Loss: 0.0001 | Avg Reward: -0.10 | Time: 8.2s | Prob: A train travels at 80 km/h for... | Ans: 71.5
RL Step 5299 | Loss: 0.0004 | Avg Reward: -0.10 | Time: 8.3s | Prob: A train travels at 70 km/h for... | Ans: 80.4
RL Step 5300 | Loss: 0.0001 | Avg Reward: -0.10 | Time: 8.1s | Prob: A train travels at 62 km/h for... | Ans: 62.0
RL Step 5301 | Loss: 0.0001 | Avg Reward: -0.10 | Time: 8.4s | Prob: A train travels at 48 km/h for... | Ans: 55.71
RL Step 5302 | Loss: 0.0001 | Avg Reward: -0.10 | Time: 8.3s | Prob: A train travels at 66 km/h for... | Ans: 64.22
RL Step 5303 | Loss: -0.0039 | Avg Reward: 0.17 | Time: 8.2s | Prob: A train travels at 45 km/h for... | Ans: 63.5
RL Step 5304 | Loss: 0.0000 | Avg Reward: -0.10 | Time: 8.3s | Prob: A train travels at 72 km/h for... | Ans: 88.67
RL Step 5305 | Loss: 0.0000 | Avg Reward: -0.10 | Time: 8.4s | Prob: A train travels at 73 km/h for... | Ans: 79.86
RL Step 5306 | Loss: 0.0001 | Avg Reward: -0.10 | Time: 8.3s | Prob: A train travels at 71 km/h for... | Ans: 69.29
RL Step 5307 | Loss: 0.0352 | Avg Reward: 0.17 | Time: 8.3s | Prob: A train travels at 53 km/h for... | Ans: 63.0
RL Step 5308 | Loss: 0.0001 | Avg Reward: -0.10 | Time: 8.4s | Prob: A train travels at 76 km/h for... | Ans: 84.44
RL Step 5309 | Loss: 0.0001 | Avg Reward: -0.10 | Time: 8.3s | Prob: A train travels at 46 km/h for... | Ans: 63.14
RL Step 5310 | Loss: 0.0001 | Avg Reward: -0.10 | Time: 8.2s | Prob: A train travels at 62 km/h for... | Ans: 85.33
RL Step 5311 | Loss: 0.0001 | Avg Reward: -0.10 | Time: 8.4s | Prob: A train travels at 58 km/h for... | Ans: 82.0
RL Step 5312 | Loss: -0.0078 | Avg Reward: 0.17 | Time: 8.3s | Prob: A train travels at 74 km/h for... | Ans: 78.67
RL Step 5313 | Loss: 0.0000 | Avg Reward: -0.10 | Time: 8.3s | Prob: A train travels at 63 km/h for... | Ans: 64.88
RL Step 5314 | Loss: 0.0001 | Avg Reward: -0.10 | Time: 8.4s | Prob: A train travels at 63 km/h for... | Ans: 68.78
RL Step 5315 | Loss: -0.0000 | Avg Reward: -0.10 | Time: 8.3s | Prob: A train travels at 67 km/h for... | Ans: 83.25
RL Step 5316 | Loss: 0.0000 | Avg Reward: -0.10 | Time: 8.3s | Prob: A train travels at 53 km/h for... | Ans: 84.33
RL Step 5317 | Loss: 0.0001 | Avg Reward: -0.10 | Time: 8.2s | Prob: A train travels at 49 km/h for... | Ans: 66.0
RL Step 5318 | Loss: 0.0000 | Avg Reward: -0.10 | Time: 8.2s | Prob: A train travels at 66 km/h for... | Ans: 74.5
RL Step 5319 | Loss: 0.0001 | Avg Reward: -0.10 | Time: 8.2s | Prob: A train travels at 60 km/h for... | Ans: 83.75
RL Step 5320 | Loss: 0.0001 | Avg Reward: -0.10 | Time: 8.2s | Prob: A train travels at 70 km/h for... | Ans: 66.8
RL Step 5321 | Loss: 0.0001 | Avg Reward: -0.10 | Time: 8.4s | Prob: A train travels at 77 km/h for... | Ans: 74.86
RL Step 5322 | Loss: -0.0000 | Avg Reward: -0.10 | Time: 8.2s | Prob: A train travels at 59 km/h for... | Ans: 69.5
RL Step 5323 | Loss: 0.0000 | Avg Reward: -0.10 | Time: 8.2s | Prob: A train travels at 47 km/h for... | Ans: 69.5
RL Step 5324 | Loss: 0.0137 | Avg Reward: 0.17 | Time: 8.2s | Prob: A train travels at 56 km/h for... | Ans: 58.4
RL Step 5325 | Loss: -0.0039 | Avg Reward: 0.17 | Time: 8.3s | Prob: A train travels at 50 km/h for... | Ans: 72.0
RL Step 5326 | Loss: 0.0000 | Avg Reward: -0.10 | Time: 8.3s | Prob: A train travels at 64 km/h for... | Ans: 82.57
RL Step 5327 | Loss: 0.0078 | Avg Reward: 0.17 | Time: 8.4s | Prob: A train travels at 66 km/h for... | Ans: 79.57
RL Step 5328 | Loss: 0.0000 | Avg Reward: -0.10 | Time: 8.2s | Prob: A train travels at 41 km/h for... | Ans: 51.4
RL Step 5329 | Loss: 0.0000 | Avg Reward: -0.10 | Time: 8.2s | Prob: A train travels at 43 km/h for... | Ans: 57.5
RL Step 5330 | Loss: 0.0000 | Avg Reward: -0.10 | Time: 8.3s | Prob: A train travels at 47 km/h for... | Ans: 73.25
RL Step 5331 | Loss: 0.0001 | Avg Reward: -0.10 | Time: 8.3s | Prob: A train travels at 69 km/h for... | Ans: 66.78
RL Step 5332 | Loss: 0.0001 | Avg Reward: -0.10 | Time: 8.3s | Prob: A train travels at 79 km/h for... | Ans: 76.86
RL Step 5333 | Loss: 0.0001 | Avg Reward: -0.10 | Time: 8.4s | Prob: A train travels at 56 km/h for... | Ans: 67.11
RL Step 5334 | Loss: 0.0001 | Avg Reward: -0.10 | Time: 8.3s | Prob: A train travels at 77 km/h for... | Ans: 80.0
RL Step 5335 | Loss: 0.0001 | Avg Reward: -0.10 | Time: 8.3s | Prob: A train travels at 68 km/h for... | Ans: 64.43
RL Step 5336 | Loss: 0.0002 | Avg Reward: -0.10 | Time: 8.4s | Prob: A train travels at 45 km/h for... | Ans: 71.29
RL Step 5337 | Loss: 0.0001 | Avg Reward: -0.10 | Time: 8.4s | Prob: A train travels at 57 km/h for... | Ans: 66.33
RL Step 5338 | Loss: 0.0215 | Avg Reward: 0.17 | Time: 8.2s | Prob: A train travels at 77 km/h for... | Ans: 82.5
RL Step 5339 | Loss: 0.0001 | Avg Reward: -0.10 | Time: 8.3s | Prob: A train travels at 64 km/h for... | Ans: 69.33
RL Step 5340 | Loss: 0.0000 | Avg Reward: -0.10 | Time: 8.3s | Prob: A train travels at 52 km/h for... | Ans: 62.88
RL Step 5341 | Loss: 0.0001 | Avg Reward: -0.10 | Time: 8.3s | Prob: A train travels at 63 km/h for... | Ans: 65.67
RL Step 5342 | Loss: 0.0000 | Avg Reward: -0.10 | Time: 8.4s | Prob: A train travels at 72 km/h for... | Ans: 68.0
RL Step 5343 | Loss: 0.0001 | Avg Reward: -0.10 | Time: 8.3s | Prob: A train travels at 80 km/h for... | Ans: 76.67
RL Step 5344 | Loss: 0.0001 | Avg Reward: -0.10 | Time: 8.4s | Prob: A train travels at 52 km/h for... | Ans: 82.71
RL Step 5345 | Loss: 0.0001 | Avg Reward: -0.10 | Time: 8.2s | Prob: A train travels at 54 km/h for... | Ans: 57.6
RL Step 5346 | Loss: 0.0001 | Avg Reward: -0.10 | Time: 8.4s | Prob: A train travels at 66 km/h for... | Ans: 64.57
RL Step 5347 | Loss: 0.0001 | Avg Reward: -0.10 | Time: 8.4s | Prob: A train travels at 64 km/h for... | Ans: 73.78
RL Step 5348 | Loss: 0.0410 | Avg Reward: 0.17 | Time: 8.4s | Prob: A train travels at 63 km/h for... | Ans: 65.67
RL Step 5349 | Loss: 0.0001 | Avg Reward: -0.10 | Time: 8.4s | Prob: A train travels at 77 km/h for... | Ans: 83.0
RL Step 5350 | Loss: 0.0000 | Avg Reward: -0.10 | Time: 8.4s | Prob: A train travels at 68 km/h for... | Ans: 66.29
RL Step 5351 | Loss: 0.0001 | Avg Reward: -0.10 | Time: 8.4s | Prob: A train travels at 48 km/h for... | Ans: 63.71
RL Step 5352 | Loss: 0.0001 | Avg Reward: -0.10 | Time: 8.3s | Prob: A train travels at 54 km/h for... | Ans: 60.25
RL Step 5353 | Loss: 0.0001 | Avg Reward: -0.10 | Time: 8.4s | Prob: A train travels at 75 km/h for... | Ans: 73.71
RL Step 5354 | Loss: 0.0001 | Avg Reward: -0.10 | Time: 8.2s | Prob: A train travels at 46 km/h for... | Ans: 62.5
RL Step 5355 | Loss: 0.0001 | Avg Reward: -0.10 | Time: 8.2s | Prob: A train travels at 48 km/h for... | Ans: 60.0
RL Step 5356 | Loss: 0.0000 | Avg Reward: -0.10 | Time: 8.3s | Prob: A train travels at 56 km/h for... | Ans: 58.78
RL Step 5357 | Loss: 0.0001 | Avg Reward: -0.10 | Time: 8.3s | Prob: A train travels at 47 km/h for... | Ans: 58.67
RL Step 5358 | Loss: 0.0001 | Avg Reward: -0.10 | Time: 8.2s | Prob: A train travels at 77 km/h for... | Ans: 74.5
RL Step 5359 | Loss: 0.0000 | Avg Reward: -0.10 | Time: 8.2s | Prob: A train travels at 59 km/h for... | Ans: 65.5
RL Step 5360 | Loss: 0.0002 | Avg Reward: -0.10 | Time: 8.3s | Prob: A train travels at 41 km/h for... | Ans: 69.67
RL Step 5361 | Loss: 0.0001 | Avg Reward: -0.10 | Time: 8.4s | Prob: A train travels at 72 km/h for... | Ans: 77.25
RL Step 5362 | Loss: 0.0001 | Avg Reward: -0.10 | Time: 8.4s | Prob: A train travels at 78 km/h for... | Ans: 86.33
RL Step 5363 | Loss: 0.0001 | Avg Reward: -0.10 | Time: 8.4s | Prob: A train travels at 69 km/h for... | Ans: 64.56
RL Step 5364 | Loss: 0.0000 | Avg Reward: -0.10 | Time: 8.3s | Prob: A train travels at 76 km/h for... | Ans: 81.0
RL Step 5365 | Loss: 0.0001 | Avg Reward: -0.10 | Time: 8.2s | Prob: A train travels at 61 km/h for... | Ans: 64.67
RL Step 5366 | Loss: 0.0001 | Avg Reward: -0.10 | Time: 8.3s | Prob: A train travels at 72 km/h for... | Ans: 71.0
RL Step 5367 | Loss: 0.0002 | Avg Reward: -0.10 | Time: 8.3s | Prob: A train travels at 73 km/h for... | Ans: 70.43
RL Step 5368 | Loss: 0.0002 | Avg Reward: -0.10 | Time: 8.4s | Prob: A train travels at 50 km/h for... | Ans: 72.0
RL Step 5369 | Loss: 0.0000 | Avg Reward: -0.10 | Time: 8.3s | Prob: A train travels at 57 km/h for... | Ans: 62.25
RL Step 5370 | Loss: 0.0001 | Avg Reward: -0.10 | Time: 8.2s | Prob: A train travels at 58 km/h for... | Ans: 76.5
RL Step 5371 | Loss: 0.0001 | Avg Reward: -0.10 | Time: 8.2s | Prob: A train travels at 65 km/h for... | Ans: 64.6
RL Step 5372 | Loss: 0.0001 | Avg Reward: -0.10 | Time: 8.2s | Prob: A train travels at 65 km/h for... | Ans: 71.0
RL Step 5373 | Loss: 0.0001 | Avg Reward: -0.10 | Time: 8.3s | Prob: A train travels at 48 km/h for... | Ans: 65.33
RL Step 5374 | Loss: 0.0001 | Avg Reward: -0.10 | Time: 8.4s | Prob: A train travels at 43 km/h for... | Ans: 68.14
RL Step 5375 | Loss: 0.0001 | Avg Reward: -0.10 | Time: 8.2s | Prob: A train travels at 49 km/h for... | Ans: 63.4
RL Step 5376 | Loss: 0.0000 | Avg Reward: -0.10 | Time: 8.2s | Prob: A train travels at 71 km/h for... | Ans: 67.25
RL Step 5377 | Loss: 0.0001 | Avg Reward: -0.10 | Time: 8.4s | Prob: A train travels at 71 km/h for... | Ans: 82.43
RL Step 5378 | Loss: -0.0000 | Avg Reward: -0.10 | Time: 8.4s | Prob: A train travels at 76 km/h for... | Ans: 70.75
RL Step 5379 | Loss: 0.0002 | Avg Reward: -0.10 | Time: 8.4s | Prob: A train travels at 41 km/h for... | Ans: 61.0
RL Step 5380 | Loss: 0.0001 | Avg Reward: -0.10 | Time: 8.3s | Prob: A train travels at 45 km/h for... | Ans: 67.0
RL Step 5381 | Loss: 0.0001 | Avg Reward: -0.10 | Time: 8.2s | Prob: A train travels at 76 km/h for... | Ans: 72.4
RL Step 5382 | Loss: 0.0000 | Avg Reward: -0.10 | Time: 8.4s | Prob: A train travels at 52 km/h for... | Ans: 61.71
RL Step 5383 | Loss: 0.0000 | Avg Reward: -0.10 | Time: 8.3s | Prob: A train travels at 53 km/h for... | Ans: 57.38
RL Step 5384 | Loss: 0.0001 | Avg Reward: -0.10 | Time: 8.3s | Prob: A train travels at 42 km/h for... | Ans: 60.43
RL Step 5385 | Loss: 0.0001 | Avg Reward: -0.10 | Time: 8.3s | Prob: A train travels at 78 km/h for... | Ans: 75.78
RL Step 5386 | Loss: 0.0000 | Avg Reward: -0.10 | Time: 8.3s | Prob: A train travels at 65 km/h for... | Ans: 71.67
RL Step 5387 | Loss: 0.0000 | Avg Reward: -0.10 | Time: 8.2s | Prob: A train travels at 67 km/h for... | Ans: 64.6
RL Step 5388 | Loss: 0.0003 | Avg Reward: -0.10 | Time: 8.4s | Prob: A train travels at 67 km/h for... | Ans: 65.22
RL Step 5389 | Loss: 0.0002 | Avg Reward: -0.10 | Time: 8.2s | Prob: A train travels at 47 km/h for... | Ans: 59.4
RL Step 5390 | Loss: 0.0001 | Avg Reward: -0.10 | Time: 8.3s | Prob: A train travels at 48 km/h for... | Ans: 58.0
RL Step 5391 | Loss: 0.0001 | Avg Reward: -0.10 | Time: 8.2s | Prob: A train travels at 54 km/h for... | Ans: 59.5
RL Step 5392 | Loss: 0.0000 | Avg Reward: -0.10 | Time: 8.3s | Prob: A train travels at 44 km/h for... | Ans: 61.33
RL Step 5393 | Loss: 0.0000 | Avg Reward: -0.10 | Time: 8.3s | Prob: A train travels at 62 km/h for... | Ans: 65.33
RL Step 5394 | Loss: 0.0001 | Avg Reward: -0.10 | Time: 8.2s | Prob: A train travels at 56 km/h for... | Ans: 71.0
RL Step 5395 | Loss: 0.0003 | Avg Reward: -0.10 | Time: 8.3s | Prob: A train travels at 45 km/h for... | Ans: 69.0
RL Step 5396 | Loss: 0.0001 | Avg Reward: -0.10 | Time: 8.2s | Prob: A train travels at 68 km/h for... | Ans: 79.5
RL Step 5397 | Loss: 0.0001 | Avg Reward: -0.10 | Time: 8.2s | Prob: A train travels at 65 km/h for... | Ans: 77.0
RL Step 5398 | Loss: 0.0001 | Avg Reward: -0.10 | Time: 8.3s | Prob: A train travels at 45 km/h for... | Ans: 56.33
RL Step 5399 | Loss: 0.0001 | Avg Reward: -0.10 | Time: 8.2s | Prob: A train travels at 73 km/h for... | Ans: 76.86
RL Step 5400 | Loss: 0.0001 | Avg Reward: -0.10 | Time: 8.2s | Prob: A train travels at 50 km/h for... | Ans: 69.0
Saving RL Checkpoint at step 5400...
RL Step 5401 | Loss: 0.0156 | Avg Reward: 0.17 | Time: 8.3s | Prob: A train travels at 64 km/h for... | Ans: 79.0
RL Step 5402 | Loss: 0.0001 | Avg Reward: -0.10 | Time: 8.4s | Prob: A train travels at 55 km/h for... | Ans: 57.67
RL Step 5403 | Loss: 0.0000 | Avg Reward: -0.10 | Time: 8.3s | Prob: A train travels at 69 km/h for... | Ans: 81.0
RL Step 5404 | Loss: 0.0002 | Avg Reward: -0.10 | Time: 8.4s | Prob: A train travels at 70 km/h for... | Ans: 76.0
RL Step 5405 | Loss: 0.0001 | Avg Reward: -0.10 | Time: 8.3s | Prob: A train travels at 69 km/h for... | Ans: 76.67
RL Step 5406 | Loss: 0.0001 | Avg Reward: -0.10 | Time: 8.3s | Prob: A train travels at 74 km/h for... | Ans: 84.67
RL Step 5407 | Loss: 0.0001 | Avg Reward: -0.10 | Time: 8.2s | Prob: A train travels at 46 km/h for... | Ans: 62.2
RL Step 5408 | Loss: 0.0001 | Avg Reward: -0.10 | Time: 8.3s | Prob: A train travels at 62 km/h for... | Ans: 84.0
RL Step 5409 | Loss: 0.0002 | Avg Reward: -0.10 | Time: 8.4s | Prob: A train travels at 58 km/h for... | Ans: 79.67
RL Step 5410 | Loss: 0.0000 | Avg Reward: -0.10 | Time: 8.2s | Prob: A train travels at 67 km/h for... | Ans: 69.14
RL Step 5411 | Loss: 0.0000 | Avg Reward: -0.10 | Time: 8.4s | Prob: A train travels at 64 km/h for... | Ans: 78.38
RL Step 5412 | Loss: 0.0002 | Avg Reward: -0.10 | Time: 8.4s | Prob: A train travels at 74 km/h for... | Ans: 79.25
RL Step 5413 | Loss: 0.0000 | Avg Reward: -0.10 | Time: 8.3s | Prob: A train travels at 68 km/h for... | Ans: 65.86
RL Step 5414 | Loss: -0.0039 | Avg Reward: 0.17 | Time: 8.2s | Prob: A train travels at 66 km/h for... | Ans: 75.5
RL Step 5415 | Loss: 0.0000 | Avg Reward: -0.10 | Time: 8.3s | Prob: A train travels at 56 km/h for... | Ans: 66.0
RL Step 5416 | Loss: 0.0001 | Avg Reward: -0.10 | Time: 8.3s | Prob: A train travels at 45 km/h for... | Ans: 73.89
RL Step 5417 | Loss: 0.0000 | Avg Reward: -0.10 | Time: 8.4s | Prob: A train travels at 43 km/h for... | Ans: 48.14
RL Step 5418 | Loss: 0.0001 | Avg Reward: -0.10 | Time: 8.3s | Prob: A train travels at 59 km/h for... | Ans: 71.38
RL Step 5419 | Loss: -0.0000 | Avg Reward: -0.10 | Time: 8.4s | Prob: A train travels at 73 km/h for... | Ans: 69.88
RL Step 5420 | Loss: 0.0001 | Avg Reward: -0.10 | Time: 8.1s | Prob: A train travels at 64 km/h for... | Ans: 69.5
RL Step 5421 | Loss: 0.0001 | Avg Reward: -0.10 | Time: 8.3s | Prob: A train travels at 61 km/h for... | Ans: 73.0
RL Step 5422 | Loss: 0.0001 | Avg Reward: -0.10 | Time: 8.4s | Prob: A train travels at 74 km/h for... | Ans: 70.57
RL Step 5423 | Loss: 0.0001 | Avg Reward: -0.10 | Time: 8.2s | Prob: A train travels at 48 km/h for... | Ans: 74.0
RL Step 5424 | Loss: 0.0001 | Avg Reward: -0.10 | Time: 8.2s | Prob: A train travels at 68 km/h for... | Ans: 69.0
RL Step 5425 | Loss: 0.0001 | Avg Reward: -0.10 | Time: 8.4s | Prob: A train travels at 76 km/h for... | Ans: 66.86
RL Step 5426 | Loss: 0.0001 | Avg Reward: -0.10 | Time: 8.3s | Prob: A train travels at 65 km/h for... | Ans: 79.0
RL Step 5427 | Loss: 0.0002 | Avg Reward: -0.10 | Time: 8.3s | Prob: A train travels at 53 km/h for... | Ans: 80.33
RL Step 5428 | Loss: 0.0001 | Avg Reward: -0.10 | Time: 8.4s | Prob: A train travels at 64 km/h for... | Ans: 67.38
RL Step 5429 | Loss: 0.0002 | Avg Reward: -0.10 | Time: 8.2s | Prob: A train travels at 65 km/h for... | Ans: 75.0
RL Step 5430 | Loss: 0.0000 | Avg Reward: -0.10 | Time: 8.3s | Prob: A train travels at 51 km/h for... | Ans: 68.57
RL Step 5431 | Loss: 0.0002 | Avg Reward: -0.10 | Time: 8.2s | Prob: A train travels at 59 km/h for... | Ans: 72.6
RL Step 5432 | Loss: 0.0000 | Avg Reward: -0.10 | Time: 8.2s | Prob: A train travels at 78 km/h for... | Ans: 81.0
RL Step 5433 | Loss: 0.0001 | Avg Reward: -0.10 | Time: 8.3s | Prob: A train travels at 67 km/h for... | Ans: 71.0
RL Step 5434 | Loss: 0.0001 | Avg Reward: -0.10 | Time: 8.2s | Prob: A train travels at 61 km/h for... | Ans: 66.0
RL Step 5435 | Loss: 0.0000 | Avg Reward: -0.10 | Time: 8.4s | Prob: A train travels at 71 km/h for... | Ans: 75.0
RL Step 5436 | Loss: 0.0001 | Avg Reward: -0.10 | Time: 8.2s | Prob: A train travels at 78 km/h for... | Ans: 88.5
RL Step 5437 | Loss: 0.0002 | Avg Reward: -0.10 | Time: 8.3s | Prob: A train travels at 40 km/h for... | Ans: 60.67
RL Step 5438 | Loss: 0.0002 | Avg Reward: -0.10 | Time: 8.3s | Prob: A train travels at 40 km/h for... | Ans: 54.67
RL Step 5439 | Loss: 0.0001 | Avg Reward: -0.10 | Time: 8.4s | Prob: A train travels at 50 km/h for... | Ans: 62.22
RL Step 5440 | Loss: 0.0000 | Avg Reward: -0.10 | Time: 8.2s | Prob: A train travels at 55 km/h for... | Ans: 78.4
RL Step 5441 | Loss: 0.0000 | Avg Reward: -0.10 | Time: 8.2s | Prob: A train travels at 53 km/h for... | Ans: 56.71
RL Step 5442 | Loss: 0.0001 | Avg Reward: -0.10 | Time: 8.4s | Prob: A train travels at 69 km/h for... | Ans: 66.43
RL Step 5443 | Loss: -0.0059 | Avg Reward: 0.17 | Time: 8.2s | Prob: A train travels at 61 km/h for... | Ans: 62.8
RL Step 5444 | Loss: 0.0001 | Avg Reward: -0.10 | Time: 8.4s | Prob: A train travels at 79 km/h for... | Ans: 84.25
RL Step 5445 | Loss: 0.0001 | Avg Reward: -0.10 | Time: 8.4s | Prob: A train travels at 63 km/h for... | Ans: 61.29
RL Step 5446 | Loss: 0.0001 | Avg Reward: -0.10 | Time: 8.4s | Prob: A train travels at 74 km/h for... | Ans: 74.0
RL Step 5447 | Loss: 0.0000 | Avg Reward: -0.10 | Time: 8.4s | Prob: A train travels at 71 km/h for... | Ans: 73.62
RL Step 5448 | Loss: -0.0000 | Avg Reward: -0.10 | Time: 8.2s | Prob: A train travels at 69 km/h for... | Ans: 70.2
RL Step 5449 | Loss: 0.0001 | Avg Reward: -0.10 | Time: 8.3s | Prob: A train travels at 63 km/h for... | Ans: 71.0
RL Step 5450 | Loss: 0.0000 | Avg Reward: -0.10 | Time: 8.2s | Prob: A train travels at 70 km/h for... | Ans: 75.0
RL Step 5451 | Loss: 0.0000 | Avg Reward: -0.10 | Time: 8.3s | Prob: A train travels at 71 km/h for... | Ans: 73.57
RL Step 5452 | Loss: 0.0002 | Avg Reward: -0.10 | Time: 8.4s | Prob: A train travels at 69 km/h for... | Ans: 66.33
RL Step 5453 | Loss: 0.0001 | Avg Reward: -0.10 | Time: 8.2s | Prob: A train travels at 54 km/h for... | Ans: 70.5
RL Step 5454 | Loss: 0.0002 | Avg Reward: -0.10 | Time: 8.2s | Prob: A train travels at 54 km/h for... | Ans: 76.0
RL Step 5455 | Loss: 0.0002 | Avg Reward: -0.10 | Time: 8.4s | Prob: A train travels at 42 km/h for... | Ans: 66.44
RL Step 5456 | Loss: 0.0001 | Avg Reward: -0.10 | Time: 8.2s | Prob: A train travels at 75 km/h for... | Ans: 80.0
RL Step 5457 | Loss: 0.0001 | Avg Reward: -0.10 | Time: 8.3s | Prob: A train travels at 44 km/h for... | Ans: 61.78
RL Step 5458 | Loss: 0.0002 | Avg Reward: -0.10 | Time: 8.2s | Prob: A train travels at 58 km/h for... | Ans: 62.67
RL Step 5459 | Loss: 0.0000 | Avg Reward: -0.10 | Time: 8.4s | Prob: A train travels at 44 km/h for... | Ans: 75.88
RL Step 5460 | Loss: 0.0000 | Avg Reward: -0.10 | Time: 8.2s | Prob: A train travels at 40 km/h for... | Ans: 62.4
RL Step 5461 | Loss: 0.0001 | Avg Reward: -0.10 | Time: 8.4s | Prob: A train travels at 42 km/h for... | Ans: 50.62
RL Step 5462 | Loss: -0.0078 | Avg Reward: 0.45 | Time: 8.3s | Prob: A train travels at 73 km/h for... | Ans: 67.67
RL Step 5463 | Loss: 0.0156 | Avg Reward: 0.17 | Time: 8.3s | Prob: A train travels at 78 km/h for... | Ans: 70.0
RL Step 5464 | Loss: 0.0001 | Avg Reward: -0.10 | Time: 8.3s | Prob: A train travels at 70 km/h for... | Ans: 74.0
RL Step 5465 | Loss: 0.0000 | Avg Reward: -0.10 | Time: 8.3s | Prob: A train travels at 75 km/h for... | Ans: 74.0
RL Step 5466 | Loss: 0.0000 | Avg Reward: -0.10 | Time: 8.4s | Prob: A train travels at 54 km/h for... | Ans: 57.89
RL Step 5467 | Loss: 0.0002 | Avg Reward: -0.10 | Time: 8.2s | Prob: A train travels at 78 km/h for... | Ans: 85.2
RL Step 5468 | Loss: 0.0001 | Avg Reward: -0.10 | Time: 8.3s | Prob: A train travels at 75 km/h for... | Ans: 80.62
RL Step 5469 | Loss: 0.0000 | Avg Reward: -0.10 | Time: 8.3s | Prob: A train travels at 63 km/h for... | Ans: 69.86
RL Step 5470 | Loss: 0.0001 | Avg Reward: -0.10 | Time: 8.3s | Prob: A train travels at 42 km/h for... | Ans: 56.0
RL Step 5471 | Loss: 0.0001 | Avg Reward: -0.10 | Time: 8.2s | Prob: A train travels at 48 km/h for... | Ans: 68.0
RL Step 5472 | Loss: 0.0001 | Avg Reward: -0.10 | Time: 8.3s | Prob: A train travels at 69 km/h for... | Ans: 79.71
RL Step 5473 | Loss: 0.0001 | Avg Reward: -0.10 | Time: 8.2s | Prob: A train travels at 54 km/h for... | Ans: 61.67
RL Step 5474 | Loss: 0.0001 | Avg Reward: -0.10 | Time: 8.3s | Prob: A train travels at 42 km/h for... | Ans: 55.43
RL Step 5475 | Loss: 0.0001 | Avg Reward: -0.10 | Time: 8.4s | Prob: A train travels at 55 km/h for... | Ans: 72.78
RL Step 5476 | Loss: 0.0020 | Avg Reward: 0.17 | Time: 8.2s | Prob: A train travels at 44 km/h for... | Ans: 71.0
RL Step 5477 | Loss: -0.0000 | Avg Reward: -0.10 | Time: 8.4s | Prob: A train travels at 46 km/h for... | Ans: 57.56
RL Step 5478 | Loss: 0.0001 | Avg Reward: -0.10 | Time: 8.3s | Prob: A train travels at 51 km/h for... | Ans: 81.67
RL Step 5479 | Loss: 0.0000 | Avg Reward: -0.10 | Time: 8.2s | Prob: A train travels at 63 km/h for... | Ans: 73.0
RL Step 5480 | Loss: 0.0000 | Avg Reward: -0.10 | Time: 8.4s | Prob: A train travels at 66 km/h for... | Ans: 71.62
RL Step 5481 | Loss: 0.0001 | Avg Reward: -0.10 | Time: 8.3s | Prob: A train travels at 64 km/h for... | Ans: 65.88
RL Step 5482 | Loss: 0.0000 | Avg Reward: -0.10 | Time: 8.2s | Prob: A train travels at 79 km/h for... | Ans: 76.5
RL Step 5483 | Loss: 0.0000 | Avg Reward: -0.10 | Time: 8.4s | Prob: A train travels at 42 km/h for... | Ans: 75.57
RL Step 5484 | Loss: 0.0001 | Avg Reward: -0.10 | Time: 8.2s | Prob: A train travels at 68 km/h for... | Ans: 73.0
RL Step 5485 | Loss: 0.0137 | Avg Reward: 0.17 | Time: 8.4s | Prob: A train travels at 73 km/h for... | Ans: 71.86
RL Step 5486 | Loss: 0.0001 | Avg Reward: -0.10 | Time: 8.3s | Prob: A train travels at 72 km/h for... | Ans: 80.0
RL Step 5487 | Loss: 0.0001 | Avg Reward: -0.10 | Time: 8.4s | Prob: A train travels at 67 km/h for... | Ans: 79.0
RL Step 5488 | Loss: 0.0001 | Avg Reward: -0.10 | Time: 8.4s | Prob: A train travels at 57 km/h for... | Ans: 61.29
RL Step 5489 | Loss: 0.0001 | Avg Reward: -0.10 | Time: 8.3s | Prob: A train travels at 64 km/h for... | Ans: 86.86
RL Step 5490 | Loss: 0.0002 | Avg Reward: -0.10 | Time: 8.2s | Prob: A train travels at 51 km/h for... | Ans: 70.8
RL Step 5491 | Loss: 0.0000 | Avg Reward: -0.10 | Time: 8.3s | Prob: A train travels at 74 km/h for... | Ans: 75.12
RL Step 5492 | Loss: 0.0001 | Avg Reward: -0.10 | Time: 8.4s | Prob: A train travels at 64 km/h for... | Ans: 74.86
RL Step 5493 | Loss: 0.0001 | Avg Reward: -0.10 | Time: 8.4s | Prob: A train travels at 46 km/h for... | Ans: 74.0
RL Step 5494 | Loss: 0.0000 | Avg Reward: -0.10 | Time: 8.4s | Prob: A train travels at 66 km/h for... | Ans: 65.43
RL Step 5495 | Loss: 0.0000 | Avg Reward: -0.10 | Time: 8.2s | Prob: A train travels at 71 km/h for... | Ans: 78.5
RL Step 5496 | Loss: 0.0002 | Avg Reward: -0.10 | Time: 8.2s | Prob: A train travels at 60 km/h for... | Ans: 69.0
RL Step 5497 | Loss: -0.0020 | Avg Reward: 0.17 | Time: 8.3s | Prob: A train travels at 48 km/h for... | Ans: 53.33
RL Step 5498 | Loss: 0.0002 | Avg Reward: -0.10 | Time: 8.2s | Prob: A train travels at 44 km/h for... | Ans: 60.8
RL Step 5499 | Loss: 0.0001 | Avg Reward: -0.10 | Time: 8.2s | Prob: A train travels at 45 km/h for... | Ans: 59.8
RL Step 5500 | Loss: 0.0001 | Avg Reward: -0.10 | Time: 8.2s | Prob: A train travels at 56 km/h for... | Ans: 64.5
RL Step 5501 | Loss: 0.0001 | Avg Reward: -0.10 | Time: 8.2s | Prob: A train travels at 51 km/h for... | Ans: 63.8
RL Step 5502 | Loss: 0.0001 | Avg Reward: -0.10 | Time: 8.4s | Prob: A train travels at 73 km/h for... | Ans: 70.78
RL Step 5503 | Loss: 0.0001 | Avg Reward: -0.10 | Time: 8.3s | Prob: A train travels at 41 km/h for... | Ans: 61.56
RL Step 5504 | Loss: 0.0001 | Avg Reward: -0.10 | Time: 8.4s | Prob: A train travels at 44 km/h for... | Ans: 54.29
RL Step 5505 | Loss: 0.0001 | Avg Reward: -0.10 | Time: 8.2s | Prob: A train travels at 51 km/h for... | Ans: 66.0
RL Step 5506 | Loss: 0.0001 | Avg Reward: -0.10 | Time: 8.3s | Prob: A train travels at 74 km/h for... | Ans: 76.78
RL Step 5507 | Loss: 0.0001 | Avg Reward: -0.10 | Time: 8.4s | Prob: A train travels at 53 km/h for... | Ans: 66.89
RL Step 5508 | Loss: 0.0001 | Avg Reward: -0.10 | Time: 8.2s | Prob: A train travels at 76 km/h for... | Ans: 86.5
RL Step 5509 | Loss: 0.0000 | Avg Reward: -0.10 | Time: 8.2s | Prob: A train travels at 77 km/h for... | Ans: 77.0
RL Step 5510 | Loss: 0.0001 | Avg Reward: -0.10 | Time: 8.2s | Prob: A train travels at 77 km/h for... | Ans: 83.4
RL Step 5511 | Loss: 0.0000 | Avg Reward: -0.10 | Time: 8.3s | Prob: A train travels at 77 km/h for... | Ans: 73.57
RL Step 5512 | Loss: 0.0001 | Avg Reward: -0.10 | Time: 8.2s | Prob: A train travels at 76 km/h for... | Ans: 79.0
RL Step 5513 | Loss: 0.0059 | Avg Reward: 0.17 | Time: 8.3s | Prob: A train travels at 51 km/h for... | Ans: 79.0
RL Step 5514 | Loss: 0.0001 | Avg Reward: -0.10 | Time: 8.4s | Prob: A train travels at 71 km/h for... | Ans: 75.0
RL Step 5515 | Loss: 0.0000 | Avg Reward: -0.10 | Time: 8.3s | Prob: A train travels at 66 km/h for... | Ans: 79.71
RL Step 5516 | Loss: 0.0078 | Avg Reward: 0.17 | Time: 8.2s | Prob: A train travels at 56 km/h for... | Ans: 71.5
RL Step 5517 | Loss: 0.0001 | Avg Reward: -0.10 | Time: 8.4s | Prob: A train travels at 42 km/h for... | Ans: 64.67
RL Step 5518 | Loss: 0.0000 | Avg Reward: -0.10 | Time: 8.4s | Prob: A train travels at 57 km/h for... | Ans: 58.0
RL Step 5519 | Loss: 0.0002 | Avg Reward: -0.10 | Time: 8.3s | Prob: A train travels at 48 km/h for... | Ans: 57.78
RL Step 5520 | Loss: 0.0000 | Avg Reward: -0.10 | Time: 8.3s | Prob: A train travels at 66 km/h for... | Ans: 74.12
RL Step 5521 | Loss: 0.0001 | Avg Reward: -0.10 | Time: 8.2s | Prob: A train travels at 64 km/h for... | Ans: 68.4
RL Step 5522 | Loss: 0.0000 | Avg Reward: -0.10 | Time: 8.3s | Prob: A train travels at 59 km/h for... | Ans: 75.0
RL Step 5523 | Loss: 0.0000 | Avg Reward: -0.10 | Time: 8.2s | Prob: A train travels at 64 km/h for... | Ans: 71.5
RL Step 5524 | Loss: 0.0000 | Avg Reward: -0.10 | Time: 8.2s | Prob: A train travels at 78 km/h for... | Ans: 72.0
RL Step 5525 | Loss: 0.0001 | Avg Reward: -0.10 | Time: 8.4s | Prob: A train travels at 74 km/h for... | Ans: 77.71
RL Step 5526 | Loss: 0.0001 | Avg Reward: -0.10 | Time: 8.3s | Prob: A train travels at 57 km/h for... | Ans: 72.86
RL Step 5527 | Loss: 0.0001 | Avg Reward: -0.10 | Time: 8.3s | Prob: A train travels at 54 km/h for... | Ans: 66.5
RL Step 5528 | Loss: 0.0002 | Avg Reward: -0.10 | Time: 8.2s | Prob: A train travels at 42 km/h for... | Ans: 63.0
RL Step 5529 | Loss: 0.0000 | Avg Reward: -0.10 | Time: 8.1s | Prob: A train travels at 78 km/h for... | Ans: 72.0
RL Step 5530 | Loss: -0.0039 | Avg Reward: 0.17 | Time: 8.3s | Prob: A train travels at 58 km/h for... | Ans: 60.0
RL Step 5531 | Loss: 0.0001 | Avg Reward: -0.10 | Time: 8.4s | Prob: A train travels at 46 km/h for... | Ans: 65.38
RL Step 5532 | Loss: 0.0002 | Avg Reward: -0.10 | Time: 8.4s | Prob: A train travels at 62 km/h for... | Ans: 69.11
RL Step 5533 | Loss: 0.0001 | Avg Reward: -0.10 | Time: 8.4s | Prob: A train travels at 78 km/h for... | Ans: 89.43
RL Step 5534 | Loss: 0.0001 | Avg Reward: -0.10 | Time: 8.4s | Prob: A train travels at 73 km/h for... | Ans: 71.86
RL Step 5535 | Loss: 0.0001 | Avg Reward: -0.10 | Time: 8.4s | Prob: A train travels at 59 km/h for... | Ans: 64.71
RL Step 5536 | Loss: 0.0001 | Avg Reward: -0.10 | Time: 8.3s | Prob: A train travels at 56 km/h for... | Ans: 84.0
RL Step 5537 | Loss: 0.0020 | Avg Reward: 0.17 | Time: 8.4s | Prob: A train travels at 75 km/h for... | Ans: 67.78
RL Step 5538 | Loss: 0.0000 | Avg Reward: -0.10 | Time: 8.2s | Prob: A train travels at 53 km/h for... | Ans: 55.8
RL Step 5539 | Loss: 0.0000 | Avg Reward: -0.10 | Time: 8.3s | Prob: A train travels at 56 km/h for... | Ans: 66.29
RL Step 5540 | Loss: 0.0001 | Avg Reward: -0.10 | Time: 8.3s | Prob: A train travels at 49 km/h for... | Ans: 70.33
RL Step 5541 | Loss: 0.0002 | Avg Reward: -0.10 | Time: 8.4s | Prob: A train travels at 47 km/h for... | Ans: 56.29
RL Step 5542 | Loss: 0.0000 | Avg Reward: -0.10 | Time: 8.4s | Prob: A train travels at 69 km/h for... | Ans: 86.71
RL Step 5543 | Loss: 0.0001 | Avg Reward: -0.10 | Time: 8.2s | Prob: A train travels at 65 km/h for... | Ans: 66.5
RL Step 5544 | Loss: 0.0000 | Avg Reward: -0.10 | Time: 8.2s | Prob: A train travels at 58 km/h for... | Ans: 77.2
RL Step 5545 | Loss: 0.0002 | Avg Reward: -0.10 | Time: 8.4s | Prob: A train travels at 56 km/h for... | Ans: 60.44
RL Step 5546 | Loss: 0.0002 | Avg Reward: -0.10 | Time: 8.4s | Prob: A train travels at 41 km/h for... | Ans: 62.86
RL Step 5547 | Loss: 0.0001 | Avg Reward: -0.10 | Time: 8.2s | Prob: A train travels at 46 km/h for... | Ans: 60.4
RL Step 5548 | Loss: 0.0001 | Avg Reward: -0.10 | Time: 8.2s | Prob: A train travels at 62 km/h for... | Ans: 81.0
RL Step 5549 | Loss: 0.0000 | Avg Reward: -0.10 | Time: 8.4s | Prob: A train travels at 43 km/h for... | Ans: 53.57
RL Step 5550 | Loss: 0.0002 | Avg Reward: -0.10 | Time: 8.2s | Prob: A train travels at 44 km/h for... | Ans: 66.0
RL Step 5551 | Loss: 0.0001 | Avg Reward: -0.10 | Time: 8.2s | Prob: A train travels at 70 km/h for... | Ans: 71.6
RL Step 5552 | Loss: 0.0001 | Avg Reward: -0.10 | Time: 8.4s | Prob: A train travels at 43 km/h for... | Ans: 61.0
RL Step 5553 | Loss: 0.0002 | Avg Reward: -0.10 | Time: 8.3s | Prob: A train travels at 50 km/h for... | Ans: 65.56
RL Step 5554 | Loss: -0.0078 | Avg Reward: 0.17 | Time: 8.2s | Prob: A train travels at 41 km/h for... | Ans: 53.0
RL Step 5555 | Loss: 0.0001 | Avg Reward: -0.10 | Time: 8.2s | Prob: A train travels at 71 km/h for... | Ans: 68.0
RL Step 5556 | Loss: 0.0000 | Avg Reward: -0.10 | Time: 8.3s | Prob: A train travels at 70 km/h for... | Ans: 70.0
RL Step 5557 | Loss: -0.0000 | Avg Reward: -0.10 | Time: 8.2s | Prob: A train travels at 40 km/h for... | Ans: 56.0
RL Step 5558 | Loss: -0.0000 | Avg Reward: -0.10 | Time: 8.3s | Prob: A train travels at 59 km/h for... | Ans: 62.57
RL Step 5559 | Loss: 0.0003 | Avg Reward: -0.10 | Time: 8.4s | Prob: A train travels at 51 km/h for... | Ans: 67.0
RL Step 5560 | Loss: 0.0001 | Avg Reward: -0.10 | Time: 8.4s | Prob: A train travels at 42 km/h for... | Ans: 61.33
RL Step 5561 | Loss: 0.0002 | Avg Reward: -0.10 | Time: 8.4s | Prob: A train travels at 70 km/h for... | Ans: 77.43
RL Step 5562 | Loss: 0.0001 | Avg Reward: -0.10 | Time: 8.2s | Prob: A train travels at 78 km/h for... | Ans: 72.8
RL Step 5563 | Loss: 0.0000 | Avg Reward: -0.10 | Time: 8.2s | Prob: A train travels at 56 km/h for... | Ans: 58.8
RL Step 5564 | Loss: 0.0002 | Avg Reward: -0.10 | Time: 8.3s | Prob: A train travels at 54 km/h for... | Ans: 61.0
RL Step 5565 | Loss: 0.0332 | Avg Reward: 0.17 | Time: 8.3s | Prob: A train travels at 58 km/h for... | Ans: 79.71
RL Step 5566 | Loss: 0.0001 | Avg Reward: -0.10 | Time: 8.4s | Prob: A train travels at 51 km/h for... | Ans: 70.43
RL Step 5567 | Loss: 0.0000 | Avg Reward: -0.10 | Time: 8.2s | Prob: A train travels at 56 km/h for... | Ans: 68.6
RL Step 5568 | Loss: -0.0000 | Avg Reward: -0.10 | Time: 8.4s | Prob: A train travels at 73 km/h for... | Ans: 82.38
RL Step 5569 | Loss: 0.0195 | Avg Reward: 0.17 | Time: 8.3s | Prob: A train travels at 78 km/h for... | Ans: 75.71
RL Step 5570 | Loss: 0.0000 | Avg Reward: -0.10 | Time: 8.4s | Prob: A train travels at 60 km/h for... | Ans: 63.0
RL Step 5571 | Loss: 0.0000 | Avg Reward: -0.10 | Time: 8.3s | Prob: A train travels at 58 km/h for... | Ans: 59.5
RL Step 5572 | Loss: 0.0000 | Avg Reward: -0.10 | Time: 8.2s | Prob: A train travels at 78 km/h for... | Ans: 78.0
RL Step 5573 | Loss: 0.0002 | Avg Reward: -0.10 | Time: 8.3s | Prob: A train travels at 44 km/h for... | Ans: 68.0
RL Step 5574 | Loss: 0.0000 | Avg Reward: -0.10 | Time: 8.3s | Prob: A train travels at 78 km/h for... | Ans: 87.14
RL Step 5575 | Loss: 0.0003 | Avg Reward: -0.10 | Time: 8.4s | Prob: A train travels at 57 km/h for... | Ans: 61.0
RL Step 5576 | Loss: 0.0001 | Avg Reward: -0.10 | Time: 8.2s | Prob: A train travels at 44 km/h for... | Ans: 65.86
RL Step 5577 | Loss: 0.0000 | Avg Reward: -0.10 | Time: 8.2s | Prob: A train travels at 78 km/h for... | Ans: 77.6
RL Step 5578 | Loss: 0.0001 | Avg Reward: -0.10 | Time: 8.3s | Prob: A train travels at 62 km/h for... | Ans: 81.43
RL Step 5579 | Loss: 0.0001 | Avg Reward: -0.10 | Time: 8.3s | Prob: A train travels at 54 km/h for... | Ans: 60.0
RL Step 5580 | Loss: 0.0001 | Avg Reward: -0.10 | Time: 8.4s | Prob: A train travels at 44 km/h for... | Ans: 65.11
RL Step 5581 | Loss: 0.0002 | Avg Reward: -0.10 | Time: 8.4s | Prob: A train travels at 69 km/h for... | Ans: 67.33
RL Step 5582 | Loss: 0.0001 | Avg Reward: -0.10 | Time: 8.3s | Prob: A train travels at 74 km/h for... | Ans: 73.62
RL Step 5583 | Loss: 0.0000 | Avg Reward: -0.10 | Time: 8.2s | Prob: A train travels at 44 km/h for... | Ans: 64.0
RL Step 5584 | Loss: 0.0000 | Avg Reward: -0.10 | Time: 8.2s | Prob: A train travels at 69 km/h for... | Ans: 81.0
RL Step 5585 | Loss: -0.0078 | Avg Reward: 0.17 | Time: 8.3s | Prob: A train travels at 80 km/h for... | Ans: 76.0
RL Step 5586 | Loss: 0.0000 | Avg Reward: -0.10 | Time: 8.2s | Prob: A train travels at 53 km/h for... | Ans: 61.14
RL Step 5587 | Loss: 0.0002 | Avg Reward: -0.10 | Time: 8.4s | Prob: A train travels at 46 km/h for... | Ans: 58.22
RL Step 5588 | Loss: 0.0001 | Avg Reward: -0.10 | Time: 8.2s | Prob: A train travels at 51 km/h for... | Ans: 56.0
RL Step 5589 | Loss: 0.0001 | Avg Reward: -0.10 | Time: 8.4s | Prob: A train travels at 77 km/h for... | Ans: 88.88
RL Step 5590 | Loss: -0.0000 | Avg Reward: -0.10 | Time: 8.4s | Prob: A train travels at 76 km/h for... | Ans: 81.62
RL Step 5591 | Loss: 0.0039 | Avg Reward: 0.17 | Time: 8.2s | Prob: A train travels at 62 km/h for... | Ans: 74.0
RL Step 5592 | Loss: 0.0001 | Avg Reward: -0.10 | Time: 8.2s | Prob: A train travels at 67 km/h for... | Ans: 74.0
RL Step 5593 | Loss: 0.0003 | Avg Reward: -0.10 | Time: 8.4s | Prob: A train travels at 63 km/h for... | Ans: 72.0
RL Step 5594 | Loss: 0.0003 | Avg Reward: -0.10 | Time: 8.3s | Prob: A train travels at 60 km/h for... | Ans: 67.22
RL Step 5595 | Loss: 0.0001 | Avg Reward: -0.10 | Time: 8.2s | Prob: A train travels at 77 km/h for... | Ans: 81.8
RL Step 5596 | Loss: 0.0001 | Avg Reward: -0.10 | Time: 8.2s | Prob: A train travels at 41 km/h for... | Ans: 53.4
RL Step 5597 | Loss: 0.0001 | Avg Reward: -0.10 | Time: 8.4s | Prob: A train travels at 50 km/h for... | Ans: 54.29
RL Step 5598 | Loss: 0.0000 | Avg Reward: -0.10 | Time: 8.3s | Prob: A train travels at 50 km/h for... | Ans: 66.57
RL Step 5599 | Loss: 0.0001 | Avg Reward: -0.10 | Time: 8.4s | Prob: A train travels at 58 km/h for... | Ans: 78.71
RL Step 5600 | Loss: 0.0001 | Avg Reward: -0.10 | Time: 8.2s | Prob: A train travels at 62 km/h for... | Ans: 84.2
Saving RL Checkpoint at step 5600...
RL Step 5601 | Loss: 0.0000 | Avg Reward: -0.10 | Time: 8.3s | Prob: A train travels at 44 km/h for... | Ans: 68.44
RL Step 5602 | Loss: 0.0000 | Avg Reward: -0.10 | Time: 8.2s | Prob: A train travels at 76 km/h for... | Ans: 71.0
RL Step 5603 | Loss: 0.0000 | Avg Reward: -0.10 | Time: 8.4s | Prob: A train travels at 41 km/h for... | Ans: 70.71
RL Step 5604 | Loss: 0.0001 | Avg Reward: -0.10 | Time: 8.4s | Prob: A train travels at 46 km/h for... | Ans: 68.14
RL Step 5605 | Loss: 0.0001 | Avg Reward: -0.10 | Time: 8.2s | Prob: A train travels at 78 km/h for... | Ans: 78.8
RL Step 5606 | Loss: 0.0001 | Avg Reward: -0.10 | Time: 8.3s | Prob: A train travels at 47 km/h for... | Ans: 69.78
RL Step 5607 | Loss: 0.0000 | Avg Reward: -0.10 | Time: 8.4s | Prob: A train travels at 76 km/h for... | Ans: 74.75
RL Step 5608 | Loss: 0.0003 | Avg Reward: -0.10 | Time: 8.2s | Prob: A train travels at 43 km/h for... | Ans: 68.8
RL Step 5609 | Loss: 0.0001 | Avg Reward: -0.10 | Time: 8.3s | Prob: A train travels at 41 km/h for... | Ans: 62.43
RL Step 5610 | Loss: 0.0000 | Avg Reward: -0.10 | Time: 8.3s | Prob: A train travels at 65 km/h for... | Ans: 73.44
RL Step 5611 | Loss: -0.0078 | Avg Reward: 0.17 | Time: 8.4s | Prob: A train travels at 44 km/h for... | Ans: 83.29
RL Step 5612 | Loss: 0.0000 | Avg Reward: -0.10 | Time: 8.2s | Prob: A train travels at 76 km/h for... | Ans: 80.0
RL Step 5613 | Loss: 0.0001 | Avg Reward: -0.10 | Time: 8.4s | Prob: A train travels at 60 km/h for... | Ans: 61.43
RL Step 5614 | Loss: 0.0001 | Avg Reward: -0.10 | Time: 8.2s | Prob: A train travels at 61 km/h for... | Ans: 67.0
RL Step 5615 | Loss: 0.0001 | Avg Reward: -0.10 | Time: 8.2s | Prob: A train travels at 44 km/h for... | Ans: 56.0
RL Step 5616 | Loss: 0.0352 | Avg Reward: 0.17 | Time: 8.2s | Prob: A train travels at 59 km/h for... | Ans: 72.8
RL Step 5617 | Loss: 0.0001 | Avg Reward: -0.10 | Time: 8.3s | Prob: A train travels at 44 km/h for... | Ans: 72.0
RL Step 5618 | Loss: 0.0001 | Avg Reward: -0.10 | Time: 8.4s | Prob: A train travels at 61 km/h for... | Ans: 72.25
RL Step 5619 | Loss: 0.0000 | Avg Reward: -0.10 | Time: 8.3s | Prob: A train travels at 65 km/h for... | Ans: 63.0
RL Step 5620 | Loss: 0.0001 | Avg Reward: -0.10 | Time: 8.4s | Prob: A train travels at 46 km/h for... | Ans: 60.29
RL Step 5621 | Loss: 0.0001 | Avg Reward: -0.10 | Time: 8.3s | Prob: A train travels at 79 km/h for... | Ans: 75.67
RL Step 5622 | Loss: 0.0001 | Avg Reward: -0.10 | Time: 8.4s | Prob: A train travels at 58 km/h for... | Ans: 65.11
RL Step 5623 | Loss: 0.0001 | Avg Reward: -0.10 | Time: 8.2s | Prob: A train travels at 58 km/h for... | Ans: 67.0
RL Step 5624 | Loss: 0.0000 | Avg Reward: -0.10 | Time: 8.2s | Prob: A train travels at 77 km/h for... | Ans: 82.0
RL Step 5625 | Loss: 0.0001 | Avg Reward: -0.10 | Time: 8.4s | Prob: A train travels at 43 km/h for... | Ans: 59.71
RL Step 5626 | Loss: 0.0001 | Avg Reward: -0.10 | Time: 8.3s | Prob: A train travels at 43 km/h for... | Ans: 58.0
RL Step 5627 | Loss: 0.0117 | Avg Reward: 0.17 | Time: 8.3s | Prob: A train travels at 53 km/h for... | Ans: 68.5
RL Step 5628 | Loss: 0.0001 | Avg Reward: -0.10 | Time: 8.3s | Prob: A train travels at 65 km/h for... | Ans: 68.0
RL Step 5629 | Loss: 0.0000 | Avg Reward: -0.10 | Time: 8.3s | Prob: A train travels at 49 km/h for... | Ans: 64.75
RL Step 5630 | Loss: 0.0001 | Avg Reward: -0.10 | Time: 8.3s | Prob: A train travels at 61 km/h for... | Ans: 67.33
RL Step 5631 | Loss: 0.0001 | Avg Reward: -0.10 | Time: 8.4s | Prob: A train travels at 54 km/h for... | Ans: 70.57
RL Step 5632 | Loss: 0.0001 | Avg Reward: -0.10 | Time: 8.3s | Prob: A train travels at 76 km/h for... | Ans: 82.43
RL Step 5633 | Loss: 0.0002 | Avg Reward: -0.10 | Time: 8.2s | Prob: A train travels at 49 km/h for... | Ans: 70.0
RL Step 5634 | Loss: 0.0000 | Avg Reward: -0.10 | Time: 8.2s | Prob: A train travels at 41 km/h for... | Ans: 62.0
RL Step 5635 | Loss: -0.0000 | Avg Reward: -0.10 | Time: 8.3s | Prob: A train travels at 74 km/h for... | Ans: 83.5
RL Step 5636 | Loss: 0.0001 | Avg Reward: -0.10 | Time: 8.2s | Prob: A train travels at 54 km/h for... | Ans: 67.2
RL Step 5637 | Loss: 0.0000 | Avg Reward: -0.10 | Time: 8.3s | Prob: A train travels at 50 km/h for... | Ans: 61.14
RL Step 5638 | Loss: 0.0001 | Avg Reward: -0.10 | Time: 8.3s | Prob: A train travels at 70 km/h for... | Ans: 77.56
RL Step 5639 | Loss: 0.0000 | Avg Reward: -0.10 | Time: 8.3s | Prob: A train travels at 65 km/h for... | Ans: 66.71
RL Step 5640 | Loss: 0.0039 | Avg Reward: 0.17 | Time: 8.2s | Prob: A train travels at 55 km/h for... | Ans: 70.6
RL Step 5641 | Loss: 0.0000 | Avg Reward: -0.10 | Time: 8.2s | Prob: A train travels at 61 km/h for... | Ans: 68.2
RL Step 5642 | Loss: 0.0001 | Avg Reward: -0.10 | Time: 8.4s | Prob: A train travels at 46 km/h for... | Ans: 52.22
RL Step 5643 | Loss: 0.0000 | Avg Reward: -0.10 | Time: 8.3s | Prob: A train travels at 80 km/h for... | Ans: 75.11
RL Step 5644 | Loss: 0.0001 | Avg Reward: -0.10 | Time: 8.2s | Prob: A train travels at 79 km/h for... | Ans: 85.6
RL Step 5645 | Loss: -0.0098 | Avg Reward: 0.17 | Time: 8.4s | Prob: A train travels at 70 km/h for... | Ans: 83.89
RL Step 5646 | Loss: 0.0000 | Avg Reward: -0.10 | Time: 8.3s | Prob: A train travels at 66 km/h for... | Ans: 68.14
RL Step 5647 | Loss: 0.0001 | Avg Reward: -0.10 | Time: 8.3s | Prob: A train travels at 78 km/h for... | Ans: 90.0
RL Step 5648 | Loss: 0.0001 | Avg Reward: -0.10 | Time: 8.5s | Prob: A train travels at 50 km/h for... | Ans: 61.11
RL Step 5649 | Loss: -0.0000 | Avg Reward: -0.10 | Time: 8.4s | Prob: A train travels at 65 km/h for... | Ans: 71.0
RL Step 5650 | Loss: 0.0001 | Avg Reward: -0.10 | Time: 8.2s | Prob: A train travels at 80 km/h for... | Ans: 73.5
RL Step 5651 | Loss: 0.0000 | Avg Reward: -0.10 | Time: 8.3s | Prob: A train travels at 40 km/h for... | Ans: 54.5
RL Step 5652 | Loss: 0.0001 | Avg Reward: -0.10 | Time: 8.4s | Prob: A train travels at 77 km/h for... | Ans: 74.14
RL Step 5653 | Loss: 0.0000 | Avg Reward: -0.10 | Time: 8.2s | Prob: A train travels at 45 km/h for... | Ans: 56.43
RL Step 5654 | Loss: 0.0001 | Avg Reward: -0.10 | Time: 8.2s | Prob: A train travels at 40 km/h for... | Ans: 60.0
RL Step 5655 | Loss: -0.0000 | Avg Reward: -0.10 | Time: 8.2s | Prob: A train travels at 62 km/h for... | Ans: 74.0
RL Step 5656 | Loss: 0.0001 | Avg Reward: -0.10 | Time: 8.4s | Prob: A train travels at 55 km/h for... | Ans: 58.33
RL Step 5657 | Loss: 0.0001 | Avg Reward: -0.10 | Time: 8.4s | Prob: A train travels at 70 km/h for... | Ans: 66.0
RL Step 5658 | Loss: 0.0001 | Avg Reward: -0.10 | Time: 8.4s | Prob: A train travels at 41 km/h for... | Ans: 51.88
RL Step 5659 | Loss: 0.0000 | Avg Reward: -0.10 | Time: 8.4s | Prob: A train travels at 66 km/h for... | Ans: 70.29
RL Step 5660 | Loss: 0.0000 | Avg Reward: -0.10 | Time: 8.3s | Prob: A train travels at 40 km/h for... | Ans: 61.5
RL Step 5661 | Loss: 0.0000 | Avg Reward: -0.10 | Time: 8.2s | Prob: A train travels at 74 km/h for... | Ans: 80.5
RL Step 5662 | Loss: 0.0001 | Avg Reward: -0.10 | Time: 8.3s | Prob: A train travels at 59 km/h for... | Ans: 68.78
RL Step 5663 | Loss: 0.0001 | Avg Reward: -0.10 | Time: 8.2s | Prob: A train travels at 75 km/h for... | Ans: 73.5
RL Step 5664 | Loss: 0.0000 | Avg Reward: -0.10 | Time: 8.1s | Prob: A train travels at 61 km/h for... | Ans: 65.5
RL Step 5665 | Loss: 0.0000 | Avg Reward: -0.10 | Time: 8.2s | Prob: A train travels at 61 km/h for... | Ans: 60.5
RL Step 5666 | Loss: 0.0039 | Avg Reward: 0.17 | Time: 8.2s | Prob: A train travels at 41 km/h for... | Ans: 65.6
RL Step 5667 | Loss: 0.0001 | Avg Reward: -0.10 | Time: 8.3s | Prob: A train travels at 55 km/h for... | Ans: 81.67
RL Step 5668 | Loss: 0.0059 | Avg Reward: 0.17 | Time: 8.3s | Prob: A train travels at 59 km/h for... | Ans: 79.5
RL Step 5669 | Loss: 0.0001 | Avg Reward: -0.10 | Time: 8.3s | Prob: A train travels at 73 km/h for... | Ans: 76.67
RL Step 5670 | Loss: 0.0001 | Avg Reward: -0.10 | Time: 8.2s | Prob: A train travels at 72 km/h for... | Ans: 71.0
RL Step 5671 | Loss: 0.0001 | Avg Reward: -0.10 | Time: 8.2s | Prob: A train travels at 62 km/h for... | Ans: 66.0
RL Step 5672 | Loss: 0.0001 | Avg Reward: -0.10 | Time: 8.4s | Prob: A train travels at 60 km/h for... | Ans: 67.14
RL Step 5673 | Loss: 0.0001 | Avg Reward: -0.10 | Time: 8.4s | Prob: A train travels at 42 km/h for... | Ans: 63.33
RL Step 5674 | Loss: 0.0001 | Avg Reward: -0.10 | Time: 8.3s | Prob: A train travels at 51 km/h for... | Ans: 61.56
RL Step 5675 | Loss: 0.0001 | Avg Reward: -0.10 | Time: 8.3s | Prob: A train travels at 62 km/h for... | Ans: 64.29
RL Step 5676 | Loss: 0.0039 | Avg Reward: 0.17 | Time: 8.4s | Prob: A train travels at 53 km/h for... | Ans: 79.11
RL Step 5677 | Loss: 0.0000 | Avg Reward: -0.10 | Time: 8.4s | Prob: A train travels at 63 km/h for... | Ans: 66.43
RL Step 5678 | Loss: 0.0001 | Avg Reward: -0.10 | Time: 8.2s | Prob: A train travels at 73 km/h for... | Ans: 79.8
RL Step 5679 | Loss: 0.0000 | Avg Reward: -0.10 | Time: 8.4s | Prob: A train travels at 50 km/h for... | Ans: 57.5
RL Step 5680 | Loss: 0.0001 | Avg Reward: -0.10 | Time: 8.3s | Prob: A train travels at 56 km/h for... | Ans: 67.43
RL Step 5681 | Loss: 0.0000 | Avg Reward: -0.10 | Time: 8.2s | Prob: A train travels at 48 km/h for... | Ans: 69.5
RL Step 5682 | Loss: 0.0002 | Avg Reward: -0.10 | Time: 8.4s | Prob: A train travels at 45 km/h for... | Ans: 72.22
RL Step 5683 | Loss: 0.0000 | Avg Reward: 0.17 | Time: 8.2s | Prob: A train travels at 51 km/h for... | Ans: 61.5
RL Step 5684 | Loss: 0.0001 | Avg Reward: -0.10 | Time: 8.3s | Prob: A train travels at 77 km/h for... | Ans: 91.29
RL Step 5685 | Loss: 0.0000 | Avg Reward: -0.10 | Time: 8.3s | Prob: A train travels at 77 km/h for... | Ans: 66.33
RL Step 5686 | Loss: 0.0000 | Avg Reward: -0.10 | Time: 8.4s | Prob: A train travels at 72 km/h for... | Ans: 82.71
RL Step 5687 | Loss: 0.0003 | Avg Reward: -0.10 | Time: 8.3s | Prob: A train travels at 41 km/h for... | Ans: 69.5
RL Step 5688 | Loss: 0.0059 | Avg Reward: 0.17 | Time: 8.2s | Prob: A train travels at 59 km/h for... | Ans: 67.0
RL Step 5689 | Loss: 0.0002 | Avg Reward: -0.10 | Time: 8.3s | Prob: A train travels at 58 km/h for... | Ans: 59.33
RL Step 5690 | Loss: 0.0001 | Avg Reward: -0.10 | Time: 8.2s | Prob: A train travels at 48 km/h for... | Ans: 70.2
RL Step 5691 | Loss: 0.0001 | Avg Reward: -0.10 | Time: 8.3s | Prob: A train travels at 74 km/h for... | Ans: 71.14
RL Step 5692 | Loss: 0.0000 | Avg Reward: -0.10 | Time: 8.3s | Prob: A train travels at 74 km/h for... | Ans: 81.5
RL Step 5693 | Loss: 0.0001 | Avg Reward: -0.10 | Time: 8.3s | Prob: A train travels at 45 km/h for... | Ans: 69.5
RL Step 5694 | Loss: 0.0000 | Avg Reward: -0.10 | Time: 8.4s | Prob: A train travels at 63 km/h for... | Ans: 71.0
RL Step 5695 | Loss: 0.0001 | Avg Reward: -0.10 | Time: 8.4s | Prob: A train travels at 60 km/h for... | Ans: 76.29
RL Step 5696 | Loss: 0.0000 | Avg Reward: -0.10 | Time: 8.1s | Prob: A train travels at 62 km/h for... | Ans: 65.6
RL Step 5697 | Loss: 0.0001 | Avg Reward: -0.10 | Time: 8.2s | Prob: A train travels at 56 km/h for... | Ans: 72.0
RL Step 5698 | Loss: 0.0000 | Avg Reward: -0.10 | Time: 8.4s | Prob: A train travels at 55 km/h for... | Ans: 66.25
RL Step 5699 | Loss: 0.0001 | Avg Reward: -0.10 | Time: 8.3s | Prob: A train travels at 48 km/h for... | Ans: 68.67
RL Step 5700 | Loss: 0.0001 | Avg Reward: -0.10 | Time: 8.4s | Prob: A train travels at 53 km/h for... | Ans: 59.29
RL Step 5701 | Loss: 0.0001 | Avg Reward: -0.10 | Time: 8.3s | Prob: A train travels at 43 km/h for... | Ans: 56.12
RL Step 5702 | Loss: 0.0001 | Avg Reward: -0.10 | Time: 8.4s | Prob: A train travels at 72 km/h for... | Ans: 67.5
RL Step 5703 | Loss: 0.0000 | Avg Reward: -0.10 | Time: 8.3s | Prob: A train travels at 63 km/h for... | Ans: 84.88
RL Step 5704 | Loss: -0.0000 | Avg Reward: -0.10 | Time: 8.3s | Prob: A train travels at 56 km/h for... | Ans: 60.57
RL Step 5705 | Loss: 0.0002 | Avg Reward: -0.10 | Time: 8.2s | Prob: A train travels at 58 km/h for... | Ans: 78.62
RL Step 5706 | Loss: 0.0001 | Avg Reward: -0.10 | Time: 8.3s | Prob: A train travels at 41 km/h for... | Ans: 56.67
RL Step 5707 | Loss: 0.0001 | Avg Reward: -0.10 | Time: 8.2s | Prob: A train travels at 76 km/h for... | Ans: 75.5
RL Step 5708 | Loss: 0.0001 | Avg Reward: -0.10 | Time: 8.2s | Prob: A train travels at 78 km/h for... | Ans: 72.4
RL Step 5709 | Loss: 0.0117 | Avg Reward: 0.17 | Time: 8.2s | Prob: A train travels at 56 km/h for... | Ans: 66.0
RL Step 5710 | Loss: 0.0001 | Avg Reward: -0.10 | Time: 8.3s | Prob: A train travels at 57 km/h for... | Ans: 70.57
RL Step 5711 | Loss: 0.0001 | Avg Reward: -0.10 | Time: 8.4s | Prob: A train travels at 73 km/h for... | Ans: 77.0
RL Step 5712 | Loss: 0.0001 | Avg Reward: -0.10 | Time: 8.4s | Prob: A train travels at 56 km/h for... | Ans: 68.0
RL Step 5713 | Loss: 0.0000 | Avg Reward: -0.10 | Time: 8.2s | Prob: A train travels at 57 km/h for... | Ans: 67.8
RL Step 5714 | Loss: 0.0001 | Avg Reward: -0.10 | Time: 8.4s | Prob: A train travels at 80 km/h for... | Ans: 91.33
RL Step 5715 | Loss: 0.0001 | Avg Reward: -0.10 | Time: 8.2s | Prob: A train travels at 63 km/h for... | Ans: 66.5
RL Step 5716 | Loss: 0.0002 | Avg Reward: -0.10 | Time: 8.1s | Prob: A train travels at 72 km/h for... | Ans: 76.5
RL Step 5717 | Loss: 0.0002 | Avg Reward: -0.10 | Time: 8.4s | Prob: A train travels at 51 km/h for... | Ans: 77.25
RL Step 5718 | Loss: -0.0000 | Avg Reward: -0.10 | Time: 8.2s | Prob: A train travels at 67 km/h for... | Ans: 71.2
RL Step 5719 | Loss: 0.0000 | Avg Reward: 0.17 | Time: 8.3s | Prob: A train travels at 52 km/h for... | Ans: 71.29
RL Step 5720 | Loss: 0.0001 | Avg Reward: -0.10 | Time: 8.2s | Prob: A train travels at 65 km/h for... | Ans: 73.4
RL Step 5721 | Loss: -0.0000 | Avg Reward: -0.10 | Time: 8.2s | Prob: A train travels at 50 km/h for... | Ans: 63.0
RL Step 5722 | Loss: 0.0098 | Avg Reward: 0.17 | Time: 8.2s | Prob: A train travels at 64 km/h for... | Ans: 69.0
RL Step 5723 | Loss: 0.0001 | Avg Reward: -0.10 | Time: 8.3s | Prob: A train travels at 76 km/h for... | Ans: 66.71
RL Step 5724 | Loss: 0.0001 | Avg Reward: -0.10 | Time: 8.4s | Prob: A train travels at 80 km/h for... | Ans: 86.67
RL Step 5725 | Loss: 0.0001 | Avg Reward: -0.10 | Time: 8.3s | Prob: A train travels at 65 km/h for... | Ans: 75.12
RL Step 5726 | Loss: 0.0000 | Avg Reward: -0.10 | Time: 8.3s | Prob: A train travels at 69 km/h for... | Ans: 76.71
RL Step 5727 | Loss: 0.0001 | Avg Reward: -0.10 | Time: 8.2s | Prob: A train travels at 73 km/h for... | Ans: 80.5
RL Step 5728 | Loss: 0.0273 | Avg Reward: 0.17 | Time: 8.4s | Prob: A train travels at 49 km/h for... | Ans: 59.67
RL Step 5729 | Loss: 0.0001 | Avg Reward: -0.10 | Time: 8.4s | Prob: A train travels at 50 km/h for... | Ans: 60.56
RL Step 5730 | Loss: 0.0352 | Avg Reward: 0.17 | Time: 8.3s | Prob: A train travels at 71 km/h for... | Ans: 90.33
RL Step 5731 | Loss: 0.0000 | Avg Reward: -0.10 | Time: 8.3s | Prob: A train travels at 67 km/h for... | Ans: 78.0
RL Step 5732 | Loss: -0.0000 | Avg Reward: -0.10 | Time: 8.4s | Prob: A train travels at 40 km/h for... | Ans: 58.75
RL Step 5733 | Loss: 0.0001 | Avg Reward: -0.10 | Time: 8.2s | Prob: A train travels at 74 km/h for... | Ans: 86.5
RL Step 5734 | Loss: 0.0001 | Avg Reward: -0.10 | Time: 8.3s | Prob: A train travels at 51 km/h for... | Ans: 66.0
RL Step 5735 | Loss: 0.0001 | Avg Reward: -0.10 | Time: 8.2s | Prob: A train travels at 53 km/h for... | Ans: 66.2
RL Step 5736 | Loss: 0.0000 | Avg Reward: -0.10 | Time: 8.2s | Prob: A train travels at 54 km/h for... | Ans: 64.0
RL Step 5737 | Loss: 0.0001 | Avg Reward: -0.10 | Time: 8.2s | Prob: A train travels at 53 km/h for... | Ans: 65.0
RL Step 5738 | Loss: 0.0001 | Avg Reward: -0.10 | Time: 8.4s | Prob: A train travels at 50 km/h for... | Ans: 55.43
RL Step 5739 | Loss: 0.0001 | Avg Reward: -0.10 | Time: 8.3s | Prob: A train travels at 51 km/h for... | Ans: 71.67
RL Step 5740 | Loss: 0.0001 | Avg Reward: -0.10 | Time: 8.4s | Prob: A train travels at 50 km/h for... | Ans: 57.5
RL Step 5741 | Loss: 0.0001 | Avg Reward: -0.10 | Time: 8.4s | Prob: A train travels at 62 km/h for... | Ans: 70.44
RL Step 5742 | Loss: 0.0001 | Avg Reward: -0.10 | Time: 8.2s | Prob: A train travels at 49 km/h for... | Ans: 60.2
RL Step 5743 | Loss: 0.0001 | Avg Reward: -0.10 | Time: 8.3s | Prob: A train travels at 65 km/h for... | Ans: 83.29
RL Step 5744 | Loss: 0.0000 | Avg Reward: -0.10 | Time: 8.4s | Prob: A train travels at 70 km/h for... | Ans: 69.62
RL Step 5745 | Loss: 0.0000 | Avg Reward: -0.10 | Time: 8.4s | Prob: A train travels at 43 km/h for... | Ans: 59.11
RL Step 5746 | Loss: 0.0156 | Avg Reward: 0.17 | Time: 8.2s | Prob: A train travels at 71 km/h for... | Ans: 80.0
RL Step 5747 | Loss: 0.0002 | Avg Reward: -0.10 | Time: 8.2s | Prob: A train travels at 58 km/h for... | Ans: 64.0
RL Step 5748 | Loss: 0.0001 | Avg Reward: -0.10 | Time: 8.4s | Prob: A train travels at 70 km/h for... | Ans: 74.57
RL Step 5749 | Loss: 0.0001 | Avg Reward: -0.10 | Time: 8.3s | Prob: A train travels at 57 km/h for... | Ans: 68.43
RL Step 5750 | Loss: 0.0002 | Avg Reward: -0.10 | Time: 8.2s | Prob: A train travels at 70 km/h for... | Ans: 71.2
RL Step 5751 | Loss: 0.0001 | Avg Reward: -0.10 | Time: 8.2s | Prob: A train travels at 70 km/h for... | Ans: 76.6
RL Step 5752 | Loss: 0.0000 | Avg Reward: -0.10 | Time: 8.2s | Prob: A train travels at 56 km/h for... | Ans: 63.5
RL Step 5753 | Loss: 0.0001 | Avg Reward: -0.10 | Time: 8.3s | Prob: A train travels at 45 km/h for... | Ans: 67.29
RL Step 5754 | Loss: 0.0001 | Avg Reward: -0.10 | Time: 8.4s | Prob: A train travels at 43 km/h for... | Ans: 66.75
RL Step 5755 | Loss: 0.0001 | Avg Reward: -0.10 | Time: 8.2s | Prob: A train travels at 48 km/h for... | Ans: 63.0
RL Step 5756 | Loss: 0.0001 | Avg Reward: -0.10 | Time: 8.4s | Prob: A train travels at 43 km/h for... | Ans: 68.56
RL Step 5757 | Loss: 0.0000 | Avg Reward: -0.10 | Time: 8.2s | Prob: A train travels at 53 km/h for... | Ans: 64.0
RL Step 5758 | Loss: 0.0002 | Avg Reward: -0.10 | Time: 8.2s | Prob: A train travels at 42 km/h for... | Ans: 75.6
RL Step 5759 | Loss: 0.0001 | Avg Reward: -0.10 | Time: 8.4s | Prob: A train travels at 79 km/h for... | Ans: 73.44
RL Step 5760 | Loss: 0.0001 | Avg Reward: -0.10 | Time: 8.3s | Prob: A train travels at 73 km/h for... | Ans: 79.0
RL Step 5761 | Loss: 0.0000 | Avg Reward: -0.10 | Time: 8.3s | Prob: A train travels at 60 km/h for... | Ans: 66.67
RL Step 5762 | Loss: 0.0000 | Avg Reward: -0.10 | Time: 8.3s | Prob: A train travels at 77 km/h for... | Ans: 69.67
RL Step 5763 | Loss: 0.0001 | Avg Reward: -0.10 | Time: 8.3s | Prob: A train travels at 65 km/h for... | Ans: 81.5
RL Step 5764 | Loss: 0.0001 | Avg Reward: -0.10 | Time: 8.2s | Prob: A train travels at 44 km/h for... | Ans: 53.6
RL Step 5765 | Loss: 0.0001 | Avg Reward: -0.10 | Time: 8.3s | Prob: A train travels at 59 km/h for... | Ans: 64.57
RL Step 5766 | Loss: 0.0001 | Avg Reward: -0.10 | Time: 8.3s | Prob: A train travels at 55 km/h for... | Ans: 67.0
RL Step 5767 | Loss: -0.0000 | Avg Reward: -0.10 | Time: 8.2s | Prob: A train travels at 74 km/h for... | Ans: 67.5
RL Step 5768 | Loss: 0.0059 | Avg Reward: 0.17 | Time: 8.2s | Prob: A train travels at 61 km/h for... | Ans: 67.0
RL Step 5769 | Loss: 0.0001 | Avg Reward: -0.10 | Time: 8.2s | Prob: A train travels at 54 km/h for... | Ans: 66.5
RL Step 5770 | Loss: 0.0001 | Avg Reward: -0.10 | Time: 8.3s | Prob: A train travels at 69 km/h for... | Ans: 68.14
RL Step 5771 | Loss: 0.0001 | Avg Reward: -0.10 | Time: 8.5s | Prob: A train travels at 49 km/h for... | Ans: 61.86
RL Step 5772 | Loss: 0.0000 | Avg Reward: -0.10 | Time: 8.3s | Prob: A train travels at 44 km/h for... | Ans: 52.0
RL Step 5773 | Loss: 0.0001 | Avg Reward: -0.10 | Time: 8.3s | Prob: A train travels at 42 km/h for... | Ans: 68.67
RL Step 5774 | Loss: 0.0000 | Avg Reward: -0.10 | Time: 8.4s | Prob: A train travels at 66 km/h for... | Ans: 70.29
RL Step 5775 | Loss: 0.0001 | Avg Reward: -0.10 | Time: 8.4s | Prob: A train travels at 58 km/h for... | Ans: 71.57
RL Step 5776 | Loss: 0.0000 | Avg Reward: -0.10 | Time: 8.2s | Prob: A train travels at 57 km/h for... | Ans: 68.2
RL Step 5777 | Loss: 0.0001 | Avg Reward: -0.10 | Time: 8.4s | Prob: A train travels at 44 km/h for... | Ans: 69.56
RL Step 5778 | Loss: 0.0001 | Avg Reward: -0.10 | Time: 8.4s | Prob: A train travels at 71 km/h for... | Ans: 79.0
RL Step 5779 | Loss: 0.0001 | Avg Reward: -0.10 | Time: 8.4s | Prob: A train travels at 61 km/h for... | Ans: 68.22
RL Step 5780 | Loss: 0.0000 | Avg Reward: -0.10 | Time: 8.3s | Prob: A train travels at 67 km/h for... | Ans: 64.75
RL Step 5781 | Loss: 0.0000 | Avg Reward: -0.10 | Time: 8.4s | Prob: A train travels at 53 km/h for... | Ans: 80.86
RL Step 5782 | Loss: 0.0000 | Avg Reward: -0.10 | Time: 8.4s | Prob: A train travels at 67 km/h for... | Ans: 78.11
RL Step 5783 | Loss: 0.0001 | Avg Reward: -0.10 | Time: 8.3s | Prob: A train travels at 51 km/h for... | Ans: 64.14
RL Step 5784 | Loss: 0.0001 | Avg Reward: -0.10 | Time: 8.4s | Prob: A train travels at 68 km/h for... | Ans: 84.67
RL Step 5785 | Loss: 0.0001 | Avg Reward: -0.10 | Time: 8.3s | Prob: A train travels at 53 km/h for... | Ans: 56.43
RL Step 5786 | Loss: 0.0001 | Avg Reward: -0.10 | Time: 8.4s | Prob: A train travels at 71 km/h for... | Ans: 73.86
RL Step 5787 | Loss: 0.0001 | Avg Reward: -0.10 | Time: 8.3s | Prob: A train travels at 53 km/h for... | Ans: 72.29
RL Step 5788 | Loss: 0.0000 | Avg Reward: 0.17 | Time: 8.4s | Prob: A train travels at 62 km/h for... | Ans: 87.33
RL Step 5789 | Loss: 0.0723 | Avg Reward: 0.17 | Time: 8.2s | Prob: A train travels at 71 km/h for... | Ans: 73.0
RL Step 5790 | Loss: 0.0000 | Avg Reward: -0.10 | Time: 8.3s | Prob: A train travels at 68 km/h for... | Ans: 65.5
RL Step 5791 | Loss: -0.0000 | Avg Reward: -0.10 | Time: 8.2s | Prob: A train travels at 64 km/h for... | Ans: 73.0
RL Step 5792 | Loss: -0.0000 | Avg Reward: -0.10 | Time: 8.2s | Prob: A train travels at 49 km/h for... | Ans: 56.5
RL Step 5793 | Loss: 0.0000 | Avg Reward: -0.10 | Time: 8.3s | Prob: A train travels at 61 km/h for... | Ans: 63.14
RL Step 5794 | Loss: 0.0001 | Avg Reward: -0.10 | Time: 8.2s | Prob: A train travels at 49 km/h for... | Ans: 59.0
RL Step 5795 | Loss: -0.0000 | Avg Reward: -0.10 | Time: 8.1s | Prob: A train travels at 62 km/h for... | Ans: 81.8
RL Step 5796 | Loss: 0.0000 | Avg Reward: -0.10 | Time: 8.4s | Prob: A train travels at 65 km/h for... | Ans: 74.0
RL Step 5797 | Loss: 0.0001 | Avg Reward: -0.10 | Time: 8.4s | Prob: A train travels at 42 km/h for... | Ans: 49.71
RL Step 5798 | Loss: 0.0002 | Avg Reward: -0.10 | Time: 8.2s | Prob: A train travels at 43 km/h for... | Ans: 66.5
RL Step 5799 | Loss: 0.0000 | Avg Reward: -0.10 | Time: 8.4s | Prob: A train travels at 68 km/h for... | Ans: 85.86
RL Step 5800 | Loss: 0.0001 | Avg Reward: -0.10 | Time: 8.4s | Prob: A train travels at 46 km/h for... | Ans: 66.0
Saving RL Checkpoint at step 5800...
RL Step 5801 | Loss: 0.0001 | Avg Reward: -0.10 | Time: 8.4s | Prob: A train travels at 59 km/h for... | Ans: 69.0
RL Step 5802 | Loss: 0.0000 | Avg Reward: -0.10 | Time: 8.3s | Prob: A train travels at 57 km/h for... | Ans: 69.0
RL Step 5803 | Loss: 0.0002 | Avg Reward: -0.10 | Time: 8.4s | Prob: A train travels at 72 km/h for... | Ans: 71.71
RL Step 5804 | Loss: 0.0001 | Avg Reward: -0.10 | Time: 8.3s | Prob: A train travels at 59 km/h for... | Ans: 72.12
RL Step 5805 | Loss: 0.0000 | Avg Reward: -0.10 | Time: 8.3s | Prob: A train travels at 78 km/h for... | Ans: 84.11
RL Step 5806 | Loss: 0.0039 | Avg Reward: 0.17 | Time: 8.2s | Prob: A train travels at 54 km/h for... | Ans: 64.0
RL Step 5807 | Loss: 0.0000 | Avg Reward: -0.10 | Time: 8.2s | Prob: A train travels at 57 km/h for... | Ans: 69.67
RL Step 5808 | Loss: 0.0001 | Avg Reward: -0.10 | Time: 8.3s | Prob: A train travels at 45 km/h for... | Ans: 71.67
RL Step 5809 | Loss: 0.0001 | Avg Reward: -0.10 | Time: 8.2s | Prob: A train travels at 49 km/h for... | Ans: 70.5
RL Step 5810 | Loss: -0.0000 | Avg Reward: -0.10 | Time: 8.4s | Prob: A train travels at 51 km/h for... | Ans: 59.25
RL Step 5811 | Loss: -0.0000 | Avg Reward: -0.10 | Time: 8.2s | Prob: A train travels at 54 km/h for... | Ans: 74.5
RL Step 5812 | Loss: 0.0001 | Avg Reward: -0.10 | Time: 8.4s | Prob: A train travels at 54 km/h for... | Ans: 82.57
RL Step 5813 | Loss: -0.0000 | Avg Reward: -0.10 | Time: 8.2s | Prob: A train travels at 44 km/h for... | Ans: 67.0
RL Step 5814 | Loss: 0.0000 | Avg Reward: -0.10 | Time: 8.2s | Prob: A train travels at 69 km/h for... | Ans: 75.4
RL Step 5815 | Loss: 0.0098 | Avg Reward: 0.17 | Time: 8.2s | Prob: A train travels at 59 km/h for... | Ans: 69.8
RL Step 5816 | Loss: 0.0000 | Avg Reward: -0.10 | Time: 8.2s | Prob: A train travels at 63 km/h for... | Ans: 71.8
RL Step 5817 | Loss: 0.0000 | Avg Reward: -0.10 | Time: 8.4s | Prob: A train travels at 74 km/h for... | Ans: 69.67
RL Step 5818 | Loss: 0.0001 | Avg Reward: -0.10 | Time: 8.3s | Prob: A train travels at 80 km/h for... | Ans: 86.11
RL Step 5819 | Loss: 0.0001 | Avg Reward: -0.10 | Time: 8.2s | Prob: A train travels at 57 km/h for... | Ans: 63.67
RL Step 5820 | Loss: 0.0000 | Avg Reward: -0.10 | Time: 8.4s | Prob: A train travels at 77 km/h for... | Ans: 70.33
RL Step 5821 | Loss: 0.0001 | Avg Reward: -0.10 | Time: 8.3s | Prob: A train travels at 49 km/h for... | Ans: 64.5
RL Step 5822 | Loss: 0.0002 | Avg Reward: -0.10 | Time: 8.3s | Prob: A train travels at 80 km/h for... | Ans: 72.67
RL Step 5823 | Loss: 0.0078 | Avg Reward: 0.17 | Time: 8.2s | Prob: A train travels at 60 km/h for... | Ans: 63.5
RL Step 5824 | Loss: 0.0001 | Avg Reward: -0.10 | Time: 8.2s | Prob: A train travels at 70 km/h for... | Ans: 67.5
RL Step 5825 | Loss: 0.0001 | Avg Reward: -0.10 | Time: 8.3s | Prob: A train travels at 41 km/h for... | Ans: 61.5
RL Step 5826 | Loss: 0.0000 | Avg Reward: -0.10 | Time: 8.4s | Prob: A train travels at 40 km/h for... | Ans: 58.86
RL Step 5827 | Loss: 0.0001 | Avg Reward: -0.10 | Time: 8.2s | Prob: A train travels at 51 km/h for... | Ans: 61.0
RL Step 5828 | Loss: 0.0001 | Avg Reward: -0.10 | Time: 8.3s | Prob: A train travels at 62 km/h for... | Ans: 74.0
RL Step 5829 | Loss: 0.0001 | Avg Reward: -0.10 | Time: 8.2s | Prob: A train travels at 68 km/h for... | Ans: 69.8
RL Step 5830 | Loss: 0.0002 | Avg Reward: -0.10 | Time: 8.4s | Prob: A train travels at 60 km/h for... | Ans: 67.11
RL Step 5831 | Loss: 0.0002 | Avg Reward: -0.10 | Time: 8.2s | Prob: A train travels at 69 km/h for... | Ans: 81.0
RL Step 5832 | Loss: -0.0000 | Avg Reward: -0.10 | Time: 8.2s | Prob: A train travels at 72 km/h for... | Ans: 69.6
RL Step 5833 | Loss: 0.0000 | Avg Reward: -0.10 | Time: 8.3s | Prob: A train travels at 58 km/h for... | Ans: 64.38
RL Step 5834 | Loss: 0.0001 | Avg Reward: -0.10 | Time: 8.2s | Prob: A train travels at 76 km/h for... | Ans: 71.0
RL Step 5835 | Loss: -0.0000 | Avg Reward: -0.10 | Time: 8.4s | Prob: A train travels at 61 km/h for... | Ans: 61.0
RL Step 5836 | Loss: 0.0137 | Avg Reward: 0.17 | Time: 8.2s | Prob: A train travels at 61 km/h for... | Ans: 62.5
RL Step 5837 | Loss: 0.0001 | Avg Reward: -0.10 | Time: 8.4s | Prob: A train travels at 49 km/h for... | Ans: 57.57
RL Step 5838 | Loss: 0.0001 | Avg Reward: -0.10 | Time: 8.3s | Prob: A train travels at 59 km/h for... | Ans: 71.38
RL Step 5839 | Loss: 0.0000 | Avg Reward: -0.10 | Time: 8.2s | Prob: A train travels at 40 km/h for... | Ans: 64.0
RL Step 5840 | Loss: 0.0001 | Avg Reward: -0.10 | Time: 8.3s | Prob: A train travels at 72 km/h for... | Ans: 78.11
RL Step 5841 | Loss: 0.0002 | Avg Reward: -0.10 | Time: 8.3s | Prob: A train travels at 60 km/h for... | Ans: 68.33
RL Step 5842 | Loss: -0.0098 | Avg Reward: 0.17 | Time: 8.4s | Prob: A train travels at 70 km/h for... | Ans: 85.43
RL Step 5843 | Loss: 0.0001 | Avg Reward: -0.10 | Time: 8.3s | Prob: A train travels at 65 km/h for... | Ans: 68.33
RL Step 5844 | Loss: -0.0000 | Avg Reward: -0.10 | Time: 8.3s | Prob: A train travels at 60 km/h for... | Ans: 68.0
RL Step 5845 | Loss: 0.0002 | Avg Reward: -0.10 | Time: 8.2s | Prob: A train travels at 54 km/h for... | Ans: 64.4
RL Step 5846 | Loss: 0.0001 | Avg Reward: -0.10 | Time: 8.4s | Prob: A train travels at 76 km/h for... | Ans: 75.71
RL Step 5847 | Loss: 0.0000 | Avg Reward: -0.10 | Time: 8.3s | Prob: A train travels at 43 km/h for... | Ans: 56.12
RL Step 5848 | Loss: 0.0000 | Avg Reward: -0.10 | Time: 8.4s | Prob: A train travels at 73 km/h for... | Ans: 81.89
RL Step 5849 | Loss: 0.0001 | Avg Reward: -0.10 | Time: 8.3s | Prob: A train travels at 46 km/h for... | Ans: 56.67
RL Step 5850 | Loss: 0.0254 | Avg Reward: 0.17 | Time: 8.3s | Prob: A train travels at 64 km/h for... | Ans: 73.67
RL Step 5851 | Loss: 0.0001 | Avg Reward: -0.10 | Time: 8.4s | Prob: A train travels at 54 km/h for... | Ans: 62.12
RL Step 5852 | Loss: 0.0001 | Avg Reward: -0.10 | Time: 8.4s | Prob: A train travels at 50 km/h for... | Ans: 72.22
RL Step 5853 | Loss: 0.0001 | Avg Reward: -0.10 | Time: 8.3s | Prob: A train travels at 71 km/h for... | Ans: 76.67
RL Step 5854 | Loss: 0.0002 | Avg Reward: -0.10 | Time: 8.4s | Prob: A train travels at 73 km/h for... | Ans: 77.44
RL Step 5855 | Loss: 0.0001 | Avg Reward: -0.10 | Time: 8.2s | Prob: A train travels at 53 km/h for... | Ans: 59.0
RL Step 5856 | Loss: 0.0001 | Avg Reward: -0.10 | Time: 8.3s | Prob: A train travels at 60 km/h for... | Ans: 72.0
RL Step 5857 | Loss: 0.0001 | Avg Reward: -0.10 | Time: 8.4s | Prob: A train travels at 58 km/h for... | Ans: 59.5
RL Step 5858 | Loss: 0.0001 | Avg Reward: -0.10 | Time: 8.2s | Prob: A train travels at 60 km/h for... | Ans: 76.2
RL Step 5859 | Loss: 0.0000 | Avg Reward: -0.10 | Time: 8.4s | Prob: A train travels at 43 km/h for... | Ans: 72.71
RL Step 5860 | Loss: 0.0001 | Avg Reward: -0.10 | Time: 8.2s | Prob: A train travels at 65 km/h for... | Ans: 74.0
RL Step 5861 | Loss: 0.0001 | Avg Reward: -0.10 | Time: 8.3s | Prob: A train travels at 52 km/h for... | Ans: 57.14
RL Step 5862 | Loss: 0.0000 | Avg Reward: -0.10 | Time: 8.3s | Prob: A train travels at 72 km/h for... | Ans: 78.0
RL Step 5863 | Loss: 0.0000 | Avg Reward: -0.10 | Time: 8.4s | Prob: A train travels at 57 km/h for... | Ans: 58.29
RL Step 5864 | Loss: 0.0000 | Avg Reward: -0.10 | Time: 8.4s | Prob: A train travels at 76 km/h for... | Ans: 86.56
RL Step 5865 | Loss: 0.0001 | Avg Reward: -0.10 | Time: 8.2s | Prob: A train travels at 64 km/h for... | Ans: 65.5
RL Step 5866 | Loss: 0.0001 | Avg Reward: -0.10 | Time: 8.4s | Prob: A train travels at 60 km/h for... | Ans: 70.86
RL Step 5867 | Loss: 0.0002 | Avg Reward: -0.10 | Time: 8.3s | Prob: A train travels at 70 km/h for... | Ans: 76.0
RL Step 5868 | Loss: 0.0000 | Avg Reward: -0.10 | Time: 8.3s | Prob: A train travels at 62 km/h for... | Ans: 66.0
RL Step 5869 | Loss: 0.0001 | Avg Reward: -0.10 | Time: 8.2s | Prob: A train travels at 77 km/h for... | Ans: 82.0
RL Step 5870 | Loss: 0.0000 | Avg Reward: -0.10 | Time: 8.4s | Prob: A train travels at 66 km/h for... | Ans: 75.43
RL Step 5871 | Loss: 0.0001 | Avg Reward: -0.10 | Time: 8.1s | Prob: A train travels at 44 km/h for... | Ans: 58.0
RL Step 5872 | Loss: 0.0000 | Avg Reward: -0.10 | Time: 8.3s | Prob: A train travels at 77 km/h for... | Ans: 88.5
RL Step 5873 | Loss: 0.0001 | Avg Reward: -0.10 | Time: 8.3s | Prob: A train travels at 48 km/h for... | Ans: 58.71
RL Step 5874 | Loss: 0.0001 | Avg Reward: -0.10 | Time: 8.4s | Prob: A train travels at 53 km/h for... | Ans: 63.67
RL Step 5875 | Loss: 0.0001 | Avg Reward: -0.10 | Time: 8.3s | Prob: A train travels at 74 km/h for... | Ans: 78.0
RL Step 5876 | Loss: 0.0002 | Avg Reward: -0.10 | Time: 8.2s | Prob: A train travels at 48 km/h for... | Ans: 69.43
RL Step 5877 | Loss: 0.0000 | Avg Reward: -0.10 | Time: 8.4s | Prob: A train travels at 70 km/h for... | Ans: 83.89
RL Step 5878 | Loss: 0.0000 | Avg Reward: -0.10 | Time: 8.4s | Prob: A train travels at 58 km/h for... | Ans: 64.67
RL Step 5879 | Loss: 0.0000 | Avg Reward: -0.10 | Time: 8.3s | Prob: A train travels at 60 km/h for... | Ans: 67.67
RL Step 5880 | Loss: -0.0000 | Avg Reward: -0.10 | Time: 8.3s | Prob: A train travels at 74 km/h for... | Ans: 66.86
RL Step 5881 | Loss: -0.0000 | Avg Reward: -0.10 | Time: 8.2s | Prob: A train travels at 76 km/h for... | Ans: 82.25
RL Step 5882 | Loss: 0.0001 | Avg Reward: -0.10 | Time: 8.3s | Prob: A train travels at 72 km/h for... | Ans: 77.0
RL Step 5883 | Loss: 0.0000 | Avg Reward: -0.10 | Time: 8.2s | Prob: A train travels at 72 km/h for... | Ans: 69.6
RL Step 5884 | Loss: 0.0234 | Avg Reward: 0.45 | Time: 8.2s | Prob: A train travels at 54 km/h for... | Ans: 67.5
RL Step 5885 | Loss: 0.0001 | Avg Reward: -0.10 | Time: 8.4s | Prob: A train travels at 60 km/h for... | Ans: 60.29
RL Step 5886 | Loss: 0.0001 | Avg Reward: -0.10 | Time: 8.3s | Prob: A train travels at 61 km/h for... | Ans: 66.71
RL Step 5887 | Loss: 0.0001 | Avg Reward: -0.10 | Time: 8.4s | Prob: A train travels at 45 km/h for... | Ans: 63.57
RL Step 5888 | Loss: 0.0001 | Avg Reward: -0.10 | Time: 8.3s | Prob: A train travels at 60 km/h for... | Ans: 66.0
RL Step 5889 | Loss: 0.0001 | Avg Reward: -0.10 | Time: 8.3s | Prob: A train travels at 75 km/h for... | Ans: 69.67
RL Step 5890 | Loss: 0.0001 | Avg Reward: -0.10 | Time: 8.4s | Prob: A train travels at 44 km/h for... | Ans: 62.57
RL Step 5891 | Loss: 0.0001 | Avg Reward: -0.10 | Time: 8.4s | Prob: A train travels at 49 km/h for... | Ans: 57.14
RL Step 5892 | Loss: 0.0001 | Avg Reward: -0.10 | Time: 8.2s | Prob: A train travels at 44 km/h for... | Ans: 54.5
RL Step 5893 | Loss: 0.0001 | Avg Reward: -0.10 | Time: 8.3s | Prob: A train travels at 47 km/h for... | Ans: 53.86
RL Step 5894 | Loss: 0.0002 | Avg Reward: -0.10 | Time: 8.2s | Prob: A train travels at 74 km/h for... | Ans: 79.0
RL Step 5895 | Loss: 0.0001 | Avg Reward: -0.10 | Time: 8.4s | Prob: A train travels at 44 km/h for... | Ans: 68.29
RL Step 5896 | Loss: 0.0001 | Avg Reward: -0.10 | Time: 8.3s | Prob: A train travels at 48 km/h for... | Ans: 79.33
RL Step 5897 | Loss: 0.0001 | Avg Reward: -0.10 | Time: 8.4s | Prob: A train travels at 45 km/h for... | Ans: 61.0
RL Step 5898 | Loss: 0.0001 | Avg Reward: -0.10 | Time: 8.3s | Prob: A train travels at 48 km/h for... | Ans: 63.33
RL Step 5899 | Loss: 0.0001 | Avg Reward: -0.10 | Time: 8.4s | Prob: A train travels at 48 km/h for... | Ans: 60.29
RL Step 5900 | Loss: 0.0001 | Avg Reward: -0.10 | Time: 8.3s | Prob: A train travels at 73 km/h for... | Ans: 79.29
RL Step 5901 | Loss: 0.0001 | Avg Reward: -0.10 | Time: 8.2s | Prob: A train travels at 41 km/h for... | Ans: 66.0
RL Step 5902 | Loss: 0.0000 | Avg Reward: -0.10 | Time: 8.2s | Prob: A train travels at 65 km/h for... | Ans: 72.0
RL Step 5903 | Loss: 0.0001 | Avg Reward: -0.10 | Time: 8.4s | Prob: A train travels at 46 km/h for... | Ans: 68.29
RL Step 5904 | Loss: 0.0001 | Avg Reward: -0.10 | Time: 8.4s | Prob: A train travels at 71 km/h for... | Ans: 74.43
RL Step 5905 | Loss: 0.0001 | Avg Reward: -0.10 | Time: 8.3s | Prob: A train travels at 63 km/h for... | Ans: 64.71
RL Step 5906 | Loss: 0.0001 | Avg Reward: -0.10 | Time: 8.2s | Prob: A train travels at 57 km/h for... | Ans: 75.0
RL Step 5907 | Loss: -0.0098 | Avg Reward: 0.17 | Time: 8.2s | Prob: A train travels at 42 km/h for... | Ans: 59.33
RL Step 5908 | Loss: 0.0000 | Avg Reward: -0.10 | Time: 8.2s | Prob: A train travels at 63 km/h for... | Ans: 71.4
RL Step 5909 | Loss: 0.0002 | Avg Reward: -0.10 | Time: 8.4s | Prob: A train travels at 63 km/h for... | Ans: 65.86
RL Step 5910 | Loss: 0.0001 | Avg Reward: -0.10 | Time: 8.4s | Prob: A train travels at 73 km/h for... | Ans: 75.0
RL Step 5911 | Loss: 0.0001 | Avg Reward: -0.10 | Time: 8.3s | Prob: A train travels at 75 km/h for... | Ans: 70.5
RL Step 5912 | Loss: 0.0002 | Avg Reward: -0.10 | Time: 8.4s | Prob: A train travels at 80 km/h for... | Ans: 83.43
RL Step 5913 | Loss: 0.0000 | Avg Reward: -0.10 | Time: 8.3s | Prob: A train travels at 68 km/h for... | Ans: 68.0
RL Step 5914 | Loss: 0.0001 | Avg Reward: -0.10 | Time: 8.2s | Prob: A train travels at 50 km/h for... | Ans: 72.0
RL Step 5915 | Loss: 0.0001 | Avg Reward: -0.10 | Time: 8.4s | Prob: A train travels at 52 km/h for... | Ans: 77.0
RL Step 5916 | Loss: 0.0001 | Avg Reward: -0.10 | Time: 8.4s | Prob: A train travels at 43 km/h for... | Ans: 54.11
RL Step 5917 | Loss: 0.0000 | Avg Reward: -0.10 | Time: 8.3s | Prob: A train travels at 44 km/h for... | Ans: 58.86
RL Step 5918 | Loss: 0.0002 | Avg Reward: -0.10 | Time: 8.2s | Prob: A train travels at 49 km/h for... | Ans: 65.4
RL Step 5919 | Loss: 0.0000 | Avg Reward: -0.10 | Time: 8.2s | Prob: A train travels at 63 km/h for... | Ans: 71.0
RL Step 5920 | Loss: 0.0002 | Avg Reward: -0.10 | Time: 8.3s | Prob: A train travels at 48 km/h for... | Ans: 66.89
RL Step 5921 | Loss: 0.0002 | Avg Reward: -0.10 | Time: 8.3s | Prob: A train travels at 44 km/h for... | Ans: 58.57
RL Step 5922 | Loss: 0.0000 | Avg Reward: -0.10 | Time: 8.2s | Prob: A train travels at 64 km/h for... | Ans: 82.0
RL Step 5923 | Loss: 0.0001 | Avg Reward: -0.10 | Time: 8.4s | Prob: A train travels at 61 km/h for... | Ans: 86.71
RL Step 5924 | Loss: 0.0001 | Avg Reward: -0.10 | Time: 8.4s | Prob: A train travels at 49 km/h for... | Ans: 67.75
RL Step 5925 | Loss: 0.0001 | Avg Reward: -0.10 | Time: 8.4s | Prob: A train travels at 46 km/h for... | Ans: 54.33
RL Step 5926 | Loss: 0.0004 | Avg Reward: -0.10 | Time: 8.4s | Prob: A train travels at 62 km/h for... | Ans: 75.78
RL Step 5927 | Loss: 0.0312 | Avg Reward: 0.45 | Time: 8.1s | Prob: A train travels at 63 km/h for... | Ans: 69.0
RL Step 5928 | Loss: 0.0001 | Avg Reward: -0.10 | Time: 8.2s | Prob: A train travels at 54 km/h for... | Ans: 72.67
RL Step 5929 | Loss: 0.0000 | Avg Reward: -0.10 | Time: 8.4s | Prob: A train travels at 78 km/h for... | Ans: 82.0
RL Step 5930 | Loss: 0.0001 | Avg Reward: -0.10 | Time: 8.2s | Prob: A train travels at 53 km/h for... | Ans: 72.8
RL Step 5931 | Loss: 0.0001 | Avg Reward: -0.10 | Time: 8.2s | Prob: A train travels at 40 km/h for... | Ans: 56.0
RL Step 5932 | Loss: 0.0003 | Avg Reward: -0.10 | Time: 8.2s | Prob: A train travels at 45 km/h for... | Ans: 65.8
RL Step 5933 | Loss: 0.0000 | Avg Reward: -0.10 | Time: 8.3s | Prob: A train travels at 69 km/h for... | Ans: 68.0
RL Step 5934 | Loss: 0.0002 | Avg Reward: -0.10 | Time: 8.4s | Prob: A train travels at 56 km/h for... | Ans: 68.38
RL Step 5935 | Loss: 0.0001 | Avg Reward: -0.10 | Time: 8.2s | Prob: A train travels at 49 km/h for... | Ans: 54.2
RL Step 5936 | Loss: 0.0001 | Avg Reward: -0.10 | Time: 8.3s | Prob: A train travels at 63 km/h for... | Ans: 83.62
RL Step 5937 | Loss: 0.0001 | Avg Reward: -0.10 | Time: 8.4s | Prob: A train travels at 78 km/h for... | Ans: 82.71
RL Step 5938 | Loss: 0.0000 | Avg Reward: -0.10 | Time: 8.2s | Prob: A train travels at 56 km/h for... | Ans: 68.0
RL Step 5939 | Loss: 0.0000 | Avg Reward: -0.10 | Time: 8.3s | Prob: A train travels at 53 km/h for... | Ans: 57.86
RL Step 5940 | Loss: 0.0001 | Avg Reward: -0.10 | Time: 8.2s | Prob: A train travels at 67 km/h for... | Ans: 78.5
RL Step 5941 | Loss: 0.0001 | Avg Reward: -0.10 | Time: 8.4s | Prob: A train travels at 58 km/h for... | Ans: 60.57
RL Step 5942 | Loss: 0.0001 | Avg Reward: -0.10 | Time: 8.3s | Prob: A train travels at 64 km/h for... | Ans: 82.86
RL Step 5943 | Loss: 0.0000 | Avg Reward: -0.10 | Time: 8.2s | Prob: A train travels at 52 km/h for... | Ans: 61.5
RL Step 5944 | Loss: 0.0001 | Avg Reward: -0.10 | Time: 8.2s | Prob: A train travels at 65 km/h for... | Ans: 72.5
RL Step 5945 | Loss: 0.0001 | Avg Reward: -0.10 | Time: 8.2s | Prob: A train travels at 46 km/h for... | Ans: 66.5
RL Step 5946 | Loss: 0.0001 | Avg Reward: -0.10 | Time: 8.3s | Prob: A train travels at 61 km/h for... | Ans: 71.0
RL Step 5947 | Loss: 0.0001 | Avg Reward: -0.10 | Time: 8.2s | Prob: A train travels at 63 km/h for... | Ans: 66.14
RL Step 5948 | Loss: 0.0001 | Avg Reward: -0.10 | Time: 8.3s | Prob: A train travels at 47 km/h for... | Ans: 65.0
RL Step 5949 | Loss: 0.0001 | Avg Reward: -0.10 | Time: 8.2s | Prob: A train travels at 73 km/h for... | Ans: 68.2
RL Step 5950 | Loss: 0.0002 | Avg Reward: -0.10 | Time: 8.2s | Prob: A train travels at 54 km/h for... | Ans: 75.6
RL Step 5951 | Loss: 0.0002 | Avg Reward: -0.10 | Time: 8.4s | Prob: A train travels at 50 km/h for... | Ans: 61.62
RL Step 5952 | Loss: 0.0000 | Avg Reward: -0.10 | Time: 8.3s | Prob: A train travels at 47 km/h for... | Ans: 59.0
RL Step 5953 | Loss: 0.0001 | Avg Reward: -0.10 | Time: 8.4s | Prob: A train travels at 74 km/h for... | Ans: 72.67
RL Step 5954 | Loss: 0.0000 | Avg Reward: -0.10 | Time: 8.3s | Prob: A train travels at 51 km/h for... | Ans: 63.75
RL Step 5955 | Loss: 0.0000 | Avg Reward: 0.17 | Time: 8.3s | Prob: A train travels at 54 km/h for... | Ans: 57.11
RL Step 5956 | Loss: 0.0001 | Avg Reward: -0.10 | Time: 8.3s | Prob: A train travels at 42 km/h for... | Ans: 65.12
RL Step 5957 | Loss: 0.0001 | Avg Reward: -0.10 | Time: 8.4s | Prob: A train travels at 75 km/h for... | Ans: 88.75
RL Step 5958 | Loss: -0.0000 | Avg Reward: -0.10 | Time: 8.2s | Prob: A train travels at 47 km/h for... | Ans: 69.0
RL Step 5959 | Loss: 0.0001 | Avg Reward: -0.10 | Time: 8.4s | Prob: A train travels at 52 km/h for... | Ans: 56.89
RL Step 5960 | Loss: 0.0000 | Avg Reward: -0.10 | Time: 8.2s | Prob: A train travels at 52 km/h for... | Ans: 71.2
RL Step 5961 | Loss: 0.0001 | Avg Reward: -0.10 | Time: 8.4s | Prob: A train travels at 42 km/h for... | Ans: 55.88
RL Step 5962 | Loss: 0.0001 | Avg Reward: -0.10 | Time: 8.4s | Prob: A train travels at 43 km/h for... | Ans: 53.29
RL Step 5963 | Loss: 0.0001 | Avg Reward: -0.10 | Time: 8.2s | Prob: A train travels at 51 km/h for... | Ans: 78.6
RL Step 5964 | Loss: 0.0000 | Avg Reward: -0.10 | Time: 8.3s | Prob: A train travels at 55 km/h for... | Ans: 70.62
RL Step 5965 | Loss: 0.0000 | Avg Reward: -0.10 | Time: 8.3s | Prob: A train travels at 54 km/h for... | Ans: 62.57
RL Step 5966 | Loss: 0.0002 | Avg Reward: -0.10 | Time: 8.3s | Prob: A train travels at 74 km/h for... | Ans: 70.11
RL Step 5967 | Loss: 0.0002 | Avg Reward: -0.10 | Time: 8.4s | Prob: A train travels at 56 km/h for... | Ans: 59.56
RL Step 5968 | Loss: 0.0002 | Avg Reward: -0.10 | Time: 8.4s | Prob: A train travels at 53 km/h for... | Ans: 68.0
RL Step 5969 | Loss: 0.0000 | Avg Reward: -0.10 | Time: 8.3s | Prob: A train travels at 76 km/h for... | Ans: 79.43
RL Step 5970 | Loss: 0.0000 | Avg Reward: -0.10 | Time: 8.3s | Prob: A train travels at 75 km/h for... | Ans: 68.33
RL Step 5971 | Loss: 0.0001 | Avg Reward: -0.10 | Time: 8.3s | Prob: A train travels at 74 km/h for... | Ans: 84.5
RL Step 5972 | Loss: 0.0000 | Avg Reward: -0.10 | Time: 8.2s | Prob: A train travels at 72 km/h for... | Ans: 77.2
RL Step 5973 | Loss: 0.0001 | Avg Reward: -0.10 | Time: 8.4s | Prob: A train travels at 55 km/h for... | Ans: 84.29
RL Step 5974 | Loss: 0.0000 | Avg Reward: -0.10 | Time: 8.2s | Prob: A train travels at 58 km/h for... | Ans: 78.4
RL Step 5975 | Loss: 0.0098 | Avg Reward: 0.17 | Time: 8.2s | Prob: A train travels at 54 km/h for... | Ans: 57.0
RL Step 5976 | Loss: 0.0000 | Avg Reward: -0.10 | Time: 8.3s | Prob: A train travels at 59 km/h for... | Ans: 64.14
RL Step 5977 | Loss: -0.0000 | Avg Reward: -0.10 | Time: 8.2s | Prob: A train travels at 66 km/h for... | Ans: 76.5
RL Step 5978 | Loss: -0.0195 | Avg Reward: 0.17 | Time: 8.3s | Prob: A train travels at 56 km/h for... | Ans: 58.67
RL Step 5979 | Loss: 0.0000 | Avg Reward: -0.10 | Time: 8.4s | Prob: A train travels at 43 km/h for... | Ans: 55.29
RL Step 5980 | Loss: 0.0000 | Avg Reward: -0.10 | Time: 8.4s | Prob: A train travels at 54 km/h for... | Ans: 76.5
RL Step 5981 | Loss: 0.0001 | Avg Reward: -0.10 | Time: 8.4s | Prob: A train travels at 79 km/h for... | Ans: 85.38
RL Step 5982 | Loss: 0.0001 | Avg Reward: -0.10 | Time: 8.2s | Prob: A train travels at 43 km/h for... | Ans: 57.8
RL Step 5983 | Loss: 0.0001 | Avg Reward: -0.10 | Time: 8.4s | Prob: A train travels at 78 km/h for... | Ans: 65.86
RL Step 5984 | Loss: 0.0001 | Avg Reward: -0.10 | Time: 8.2s | Prob: A train travels at 67 km/h for... | Ans: 71.2
RL Step 5985 | Loss: 0.0001 | Avg Reward: -0.10 | Time: 8.4s | Prob: A train travels at 58 km/h for... | Ans: 70.5
RL Step 5986 | Loss: 0.0000 | Avg Reward: -0.10 | Time: 8.3s | Prob: A train travels at 71 km/h for... | Ans: 75.0
RL Step 5987 | Loss: 0.0002 | Avg Reward: -0.10 | Time: 8.1s | Prob: A train travels at 49 km/h for... | Ans: 68.2
RL Step 5988 | Loss: -0.0078 | Avg Reward: 0.17 | Time: 8.3s | Prob: A train travels at 68 km/h for... | Ans: 74.0
RL Step 5989 | Loss: 0.0001 | Avg Reward: -0.10 | Time: 8.2s | Prob: A train travels at 63 km/h for... | Ans: 73.0
RL Step 5990 | Loss: 0.0000 | Avg Reward: -0.10 | Time: 8.3s | Prob: A train travels at 65 km/h for... | Ans: 68.33
RL Step 5991 | Loss: 0.0002 | Avg Reward: -0.10 | Time: 8.2s | Prob: A train travels at 45 km/h for... | Ans: 58.5
RL Step 5992 | Loss: 0.0020 | Avg Reward: 0.17 | Time: 8.3s | Prob: A train travels at 47 km/h for... | Ans: 56.0
RL Step 5993 | Loss: 0.0001 | Avg Reward: -0.10 | Time: 8.4s | Prob: A train travels at 72 km/h for... | Ans: 76.0
RL Step 5994 | Loss: 0.0001 | Avg Reward: -0.10 | Time: 8.4s | Prob: A train travels at 53 km/h for... | Ans: 75.22
RL Step 5995 | Loss: 0.0001 | Avg Reward: -0.10 | Time: 8.4s | Prob: A train travels at 73 km/h for... | Ans: 69.11
RL Step 5996 | Loss: 0.0000 | Avg Reward: -0.10 | Time: 8.1s | Prob: A train travels at 58 km/h for... | Ans: 65.0
RL Step 5997 | Loss: 0.0001 | Avg Reward: -0.10 | Time: 8.4s | Prob: A train travels at 50 km/h for... | Ans: 55.71
RL Step 5998 | Loss: 0.0001 | Avg Reward: -0.10 | Time: 8.3s | Prob: A train travels at 53 km/h for... | Ans: 62.38
RL Step 5999 | Loss: 0.0000 | Avg Reward: -0.10 | Time: 8.4s | Prob: A train travels at 70 km/h for... | Ans: 78.57
RL Step 6000 | Loss: 0.0000 | Avg Reward: -0.10 | Time: 8.4s | Prob: A train travels at 68 km/h for... | Ans: 68.0
Saving RL Checkpoint at step 6000...
RL Step 6001 | Loss: 0.0001 | Avg Reward: -0.10 | Time: 8.3s | Prob: A train travels at 54 km/h for... | Ans: 66.86
RL Step 6002 | Loss: 0.0000 | Avg Reward: -0.10 | Time: 8.4s | Prob: A train travels at 69 km/h for... | Ans: 72.89
RL Step 6003 | Loss: 0.0001 | Avg Reward: -0.10 | Time: 8.2s | Prob: A train travels at 48 km/h for... | Ans: 54.5
RL Step 6004 | Loss: 0.0000 | Avg Reward: -0.10 | Time: 8.2s | Prob: A train travels at 68 km/h for... | Ans: 65.5
RL Step 6005 | Loss: 0.0001 | Avg Reward: -0.10 | Time: 8.4s | Prob: A train travels at 52 km/h for... | Ans: 66.29
RL Step 6006 | Loss: 0.0005 | Avg Reward: -0.10 | Time: 8.3s | Prob: A train travels at 42 km/h for... | Ans: 67.0
RL Step 6007 | Loss: 0.0001 | Avg Reward: -0.10 | Time: 8.3s | Prob: A train travels at 41 km/h for... | Ans: 61.57
RL Step 6008 | Loss: 0.0000 | Avg Reward: -0.10 | Time: 8.2s | Prob: A train travels at 73 km/h for... | Ans: 80.0
RL Step 6009 | Loss: 0.0001 | Avg Reward: -0.10 | Time: 8.3s | Prob: A train travels at 57 km/h for... | Ans: 58.29
RL Step 6010 | Loss: 0.0001 | Avg Reward: -0.10 | Time: 8.4s | Prob: A train travels at 65 km/h for... | Ans: 63.12
RL Step 6011 | Loss: 0.0000 | Avg Reward: -0.10 | Time: 8.2s | Prob: A train travels at 43 km/h for... | Ans: 58.0
RL Step 6012 | Loss: 0.0001 | Avg Reward: -0.10 | Time: 8.2s | Prob: A train travels at 45 km/h for... | Ans: 72.0
RL Step 6013 | Loss: 0.0001 | Avg Reward: -0.10 | Time: 8.2s | Prob: A train travels at 53 km/h for... | Ans: 74.5
RL Step 6014 | Loss: -0.0000 | Avg Reward: -0.10 | Time: 8.2s | Prob: A train travels at 51 km/h for... | Ans: 64.0
RL Step 6015 | Loss: 0.0001 | Avg Reward: -0.10 | Time: 8.2s | Prob: A train travels at 51 km/h for... | Ans: 72.0
RL Step 6016 | Loss: 0.0001 | Avg Reward: -0.10 | Time: 8.4s | Prob: A train travels at 68 km/h for... | Ans: 69.11
RL Step 6017 | Loss: 0.0001 | Avg Reward: -0.10 | Time: 8.1s | Prob: A train travels at 49 km/h for... | Ans: 62.2
RL Step 6018 | Loss: 0.0000 | Avg Reward: -0.10 | Time: 8.2s | Prob: A train travels at 44 km/h for... | Ans: 55.6
RL Step 6019 | Loss: 0.0001 | Avg Reward: -0.10 | Time: 8.2s | Prob: A train travels at 43 km/h for... | Ans: 60.2
RL Step 6020 | Loss: -0.0000 | Avg Reward: -0.10 | Time: 8.3s | Prob: A train travels at 52 km/h for... | Ans: 64.57
RL Step 6021 | Loss: 0.0176 | Avg Reward: 0.17 | Time: 8.3s | Prob: A train travels at 59 km/h for... | Ans: 81.67
RL Step 6022 | Loss: -0.0000 | Avg Reward: -0.10 | Time: 8.4s | Prob: A train travels at 75 km/h for... | Ans: 85.29
RL Step 6023 | Loss: 0.0001 | Avg Reward: -0.10 | Time: 8.3s | Prob: A train travels at 44 km/h for... | Ans: 55.33
RL Step 6024 | Loss: 0.0000 | Avg Reward: -0.10 | Time: 8.3s | Prob: A train travels at 48 km/h for... | Ans: 55.71
RL Step 6025 | Loss: 0.0000 | Avg Reward: -0.10 | Time: 8.2s | Prob: A train travels at 78 km/h for... | Ans: 83.4
RL Step 6026 | Loss: -0.0000 | Avg Reward: -0.10 | Time: 8.2s | Prob: A train travels at 52 km/h for... | Ans: 61.33
RL Step 6027 | Loss: -0.0000 | Avg Reward: -0.10 | Time: 8.2s | Prob: A train travels at 71 km/h for... | Ans: 77.8
RL Step 6028 | Loss: 0.0001 | Avg Reward: -0.10 | Time: 8.2s | Prob: A train travels at 72 km/h for... | Ans: 74.5
RL Step 6029 | Loss: 0.0059 | Avg Reward: 0.17 | Time: 8.3s | Prob: A train travels at 70 km/h for... | Ans: 69.33
RL Step 6030 | Loss: 0.0001 | Avg Reward: -0.10 | Time: 8.4s | Prob: A train travels at 55 km/h for... | Ans: 59.0
RL Step 6031 | Loss: 0.0000 | Avg Reward: -0.10 | Time: 8.3s | Prob: A train travels at 62 km/h for... | Ans: 79.0
RL Step 6032 | Loss: 0.0000 | Avg Reward: -0.10 | Time: 8.2s | Prob: A train travels at 80 km/h for... | Ans: 92.0
RL Step 6033 | Loss: -0.0117 | Avg Reward: 0.17 | Time: 8.2s | Prob: A train travels at 66 km/h for... | Ans: 68.5
RL Step 6034 | Loss: -0.0000 | Avg Reward: -0.10 | Time: 8.2s | Prob: A train travels at 46 km/h for... | Ans: 61.5
RL Step 6035 | Loss: 0.0001 | Avg Reward: -0.10 | Time: 8.4s | Prob: A train travels at 78 km/h for... | Ans: 76.89
RL Step 6036 | Loss: 0.0001 | Avg Reward: -0.10 | Time: 8.4s | Prob: A train travels at 74 km/h for... | Ans: 69.5
RL Step 6037 | Loss: -0.0000 | Avg Reward: -0.10 | Time: 8.2s | Prob: A train travels at 54 km/h for... | Ans: 64.5
RL Step 6038 | Loss: 0.0001 | Avg Reward: -0.10 | Time: 8.2s | Prob: A train travels at 65 km/h for... | Ans: 69.4
RL Step 6039 | Loss: -0.0000 | Avg Reward: -0.10 | Time: 8.1s | Prob: A train travels at 71 km/h for... | Ans: 78.0
RL Step 6040 | Loss: 0.0137 | Avg Reward: 0.17 | Time: 8.4s | Prob: A train travels at 64 km/h for... | Ans: 76.14
RL Step 6041 | Loss: 0.0001 | Avg Reward: -0.10 | Time: 8.2s | Prob: A train travels at 43 km/h for... | Ans: 73.6
RL Step 6042 | Loss: 0.0000 | Avg Reward: -0.10 | Time: 8.2s | Prob: A train travels at 67 km/h for... | Ans: 71.5
RL Step 6043 | Loss: 0.0020 | Avg Reward: 0.17 | Time: 8.2s | Prob: A train travels at 47 km/h for... | Ans: 58.6
RL Step 6044 | Loss: -0.0000 | Avg Reward: -0.10 | Time: 8.4s | Prob: A train travels at 45 km/h for... | Ans: 54.71
RL Step 6045 | Loss: 0.0002 | Avg Reward: -0.10 | Time: 8.3s | Prob: A train travels at 40 km/h for... | Ans: 63.6
RL Step 6046 | Loss: 0.0001 | Avg Reward: -0.10 | Time: 8.3s | Prob: A train travels at 71 km/h for... | Ans: 69.29
RL Step 6047 | Loss: -0.0215 | Avg Reward: 0.17 | Time: 8.2s | Prob: A train travels at 46 km/h for... | Ans: 67.0
RL Step 6048 | Loss: 0.0002 | Avg Reward: -0.10 | Time: 8.3s | Prob: A train travels at 64 km/h for... | Ans: 84.0
RL Step 6049 | Loss: 0.0001 | Avg Reward: -0.10 | Time: 8.2s | Prob: A train travels at 40 km/h for... | Ans: 70.0
RL Step 6050 | Loss: 0.0000 | Avg Reward: -0.10 | Time: 8.2s | Prob: A train travels at 46 km/h for... | Ans: 53.0
RL Step 6051 | Loss: -0.0000 | Avg Reward: -0.10 | Time: 8.2s | Prob: A train travels at 52 km/h for... | Ans: 59.0
RL Step 6052 | Loss: 0.0000 | Avg Reward: -0.10 | Time: 8.2s | Prob: A train travels at 47 km/h for... | Ans: 61.8
RL Step 6053 | Loss: 0.0001 | Avg Reward: -0.10 | Time: 8.3s | Prob: A train travels at 50 km/h for... | Ans: 69.43
RL Step 6054 | Loss: 0.0000 | Avg Reward: -0.10 | Time: 8.4s | Prob: A train travels at 78 km/h for... | Ans: 84.86
RL Step 6055 | Loss: 0.0002 | Avg Reward: -0.10 | Time: 8.3s | Prob: A train travels at 67 km/h for... | Ans: 78.67
RL Step 6056 | Loss: 0.0001 | Avg Reward: -0.10 | Time: 8.3s | Prob: A train travels at 78 km/h for... | Ans: 78.0
RL Step 6057 | Loss: 0.0001 | Avg Reward: -0.10 | Time: 8.3s | Prob: A train travels at 42 km/h for... | Ans: 66.0
RL Step 6058 | Loss: -0.0001 | Avg Reward: -0.10 | Time: 8.3s | Prob: A train travels at 43 km/h for... | Ans: 54.14
RL Step 6059 | Loss: 0.0001 | Avg Reward: -0.10 | Time: 8.3s | Prob: A train travels at 70 km/h for... | Ans: 83.0
RL Step 6060 | Loss: 0.0001 | Avg Reward: -0.10 | Time: 8.2s | Prob: A train travels at 45 km/h for... | Ans: 56.0
RL Step 6061 | Loss: 0.0001 | Avg Reward: -0.10 | Time: 8.3s | Prob: A train travels at 68 km/h for... | Ans: 85.14
RL Step 6062 | Loss: 0.0000 | Avg Reward: -0.10 | Time: 8.2s | Prob: A train travels at 48 km/h for... | Ans: 70.2
RL Step 6063 | Loss: 0.0001 | Avg Reward: -0.10 | Time: 8.3s | Prob: A train travels at 79 km/h for... | Ans: 73.33
RL Step 6064 | Loss: 0.0001 | Avg Reward: -0.10 | Time: 8.2s | Prob: A train travels at 41 km/h for... | Ans: 53.8
RL Step 6065 | Loss: 0.0001 | Avg Reward: -0.10 | Time: 8.4s | Prob: A train travels at 74 km/h for... | Ans: 89.62
RL Step 6066 | Loss: 0.0000 | Avg Reward: -0.10 | Time: 8.3s | Prob: A train travels at 72 km/h for... | Ans: 79.78
RL Step 6067 | Loss: 0.0001 | Avg Reward: -0.10 | Time: 8.2s | Prob: A train travels at 73 km/h for... | Ans: 70.0
RL Step 6068 | Loss: 0.0001 | Avg Reward: -0.10 | Time: 8.4s | Prob: A train travels at 52 km/h for... | Ans: 72.0
RL Step 6069 | Loss: 0.0000 | Avg Reward: -0.10 | Time: 8.2s | Prob: A train travels at 65 km/h for... | Ans: 71.0
RL Step 6070 | Loss: 0.0001 | Avg Reward: -0.10 | Time: 8.2s | Prob: A train travels at 65 km/h for... | Ans: 78.2
RL Step 6071 | Loss: 0.0001 | Avg Reward: -0.10 | Time: 8.2s | Prob: A train travels at 47 km/h for... | Ans: 72.5
RL Step 6072 | Loss: 0.0000 | Avg Reward: -0.10 | Time: 8.2s | Prob: A train travels at 43 km/h for... | Ans: 59.5
RL Step 6073 | Loss: 0.0000 | Avg Reward: -0.10 | Time: 8.2s | Prob: A train travels at 71 km/h for... | Ans: 82.6
RL Step 6074 | Loss: 0.0001 | Avg Reward: -0.10 | Time: 8.3s | Prob: A train travels at 69 km/h for... | Ans: 66.33
RL Step 6075 | Loss: 0.0078 | Avg Reward: 0.17 | Time: 8.3s | Prob: A train travels at 51 km/h for... | Ans: 72.0
RL Step 6076 | Loss: 0.0001 | Avg Reward: -0.10 | Time: 8.2s | Prob: A train travels at 74 km/h for... | Ans: 72.57
RL Step 6077 | Loss: 0.0001 | Avg Reward: -0.10 | Time: 8.3s | Prob: A train travels at 63 km/h for... | Ans: 79.88
RL Step 6078 | Loss: 0.0000 | Avg Reward: -0.10 | Time: 8.3s | Prob: A train travels at 46 km/h for... | Ans: 53.11
RL Step 6079 | Loss: 0.0003 | Avg Reward: -0.10 | Time: 8.2s | Prob: A train travels at 41 km/h for... | Ans: 57.0
RL Step 6080 | Loss: 0.0002 | Avg Reward: -0.10 | Time: 8.4s | Prob: A train travels at 46 km/h for... | Ans: 64.75
RL Step 6081 | Loss: 0.0001 | Avg Reward: -0.10 | Time: 8.2s | Prob: A train travels at 59 km/h for... | Ans: 65.6
RL Step 6082 | Loss: 0.0001 | Avg Reward: -0.10 | Time: 8.4s | Prob: A train travels at 41 km/h for... | Ans: 57.89
RL Step 6083 | Loss: 0.0001 | Avg Reward: -0.10 | Time: 8.2s | Prob: A train travels at 53 km/h for... | Ans: 69.0
RL Step 6084 | Loss: 0.0000 | Avg Reward: -0.10 | Time: 8.4s | Prob: A train travels at 56 km/h for... | Ans: 67.62
RL Step 6085 | Loss: 0.0001 | Avg Reward: -0.10 | Time: 8.3s | Prob: A train travels at 46 km/h for... | Ans: 73.0
RL Step 6086 | Loss: 0.0001 | Avg Reward: -0.10 | Time: 8.4s | Prob: A train travels at 53 km/h for... | Ans: 58.56
RL Step 6087 | Loss: 0.0000 | Avg Reward: -0.10 | Time: 8.3s | Prob: A train travels at 58 km/h for... | Ans: 60.5
RL Step 6088 | Loss: 0.0001 | Avg Reward: -0.10 | Time: 8.2s | Prob: A train travels at 49 km/h for... | Ans: 59.67
RL Step 6089 | Loss: 0.0000 | Avg Reward: -0.10 | Time: 8.2s | Prob: A train travels at 52 km/h for... | Ans: 62.8
RL Step 6090 | Loss: 0.0001 | Avg Reward: -0.10 | Time: 8.2s | Prob: A train travels at 54 km/h for... | Ans: 69.0
RL Step 6091 | Loss: 0.0002 | Avg Reward: -0.10 | Time: 8.2s | Prob: A train travels at 53 km/h for... | Ans: 72.5
RL Step 6092 | Loss: 0.0002 | Avg Reward: -0.10 | Time: 8.2s | Prob: A train travels at 77 km/h for... | Ans: 68.0
RL Step 6093 | Loss: 0.0000 | Avg Reward: -0.10 | Time: 8.3s | Prob: A train travels at 75 km/h for... | Ans: 80.57
RL Step 6094 | Loss: 0.0001 | Avg Reward: -0.10 | Time: 8.2s | Prob: A train travels at 74 km/h for... | Ans: 73.5
RL Step 6095 | Loss: 0.0001 | Avg Reward: -0.10 | Time: 8.2s | Prob: A train travels at 78 km/h for... | Ans: 75.0
RL Step 6096 | Loss: 0.0000 | Avg Reward: -0.10 | Time: 8.4s | Prob: A train travels at 40 km/h for... | Ans: 52.86
RL Step 6097 | Loss: 0.0000 | Avg Reward: -0.10 | Time: 8.1s | Prob: A train travels at 75 km/h for... | Ans: 69.0
RL Step 6098 | Loss: 0.0001 | Avg Reward: -0.10 | Time: 8.2s | Prob: A train travels at 56 km/h for... | Ans: 69.5
RL Step 6099 | Loss: 0.0000 | Avg Reward: -0.10 | Time: 8.4s | Prob: A train travels at 55 km/h for... | Ans: 78.89
RL Step 6100 | Loss: 0.0002 | Avg Reward: -0.10 | Time: 8.2s | Prob: A train travels at 70 km/h for... | Ans: 75.0
RL Step 6101 | Loss: 0.0001 | Avg Reward: -0.10 | Time: 8.4s | Prob: A train travels at 73 km/h for... | Ans: 73.38
RL Step 6102 | Loss: 0.0000 | Avg Reward: -0.10 | Time: 8.3s | Prob: A train travels at 60 km/h for... | Ans: 62.67
RL Step 6103 | Loss: 0.0003 | Avg Reward: -0.10 | Time: 8.3s | Prob: A train travels at 69 km/h for... | Ans: 76.14
RL Step 6104 | Loss: 0.0001 | Avg Reward: -0.10 | Time: 8.3s | Prob: A train travels at 78 km/h for... | Ans: 78.86
RL Step 6105 | Loss: 0.0001 | Avg Reward: -0.10 | Time: 8.4s | Prob: A train travels at 49 km/h for... | Ans: 67.75
RL Step 6106 | Loss: 0.0000 | Avg Reward: -0.10 | Time: 8.4s | Prob: A train travels at 76 km/h for... | Ans: 68.57
RL Step 6107 | Loss: 0.0000 | Avg Reward: -0.10 | Time: 8.3s | Prob: A train travels at 47 km/h for... | Ans: 77.0
RL Step 6108 | Loss: 0.0000 | Avg Reward: -0.10 | Time: 8.2s | Prob: A train travels at 45 km/h for... | Ans: 57.5
RL Step 6109 | Loss: 0.0215 | Avg Reward: 0.17 | Time: 8.3s | Prob: A train travels at 64 km/h for... | Ans: 63.0
RL Step 6110 | Loss: 0.0002 | Avg Reward: -0.10 | Time: 8.4s | Prob: A train travels at 56 km/h for... | Ans: 75.43
RL Step 6111 | Loss: 0.0098 | Avg Reward: 0.17 | Time: 8.3s | Prob: A train travels at 76 km/h for... | Ans: 66.0
RL Step 6112 | Loss: 0.0001 | Avg Reward: -0.10 | Time: 8.3s | Prob: A train travels at 52 km/h for... | Ans: 66.0
RL Step 6113 | Loss: 0.0002 | Avg Reward: -0.10 | Time: 8.4s | Prob: A train travels at 77 km/h for... | Ans: 81.44
RL Step 6114 | Loss: 0.0000 | Avg Reward: -0.10 | Time: 8.2s | Prob: A train travels at 49 km/h for... | Ans: 64.0
RL Step 6115 | Loss: 0.0001 | Avg Reward: -0.10 | Time: 8.4s | Prob: A train travels at 77 km/h for... | Ans: 83.86
RL Step 6116 | Loss: 0.0020 | Avg Reward: 0.17 | Time: 8.2s | Prob: A train travels at 53 km/h for... | Ans: 56.5
RL Step 6117 | Loss: 0.0001 | Avg Reward: -0.10 | Time: 8.3s | Prob: A train travels at 74 km/h for... | Ans: 79.33
RL Step 6118 | Loss: 0.0001 | Avg Reward: -0.10 | Time: 8.3s | Prob: A train travels at 76 km/h for... | Ans: 85.5
RL Step 6119 | Loss: 0.0001 | Avg Reward: -0.10 | Time: 8.4s | Prob: A train travels at 48 km/h for... | Ans: 73.71
RL Step 6120 | Loss: 0.0001 | Avg Reward: -0.10 | Time: 8.3s | Prob: A train travels at 66 km/h for... | Ans: 64.29
RL Step 6121 | Loss: 0.0001 | Avg Reward: -0.10 | Time: 8.3s | Prob: A train travels at 77 km/h for... | Ans: 79.33
RL Step 6122 | Loss: 0.0002 | Avg Reward: -0.10 | Time: 8.4s | Prob: A train travels at 68 km/h for... | Ans: 79.11
RL Step 6123 | Loss: 0.0002 | Avg Reward: -0.10 | Time: 8.3s | Prob: A train travels at 41 km/h for... | Ans: 76.4
RL Step 6124 | Loss: 0.0001 | Avg Reward: -0.10 | Time: 8.4s | Prob: A train travels at 56 km/h for... | Ans: 60.38
RL Step 6125 | Loss: 0.0002 | Avg Reward: -0.10 | Time: 8.4s | Prob: A train travels at 59 km/h for... | Ans: 82.12
RL Step 6126 | Loss: 0.0001 | Avg Reward: -0.10 | Time: 8.4s | Prob: A train travels at 50 km/h for... | Ans: 54.12
RL Step 6127 | Loss: 0.0000 | Avg Reward: -0.10 | Time: 8.2s | Prob: A train travels at 77 km/h for... | Ans: 81.5
RL Step 6128 | Loss: 0.0001 | Avg Reward: -0.10 | Time: 8.3s | Prob: A train travels at 48 km/h for... | Ans: 70.0
RL Step 6129 | Loss: 0.0002 | Avg Reward: -0.10 | Time: 8.3s | Prob: A train travels at 43 km/h for... | Ans: 58.14
RL Step 6130 | Loss: 0.0001 | Avg Reward: -0.10 | Time: 8.1s | Prob: A train travels at 51 km/h for... | Ans: 72.0
RL Step 6131 | Loss: 0.0000 | Avg Reward: -0.10 | Time: 8.2s | Prob: A train travels at 66 km/h for... | Ans: 64.0
RL Step 6132 | Loss: 0.0176 | Avg Reward: 0.17 | Time: 8.2s | Prob: A train travels at 66 km/h for... | Ans: 78.5
RL Step 6133 | Loss: 0.0000 | Avg Reward: -0.10 | Time: 8.4s | Prob: A train travels at 54 km/h for... | Ans: 66.86
RL Step 6134 | Loss: 0.0001 | Avg Reward: -0.10 | Time: 8.3s | Prob: A train travels at 68 km/h for... | Ans: 65.33
RL Step 6135 | Loss: 0.0002 | Avg Reward: -0.10 | Time: 8.2s | Prob: A train travels at 53 km/h for... | Ans: 64.5
RL Step 6136 | Loss: 0.0000 | Avg Reward: 0.17 | Time: 8.2s | Prob: A train travels at 44 km/h for... | Ans: 67.5
RL Step 6137 | Loss: 0.0002 | Avg Reward: -0.10 | Time: 8.3s | Prob: A train travels at 77 km/h for... | Ans: 77.67
RL Step 6138 | Loss: -0.0000 | Avg Reward: -0.10 | Time: 8.4s | Prob: A train travels at 50 km/h for... | Ans: 63.67
RL Step 6139 | Loss: 0.0001 | Avg Reward: -0.10 | Time: 8.4s | Prob: A train travels at 60 km/h for... | Ans: 69.38
RL Step 6140 | Loss: 0.0002 | Avg Reward: -0.10 | Time: 8.3s | Prob: A train travels at 53 km/h for... | Ans: 79.67
RL Step 6141 | Loss: 0.0002 | Avg Reward: -0.10 | Time: 8.3s | Prob: A train travels at 65 km/h for... | Ans: 83.0
RL Step 6142 | Loss: 0.0000 | Avg Reward: -0.10 | Time: 8.1s | Prob: A train travels at 45 km/h for... | Ans: 65.5
RL Step 6143 | Loss: 0.0001 | Avg Reward: -0.10 | Time: 8.2s | Prob: A train travels at 57 km/h for... | Ans: 67.0
RL Step 6144 | Loss: 0.0001 | Avg Reward: -0.10 | Time: 8.3s | Prob: A train travels at 44 km/h for... | Ans: 59.67
RL Step 6145 | Loss: 0.0001 | Avg Reward: -0.10 | Time: 8.3s | Prob: A train travels at 74 km/h for... | Ans: 87.0
RL Step 6146 | Loss: 0.0000 | Avg Reward: -0.10 | Time: 8.2s | Prob: A train travels at 78 km/h for... | Ans: 69.0
RL Step 6147 | Loss: -0.0078 | Avg Reward: 0.17 | Time: 8.3s | Prob: A train travels at 47 km/h for... | Ans: 66.0
RL Step 6148 | Loss: 0.0000 | Avg Reward: -0.10 | Time: 8.4s | Prob: A train travels at 52 km/h for... | Ans: 67.75
RL Step 6149 | Loss: 0.0001 | Avg Reward: -0.10 | Time: 8.4s | Prob: A train travels at 70 km/h for... | Ans: 82.57
RL Step 6150 | Loss: 0.0001 | Avg Reward: -0.10 | Time: 8.4s | Prob: A train travels at 49 km/h for... | Ans: 56.22
RL Step 6151 | Loss: 0.0001 | Avg Reward: -0.10 | Time: 8.4s | Prob: A train travels at 42 km/h for... | Ans: 51.33
RL Step 6152 | Loss: 0.0001 | Avg Reward: -0.10 | Time: 8.2s | Prob: A train travels at 60 km/h for... | Ans: 70.0
RL Step 6153 | Loss: -0.0000 | Avg Reward: -0.10 | Time: 8.2s | Prob: A train travels at 67 km/h for... | Ans: 73.4
RL Step 6154 | Loss: 0.0078 | Avg Reward: 0.17 | Time: 8.2s | Prob: A train travels at 53 km/h for... | Ans: 58.14
RL Step 6155 | Loss: 0.0000 | Avg Reward: -0.10 | Time: 8.2s | Prob: A train travels at 56 km/h for... | Ans: 66.0
RL Step 6156 | Loss: 0.0001 | Avg Reward: -0.10 | Time: 8.2s | Prob: A train travels at 78 km/h for... | Ans: 78.0
RL Step 6157 | Loss: 0.0001 | Avg Reward: -0.10 | Time: 8.3s | Prob: A train travels at 79 km/h for... | Ans: 77.0
RL Step 6158 | Loss: 0.0000 | Avg Reward: -0.10 | Time: 8.3s | Prob: A train travels at 41 km/h for... | Ans: 56.38
RL Step 6159 | Loss: -0.0020 | Avg Reward: 0.17 | Time: 8.2s | Prob: A train travels at 44 km/h for... | Ans: 58.5
RL Step 6160 | Loss: 0.0001 | Avg Reward: -0.10 | Time: 8.4s | Prob: A train travels at 62 km/h for... | Ans: 72.56
RL Step 6161 | Loss: 0.0000 | Avg Reward: -0.10 | Time: 8.2s | Prob: A train travels at 56 km/h for... | Ans: 63.5
RL Step 6162 | Loss: 0.0001 | Avg Reward: -0.10 | Time: 8.4s | Prob: A train travels at 54 km/h for... | Ans: 63.75
RL Step 6163 | Loss: 0.0001 | Avg Reward: -0.10 | Time: 8.2s | Prob: A train travels at 75 km/h for... | Ans: 69.4
RL Step 6164 | Loss: 0.0001 | Avg Reward: -0.10 | Time: 8.4s | Prob: A train travels at 46 km/h for... | Ans: 53.14
RL Step 6165 | Loss: 0.0000 | Avg Reward: -0.10 | Time: 8.3s | Prob: A train travels at 66 km/h for... | Ans: 67.14
RL Step 6166 | Loss: 0.0002 | Avg Reward: -0.10 | Time: 8.4s | Prob: A train travels at 59 km/h for... | Ans: 67.0
RL Step 6167 | Loss: 0.0176 | Avg Reward: 0.17 | Time: 8.4s | Prob: A train travels at 70 km/h for... | Ans: 75.71
RL Step 6168 | Loss: 0.0000 | Avg Reward: -0.10 | Time: 8.4s | Prob: A train travels at 55 km/h for... | Ans: 62.12
RL Step 6169 | Loss: 0.0001 | Avg Reward: -0.10 | Time: 8.4s | Prob: A train travels at 50 km/h for... | Ans: 54.29
RL Step 6170 | Loss: 0.0001 | Avg Reward: -0.10 | Time: 8.2s | Prob: A train travels at 65 km/h for... | Ans: 67.0
RL Step 6171 | Loss: 0.0001 | Avg Reward: -0.10 | Time: 8.4s | Prob: A train travels at 51 km/h for... | Ans: 63.29
RL Step 6172 | Loss: 0.0002 | Avg Reward: -0.10 | Time: 8.4s | Prob: A train travels at 47 km/h for... | Ans: 74.22
RL Step 6173 | Loss: 0.0002 | Avg Reward: -0.10 | Time: 8.4s | Prob: A train travels at 59 km/h for... | Ans: 69.0
RL Step 6174 | Loss: 0.0001 | Avg Reward: -0.10 | Time: 8.2s | Prob: A train travels at 43 km/h for... | Ans: 57.33
RL Step 6175 | Loss: 0.0001 | Avg Reward: -0.10 | Time: 8.2s | Prob: A train travels at 73 km/h for... | Ans: 67.0
RL Step 6176 | Loss: 0.0001 | Avg Reward: -0.10 | Time: 8.2s | Prob: A train travels at 75 km/h for... | Ans: 81.0
RL Step 6177 | Loss: 0.0001 | Avg Reward: -0.10 | Time: 8.3s | Prob: A train travels at 72 km/h for... | Ans: 73.12
RL Step 6178 | Loss: 0.0001 | Avg Reward: -0.10 | Time: 8.4s | Prob: A train travels at 57 km/h for... | Ans: 77.57
RL Step 6179 | Loss: 0.0001 | Avg Reward: -0.10 | Time: 8.3s | Prob: A train travels at 43 km/h for... | Ans: 71.0
RL Step 6180 | Loss: 0.0001 | Avg Reward: -0.10 | Time: 8.2s | Prob: A train travels at 42 km/h for... | Ans: 60.0
RL Step 6181 | Loss: 0.0004 | Avg Reward: -0.10 | Time: 8.2s | Prob: A train travels at 62 km/h for... | Ans: 80.5
RL Step 6182 | Loss: 0.0000 | Avg Reward: -0.10 | Time: 8.3s | Prob: A train travels at 43 km/h for... | Ans: 49.0
RL Step 6183 | Loss: 0.0001 | Avg Reward: -0.10 | Time: 8.4s | Prob: A train travels at 42 km/h for... | Ans: 71.14
RL Step 6184 | Loss: -0.0001 | Avg Reward: -0.10 | Time: 8.2s | Prob: A train travels at 76 km/h for... | Ans: 68.5
RL Step 6185 | Loss: 0.0001 | Avg Reward: -0.10 | Time: 8.4s | Prob: A train travels at 73 km/h for... | Ans: 73.29
RL Step 6186 | Loss: 0.0449 | Avg Reward: 0.17 | Time: 8.4s | Prob: A train travels at 67 km/h for... | Ans: 71.57
RL Step 6187 | Loss: 0.0000 | Avg Reward: 0.17 | Time: 8.2s | Prob: A train travels at 43 km/h for... | Ans: 63.5
RL Step 6188 | Loss: -0.0000 | Avg Reward: -0.10 | Time: 8.2s | Prob: A train travels at 75 km/h for... | Ans: 79.5
RL Step 6189 | Loss: 0.0195 | Avg Reward: 0.17 | Time: 8.3s | Prob: A train travels at 52 km/h for... | Ans: 72.14
RL Step 6190 | Loss: 0.0002 | Avg Reward: -0.10 | Time: 8.3s | Prob: A train travels at 75 km/h for... | Ans: 71.0
RL Step 6191 | Loss: 0.0002 | Avg Reward: -0.10 | Time: 8.2s | Prob: A train travels at 61 km/h for... | Ans: 77.0
RL Step 6192 | Loss: 0.0000 | Avg Reward: -0.10 | Time: 8.2s | Prob: A train travels at 67 km/h for... | Ans: 64.6
RL Step 6193 | Loss: 0.0002 | Avg Reward: -0.10 | Time: 8.4s | Prob: A train travels at 63 km/h for... | Ans: 81.57
RL Step 6194 | Loss: 0.0001 | Avg Reward: -0.10 | Time: 8.3s | Prob: A train travels at 44 km/h for... | Ans: 58.0
RL Step 6195 | Loss: 0.0001 | Avg Reward: -0.10 | Time: 8.2s | Prob: A train travels at 50 km/h for... | Ans: 71.6
RL Step 6196 | Loss: 0.0003 | Avg Reward: -0.10 | Time: 8.4s | Prob: A train travels at 49 km/h for... | Ans: 59.0
RL Step 6197 | Loss: 0.0002 | Avg Reward: -0.10 | Time: 8.4s | Prob: A train travels at 54 km/h for... | Ans: 61.11
RL Step 6198 | Loss: 0.0001 | Avg Reward: -0.10 | Time: 8.4s | Prob: A train travels at 41 km/h for... | Ans: 56.14
RL Step 6199 | Loss: 0.0001 | Avg Reward: -0.10 | Time: 8.4s | Prob: A train travels at 80 km/h for... | Ans: 74.67
RL Step 6200 | Loss: 0.0001 | Avg Reward: -0.10 | Time: 8.1s | Prob: A train travels at 66 km/h for... | Ans: 72.0
Saving RL Checkpoint at step 6200...
RL Step 6201 | Loss: 0.0000 | Avg Reward: -0.10 | Time: 8.4s | Prob: A train travels at 76 km/h for... | Ans: 75.62
RL Step 6202 | Loss: 0.0001 | Avg Reward: -0.10 | Time: 8.4s | Prob: A train travels at 44 km/h for... | Ans: 67.57
RL Step 6203 | Loss: 0.0000 | Avg Reward: -0.10 | Time: 8.3s | Prob: A train travels at 62 km/h for... | Ans: 77.0
RL Step 6204 | Loss: 0.0002 | Avg Reward: -0.10 | Time: 8.4s | Prob: A train travels at 51 km/h for... | Ans: 62.71
RL Step 6205 | Loss: 0.0001 | Avg Reward: -0.10 | Time: 8.3s | Prob: A train travels at 55 km/h for... | Ans: 62.88
RL Step 6206 | Loss: 0.0001 | Avg Reward: -0.10 | Time: 8.2s | Prob: A train travels at 61 km/h for... | Ans: 72.6
RL Step 6207 | Loss: 0.0004 | Avg Reward: -0.10 | Time: 8.2s | Prob: A train travels at 68 km/h for... | Ans: 76.8
RL Step 6208 | Loss: 0.0002 | Avg Reward: -0.10 | Time: 8.3s | Prob: A train travels at 49 km/h for... | Ans: 62.14
RL Step 6209 | Loss: 0.0000 | Avg Reward: -0.10 | Time: 8.3s | Prob: A train travels at 79 km/h for... | Ans: 70.43
RL Step 6210 | Loss: -0.0117 | Avg Reward: 0.17 | Time: 8.3s | Prob: A train travels at 47 km/h for... | Ans: 66.71
RL Step 6211 | Loss: 0.0000 | Avg Reward: -0.10 | Time: 8.3s | Prob: A train travels at 69 km/h for... | Ans: 63.67
RL Step 6212 | Loss: 0.0000 | Avg Reward: -0.10 | Time: 8.2s | Prob: A train travels at 78 km/h for... | Ans: 73.5
RL Step 6213 | Loss: 0.0001 | Avg Reward: -0.10 | Time: 8.3s | Prob: A train travels at 46 km/h for... | Ans: 69.57
RL Step 6214 | Loss: 0.0001 | Avg Reward: -0.10 | Time: 8.3s | Prob: A train travels at 64 km/h for... | Ans: 62.89
RL Step 6215 | Loss: 0.0001 | Avg Reward: -0.10 | Time: 8.3s | Prob: A train travels at 53 km/h for... | Ans: 61.0
RL Step 6216 | Loss: 0.0001 | Avg Reward: -0.10 | Time: 8.4s | Prob: A train travels at 40 km/h for... | Ans: 66.43
RL Step 6217 | Loss: 0.0001 | Avg Reward: -0.10 | Time: 8.4s | Prob: A train travels at 45 km/h for... | Ans: 55.0
RL Step 6218 | Loss: 0.0001 | Avg Reward: -0.10 | Time: 8.3s | Prob: A train travels at 54 km/h for... | Ans: 62.57
RL Step 6219 | Loss: 0.0001 | Avg Reward: -0.10 | Time: 8.2s | Prob: A train travels at 72 km/h for... | Ans: 66.0
RL Step 6220 | Loss: 0.0000 | Avg Reward: -0.10 | Time: 8.2s | Prob: A train travels at 65 km/h for... | Ans: 65.5
RL Step 6221 | Loss: 0.0001 | Avg Reward: -0.10 | Time: 8.2s | Prob: A train travels at 55 km/h for... | Ans: 74.5
RL Step 6222 | Loss: 0.0001 | Avg Reward: -0.10 | Time: 8.2s | Prob: A train travels at 75 km/h for... | Ans: 87.5
RL Step 6223 | Loss: 0.0001 | Avg Reward: -0.10 | Time: 8.4s | Prob: A train travels at 67 km/h for... | Ans: 63.89
RL Step 6224 | Loss: 0.0001 | Avg Reward: -0.10 | Time: 8.2s | Prob: A train travels at 50 km/h for... | Ans: 64.8
RL Step 6225 | Loss: 0.0001 | Avg Reward: -0.10 | Time: 8.2s | Prob: A train travels at 53 km/h for... | Ans: 69.4
RL Step 6226 | Loss: 0.0002 | Avg Reward: -0.10 | Time: 8.3s | Prob: A train travels at 67 km/h for... | Ans: 75.0
RL Step 6227 | Loss: 0.0001 | Avg Reward: -0.10 | Time: 8.2s | Prob: A train travels at 71 km/h for... | Ans: 75.5
RL Step 6228 | Loss: 0.0000 | Avg Reward: -0.10 | Time: 8.2s | Prob: A train travels at 57 km/h for... | Ans: 63.8
RL Step 6229 | Loss: 0.0001 | Avg Reward: -0.10 | Time: 8.4s | Prob: A train travels at 52 km/h for... | Ans: 57.62
RL Step 6230 | Loss: 0.0001 | Avg Reward: -0.10 | Time: 8.3s | Prob: A train travels at 51 km/h for... | Ans: 63.0
RL Step 6231 | Loss: 0.0001 | Avg Reward: -0.10 | Time: 8.3s | Prob: A train travels at 48 km/h for... | Ans: 69.43
RL Step 6232 | Loss: 0.0001 | Avg Reward: -0.10 | Time: 8.3s | Prob: A train travels at 43 km/h for... | Ans: 55.44
RL Step 6233 | Loss: 0.0000 | Avg Reward: -0.10 | Time: 8.2s | Prob: A train travels at 75 km/h for... | Ans: 71.14
RL Step 6234 | Loss: 0.0001 | Avg Reward: -0.10 | Time: 8.3s | Prob: A train travels at 75 km/h for... | Ans: 71.33
RL Step 6235 | Loss: 0.0001 | Avg Reward: -0.10 | Time: 8.3s | Prob: A train travels at 64 km/h for... | Ans: 80.67
RL Step 6236 | Loss: 0.0001 | Avg Reward: -0.10 | Time: 8.3s | Prob: A train travels at 40 km/h for... | Ans: 48.33
RL Step 6237 | Loss: 0.0000 | Avg Reward: -0.10 | Time: 8.3s | Prob: A train travels at 59 km/h for... | Ans: 71.86
RL Step 6238 | Loss: 0.0000 | Avg Reward: -0.10 | Time: 8.2s | Prob: A train travels at 55 km/h for... | Ans: 65.0
RL Step 6239 | Loss: 0.0000 | Avg Reward: -0.10 | Time: 8.4s | Prob: A train travels at 64 km/h for... | Ans: 69.43
RL Step 6240 | Loss: 0.0001 | Avg Reward: -0.10 | Time: 8.2s | Prob: A train travels at 75 km/h for... | Ans: 85.0
RL Step 6241 | Loss: 0.0001 | Avg Reward: -0.10 | Time: 8.4s | Prob: A train travels at 57 km/h for... | Ans: 62.0
RL Step 6242 | Loss: 0.0001 | Avg Reward: -0.10 | Time: 8.4s | Prob: A train travels at 55 km/h for... | Ans: 78.89
RL Step 6243 | Loss: 0.0001 | Avg Reward: -0.10 | Time: 8.4s | Prob: A train travels at 46 km/h for... | Ans: 74.57
RL Step 6244 | Loss: 0.0000 | Avg Reward: 0.17 | Time: 8.2s | Prob: A train travels at 41 km/h for... | Ans: 62.5
RL Step 6245 | Loss: -0.0000 | Avg Reward: -0.10 | Time: 8.2s | Prob: A train travels at 50 km/h for... | Ans: 57.2
RL Step 6246 | Loss: -0.0000 | Avg Reward: -0.10 | Time: 8.3s | Prob: A train travels at 49 km/h for... | Ans: 69.57
RL Step 6247 | Loss: 0.0000 | Avg Reward: -0.10 | Time: 8.3s | Prob: A train travels at 76 km/h for... | Ans: 82.57
RL Step 6248 | Loss: 0.0002 | Avg Reward: -0.10 | Time: 8.2s | Prob: A train travels at 51 km/h for... | Ans: 58.0
RL Step 6249 | Loss: 0.0001 | Avg Reward: -0.10 | Time: 8.4s | Prob: A train travels at 74 km/h for... | Ans: 79.33
RL Step 6250 | Loss: 0.0003 | Avg Reward: -0.10 | Time: 8.3s | Prob: A train travels at 68 km/h for... | Ans: 68.71
RL Step 6251 | Loss: 0.0000 | Avg Reward: -0.10 | Time: 8.3s | Prob: A train travels at 55 km/h for... | Ans: 84.33
RL Step 6252 | Loss: 0.0003 | Avg Reward: -0.10 | Time: 8.4s | Prob: A train travels at 51 km/h for... | Ans: 80.38
RL Step 6253 | Loss: 0.0001 | Avg Reward: -0.10 | Time: 8.2s | Prob: A train travels at 72 km/h for... | Ans: 66.0
RL Step 6254 | Loss: 0.0002 | Avg Reward: -0.10 | Time: 8.2s | Prob: A train travels at 54 km/h for... | Ans: 69.2
RL Step 6255 | Loss: 0.0001 | Avg Reward: -0.10 | Time: 8.4s | Prob: A train travels at 78 km/h for... | Ans: 79.43
RL Step 6256 | Loss: 0.0001 | Avg Reward: -0.10 | Time: 8.3s | Prob: A train travels at 52 km/h for... | Ans: 63.71
RL Step 6257 | Loss: 0.0000 | Avg Reward: -0.10 | Time: 8.3s | Prob: A train travels at 63 km/h for... | Ans: 64.88
RL Step 6258 | Loss: 0.0001 | Avg Reward: -0.10 | Time: 8.4s | Prob: A train travels at 76 km/h for... | Ans: 76.0
RL Step 6259 | Loss: 0.0002 | Avg Reward: -0.10 | Time: 8.4s | Prob: A train travels at 77 km/h for... | Ans: 69.86
RL Step 6260 | Loss: 0.0000 | Avg Reward: -0.10 | Time: 8.2s | Prob: A train travels at 69 km/h for... | Ans: 83.0
RL Step 6261 | Loss: 0.0001 | Avg Reward: -0.10 | Time: 8.3s | Prob: A train travels at 73 km/h for... | Ans: 73.29
RL Step 6262 | Loss: 0.0001 | Avg Reward: -0.10 | Time: 8.2s | Prob: A train travels at 78 km/h for... | Ans: 71.5
RL Step 6263 | Loss: 0.0001 | Avg Reward: -0.10 | Time: 8.3s | Prob: A train travels at 50 km/h for... | Ans: 54.29
RL Step 6264 | Loss: 0.0002 | Avg Reward: -0.10 | Time: 8.3s | Prob: A train travels at 80 km/h for... | Ans: 74.0
RL Step 6265 | Loss: 0.0001 | Avg Reward: -0.10 | Time: 8.4s | Prob: A train travels at 68 km/h for... | Ans: 79.57
RL Step 6266 | Loss: 0.0000 | Avg Reward: -0.10 | Time: 8.4s | Prob: A train travels at 53 km/h for... | Ans: 62.71
RL Step 6267 | Loss: 0.0001 | Avg Reward: -0.10 | Time: 8.3s | Prob: A train travels at 53 km/h for... | Ans: 67.57
RL Step 6268 | Loss: 0.0001 | Avg Reward: -0.10 | Time: 8.4s | Prob: A train travels at 59 km/h for... | Ans: 75.0
RL Step 6269 | Loss: -0.0001 | Avg Reward: -0.10 | Time: 8.3s | Prob: A train travels at 55 km/h for... | Ans: 60.71
RL Step 6270 | Loss: 0.0002 | Avg Reward: -0.10 | Time: 8.2s | Prob: A train travels at 56 km/h for... | Ans: 67.6
RL Step 6271 | Loss: -0.0000 | Avg Reward: -0.10 | Time: 8.2s | Prob: A train travels at 79 km/h for... | Ans: 74.0
RL Step 6272 | Loss: 0.0001 | Avg Reward: -0.10 | Time: 8.4s | Prob: A train travels at 53 km/h for... | Ans: 74.25
RL Step 6273 | Loss: 0.0002 | Avg Reward: -0.10 | Time: 8.3s | Prob: A train travels at 72 km/h for... | Ans: 85.33
RL Step 6274 | Loss: 0.0001 | Avg Reward: -0.10 | Time: 8.2s | Prob: A train travels at 68 km/h for... | Ans: 71.0
RL Step 6275 | Loss: 0.0001 | Avg Reward: -0.10 | Time: 8.2s | Prob: A train travels at 72 km/h for... | Ans: 73.5
RL Step 6276 | Loss: 0.0001 | Avg Reward: -0.10 | Time: 8.3s | Prob: A train travels at 55 km/h for... | Ans: 62.43
RL Step 6277 | Loss: 0.0001 | Avg Reward: -0.10 | Time: 8.2s | Prob: A train travels at 53 km/h for... | Ans: 76.0
RL Step 6278 | Loss: 0.0000 | Avg Reward: -0.10 | Time: 8.2s | Prob: A train travels at 72 km/h for... | Ans: 76.2
RL Step 6279 | Loss: -0.0000 | Avg Reward: -0.10 | Time: 8.3s | Prob: A train travels at 71 km/h for... | Ans: 74.86
RL Step 6280 | Loss: 0.0000 | Avg Reward: -0.10 | Time: 8.2s | Prob: A train travels at 62 km/h for... | Ans: 65.6
RL Step 6281 | Loss: 0.0002 | Avg Reward: -0.10 | Time: 8.2s | Prob: A train travels at 41 km/h for... | Ans: 63.4
RL Step 6282 | Loss: 0.0001 | Avg Reward: -0.10 | Time: 8.1s | Prob: A train travels at 63 km/h for... | Ans: 66.0
RL Step 6283 | Loss: -0.0000 | Avg Reward: -0.10 | Time: 8.2s | Prob: A train travels at 40 km/h for... | Ans: 69.5
RL Step 6284 | Loss: 0.0001 | Avg Reward: -0.10 | Time: 8.4s | Prob: A train travels at 47 km/h for... | Ans: 55.75
RL Step 6285 | Loss: 0.0002 | Avg Reward: -0.10 | Time: 8.2s | Prob: A train travels at 43 km/h for... | Ans: 53.5
RL Step 6286 | Loss: 0.0000 | Avg Reward: -0.10 | Time: 8.2s | Prob: A train travels at 61 km/h for... | Ans: 60.6
RL Step 6287 | Loss: 0.0001 | Avg Reward: -0.10 | Time: 8.2s | Prob: A train travels at 49 km/h for... | Ans: 65.0
RL Step 6288 | Loss: 0.0000 | Avg Reward: -0.10 | Time: 8.4s | Prob: A train travels at 69 km/h for... | Ans: 88.38
RL Step 6289 | Loss: 0.0001 | Avg Reward: -0.10 | Time: 8.3s | Prob: A train travels at 63 km/h for... | Ans: 78.71
RL Step 6290 | Loss: 0.0001 | Avg Reward: -0.10 | Time: 8.4s | Prob: A train travels at 73 km/h for... | Ans: 87.29
RL Step 6291 | Loss: 0.0000 | Avg Reward: -0.10 | Time: 8.4s | Prob: A train travels at 43 km/h for... | Ans: 61.33
RL Step 6292 | Loss: 0.0002 | Avg Reward: -0.10 | Time: 8.2s | Prob: A train travels at 69 km/h for... | Ans: 73.0
RL Step 6293 | Loss: -0.0000 | Avg Reward: -0.10 | Time: 8.4s | Prob: A train travels at 80 km/h for... | Ans: 91.88
RL Step 6294 | Loss: 0.0001 | Avg Reward: -0.10 | Time: 8.4s | Prob: A train travels at 54 km/h for... | Ans: 68.67
RL Step 6295 | Loss: 0.0001 | Avg Reward: -0.10 | Time: 8.3s | Prob: A train travels at 46 km/h for... | Ans: 79.57
RL Step 6296 | Loss: 0.0117 | Avg Reward: 0.17 | Time: 8.2s | Prob: A train travels at 80 km/h for... | Ans: 82.5
RL Step 6297 | Loss: 0.0002 | Avg Reward: -0.10 | Time: 8.2s | Prob: A train travels at 52 km/h for... | Ans: 56.0
RL Step 6298 | Loss: 0.0001 | Avg Reward: -0.10 | Time: 8.2s | Prob: A train travels at 79 km/h for... | Ans: 87.4
RL Step 6299 | Loss: 0.0002 | Avg Reward: -0.10 | Time: 8.3s | Prob: A train travels at 70 km/h for... | Ans: 67.33
RL Step 6300 | Loss: -0.0000 | Avg Reward: -0.10 | Time: 8.3s | Prob: A train travels at 71 km/h for... | Ans: 87.0
RL Step 6301 | Loss: 0.0001 | Avg Reward: -0.10 | Time: 8.3s | Prob: A train travels at 41 km/h for... | Ans: 69.67
RL Step 6302 | Loss: -0.0039 | Avg Reward: 0.17 | Time: 8.3s | Prob: A train travels at 78 km/h for... | Ans: 77.67
RL Step 6303 | Loss: 0.0001 | Avg Reward: -0.10 | Time: 8.3s | Prob: A train travels at 65 km/h for... | Ans: 65.0
RL Step 6304 | Loss: 0.0000 | Avg Reward: -0.10 | Time: 8.3s | Prob: A train travels at 63 km/h for... | Ans: 86.57
RL Step 6305 | Loss: 0.0001 | Avg Reward: -0.10 | Time: 8.4s | Prob: A train travels at 44 km/h for... | Ans: 62.12
RL Step 6306 | Loss: 0.0001 | Avg Reward: -0.10 | Time: 8.2s | Prob: A train travels at 61 km/h for... | Ans: 65.67
RL Step 6307 | Loss: 0.0001 | Avg Reward: -0.10 | Time: 8.4s | Prob: A train travels at 80 km/h for... | Ans: 82.0
RL Step 6308 | Loss: 0.0001 | Avg Reward: -0.10 | Time: 8.2s | Prob: A train travels at 68 km/h for... | Ans: 71.6
RL Step 6309 | Loss: 0.0001 | Avg Reward: -0.10 | Time: 8.4s | Prob: A train travels at 76 km/h for... | Ans: 85.29
RL Step 6310 | Loss: 0.0001 | Avg Reward: -0.10 | Time: 8.3s | Prob: A train travels at 46 km/h for... | Ans: 64.75
RL Step 6311 | Loss: 0.0003 | Avg Reward: -0.10 | Time: 8.2s | Prob: A train travels at 61 km/h for... | Ans: 73.8
RL Step 6312 | Loss: 0.0003 | Avg Reward: -0.10 | Time: 8.2s | Prob: A train travels at 70 km/h for... | Ans: 65.5
RL Step 6313 | Loss: 0.0000 | Avg Reward: -0.10 | Time: 8.3s | Prob: A train travels at 75 km/h for... | Ans: 78.12
RL Step 6314 | Loss: 0.0001 | Avg Reward: -0.10 | Time: 8.3s | Prob: A train travels at 78 km/h for... | Ans: 71.14
RL Step 6315 | Loss: 0.0001 | Avg Reward: -0.10 | Time: 8.2s | Prob: A train travels at 56 km/h for... | Ans: 66.0
RL Step 6316 | Loss: 0.0003 | Avg Reward: -0.10 | Time: 8.4s | Prob: A train travels at 41 km/h for... | Ans: 78.33
RL Step 6317 | Loss: 0.0001 | Avg Reward: -0.10 | Time: 8.2s | Prob: A train travels at 67 km/h for... | Ans: 64.2
RL Step 6318 | Loss: 0.0000 | Avg Reward: -0.10 | Time: 8.2s | Prob: A train travels at 53 km/h for... | Ans: 62.5
RL Step 6319 | Loss: 0.0001 | Avg Reward: -0.10 | Time: 8.2s | Prob: A train travels at 49 km/h for... | Ans: 54.2
RL Step 6320 | Loss: 0.0001 | Avg Reward: -0.10 | Time: 8.4s | Prob: A train travels at 54 km/h for... | Ans: 71.14
RL Step 6321 | Loss: 0.0000 | Avg Reward: -0.10 | Time: 8.3s | Prob: A train travels at 61 km/h for... | Ans: 70.5
RL Step 6322 | Loss: 0.0001 | Avg Reward: -0.10 | Time: 8.3s | Prob: A train travels at 54 km/h for... | Ans: 84.67
RL Step 6323 | Loss: 0.0001 | Avg Reward: -0.10 | Time: 8.3s | Prob: A train travels at 51 km/h for... | Ans: 70.29
RL Step 6324 | Loss: 0.0000 | Avg Reward: -0.10 | Time: 8.4s | Prob: A train travels at 75 km/h for... | Ans: 89.29
RL Step 6325 | Loss: 0.0001 | Avg Reward: -0.10 | Time: 8.3s | Prob: A train travels at 73 km/h for... | Ans: 81.0
RL Step 6326 | Loss: -0.0000 | Avg Reward: -0.10 | Time: 8.4s | Prob: A train travels at 47 km/h for... | Ans: 53.0
RL Step 6327 | Loss: 0.0039 | Avg Reward: 0.17 | Time: 8.3s | Prob: A train travels at 54 km/h for... | Ans: 64.71
RL Step 6328 | Loss: 0.0002 | Avg Reward: -0.10 | Time: 8.3s | Prob: A train travels at 58 km/h for... | Ans: 72.57
RL Step 6329 | Loss: 0.0001 | Avg Reward: -0.10 | Time: 8.4s | Prob: A train travels at 75 km/h for... | Ans: 77.86
RL Step 6330 | Loss: 0.0001 | Avg Reward: -0.10 | Time: 8.2s | Prob: A train travels at 70 km/h for... | Ans: 74.0
RL Step 6331 | Loss: 0.0000 | Avg Reward: -0.10 | Time: 8.3s | Prob: A train travels at 46 km/h for... | Ans: 58.0
RL Step 6332 | Loss: 0.0001 | Avg Reward: -0.10 | Time: 8.2s | Prob: A train travels at 58 km/h for... | Ans: 74.0
RL Step 6333 | Loss: 0.0001 | Avg Reward: -0.10 | Time: 8.4s | Prob: A train travels at 67 km/h for... | Ans: 76.29
RL Step 6334 | Loss: 0.0001 | Avg Reward: -0.10 | Time: 8.4s | Prob: A train travels at 62 km/h for... | Ans: 85.12
RL Step 6335 | Loss: 0.0002 | Avg Reward: -0.10 | Time: 8.3s | Prob: A train travels at 78 km/h for... | Ans: 73.43
RL Step 6336 | Loss: 0.0001 | Avg Reward: -0.10 | Time: 8.4s | Prob: A train travels at 57 km/h for... | Ans: 68.43
RL Step 6337 | Loss: 0.0001 | Avg Reward: -0.10 | Time: 8.2s | Prob: A train travels at 79 km/h for... | Ans: 86.5
RL Step 6338 | Loss: 0.0215 | Avg Reward: 0.17 | Time: 8.4s | Prob: A train travels at 64 km/h for... | Ans: 76.86
RL Step 6339 | Loss: -0.0020 | Avg Reward: 0.17 | Time: 8.3s | Prob: A train travels at 73 km/h for... | Ans: 69.67
RL Step 6340 | Loss: 0.0000 | Avg Reward: -0.10 | Time: 8.4s | Prob: A train travels at 67 km/h for... | Ans: 87.62
RL Step 6341 | Loss: 0.0000 | Avg Reward: -0.10 | Time: 8.4s | Prob: A train travels at 40 km/h for... | Ans: 67.78
RL Step 6342 | Loss: 0.0001 | Avg Reward: -0.10 | Time: 8.2s | Prob: A train travels at 59 km/h for... | Ans: 83.0
RL Step 6343 | Loss: 0.0000 | Avg Reward: -0.10 | Time: 8.2s | Prob: A train travels at 74 km/h for... | Ans: 64.67
RL Step 6344 | Loss: 0.0001 | Avg Reward: -0.10 | Time: 8.3s | Prob: A train travels at 64 km/h for... | Ans: 80.5
RL Step 6345 | Loss: 0.0000 | Avg Reward: -0.10 | Time: 8.2s | Prob: A train travels at 73 km/h for... | Ans: 70.5
RL Step 6346 | Loss: 0.0001 | Avg Reward: -0.10 | Time: 8.4s | Prob: A train travels at 49 km/h for... | Ans: 58.29
RL Step 6347 | Loss: -0.0000 | Avg Reward: -0.10 | Time: 8.3s | Prob: A train travels at 74 km/h for... | Ans: 80.57
RL Step 6348 | Loss: 0.0001 | Avg Reward: -0.10 | Time: 8.4s | Prob: A train travels at 77 km/h for... | Ans: 79.22
RL Step 6349 | Loss: 0.0001 | Avg Reward: -0.10 | Time: 8.2s | Prob: A train travels at 74 km/h for... | Ans: 78.0
RL Step 6350 | Loss: 0.0001 | Avg Reward: -0.10 | Time: 8.3s | Prob: A train travels at 44 km/h for... | Ans: 64.0
RL Step 6351 | Loss: 0.0002 | Avg Reward: -0.10 | Time: 8.2s | Prob: A train travels at 50 km/h for... | Ans: 66.8
RL Step 6352 | Loss: 0.0001 | Avg Reward: -0.10 | Time: 8.4s | Prob: A train travels at 75 km/h for... | Ans: 71.57
RL Step 6353 | Loss: 0.0001 | Avg Reward: -0.10 | Time: 8.4s | Prob: A train travels at 42 km/h for... | Ans: 64.78
RL Step 6354 | Loss: 0.0001 | Avg Reward: -0.10 | Time: 8.3s | Prob: A train travels at 63 km/h for... | Ans: 78.11
RL Step 6355 | Loss: 0.0001 | Avg Reward: -0.10 | Time: 8.3s | Prob: A train travels at 68 km/h for... | Ans: 79.0
RL Step 6356 | Loss: 0.0002 | Avg Reward: -0.10 | Time: 8.2s | Prob: A train travels at 42 km/h for... | Ans: 64.2
RL Step 6357 | Loss: 0.0001 | Avg Reward: -0.10 | Time: 8.4s | Prob: A train travels at 69 km/h for... | Ans: 81.78
RL Step 6358 | Loss: 0.0001 | Avg Reward: -0.10 | Time: 8.3s | Prob: A train travels at 53 km/h for... | Ans: 68.62
RL Step 6359 | Loss: 0.0002 | Avg Reward: -0.10 | Time: 8.3s | Prob: A train travels at 80 km/h for... | Ans: 82.25
RL Step 6360 | Loss: -0.0000 | Avg Reward: -0.10 | Time: 8.3s | Prob: A train travels at 54 km/h for... | Ans: 72.5
RL Step 6361 | Loss: 0.0001 | Avg Reward: -0.10 | Time: 8.2s | Prob: A train travels at 78 km/h for... | Ans: 78.5
RL Step 6362 | Loss: 0.0001 | Avg Reward: -0.10 | Time: 8.3s | Prob: A train travels at 73 km/h for... | Ans: 77.57
RL Step 6363 | Loss: 0.0001 | Avg Reward: -0.10 | Time: 8.3s | Prob: A train travels at 74 km/h for... | Ans: 72.71
RL Step 6364 | Loss: 0.0001 | Avg Reward: -0.10 | Time: 8.4s | Prob: A train travels at 40 km/h for... | Ans: 56.0
RL Step 6365 | Loss: 0.0001 | Avg Reward: -0.10 | Time: 8.4s | Prob: A train travels at 70 km/h for... | Ans: 74.86
RL Step 6366 | Loss: 0.0001 | Avg Reward: -0.10 | Time: 8.3s | Prob: A train travels at 46 km/h for... | Ans: 62.0
RL Step 6367 | Loss: 0.0000 | Avg Reward: -0.10 | Time: 8.3s | Prob: A train travels at 45 km/h for... | Ans: 53.57
RL Step 6368 | Loss: 0.0003 | Avg Reward: -0.10 | Time: 8.4s | Prob: A train travels at 73 km/h for... | Ans: 77.44
RL Step 6369 | Loss: 0.0001 | Avg Reward: -0.10 | Time: 8.3s | Prob: A train travels at 68 km/h for... | Ans: 72.88
RL Step 6370 | Loss: 0.0000 | Avg Reward: -0.10 | Time: 8.4s | Prob: A train travels at 54 km/h for... | Ans: 65.71
RL Step 6371 | Loss: 0.0000 | Avg Reward: -0.10 | Time: 8.3s | Prob: A train travels at 52 km/h for... | Ans: 69.14
RL Step 6372 | Loss: 0.0000 | Avg Reward: -0.10 | Time: 8.3s | Prob: A train travels at 48 km/h for... | Ans: 69.14
RL Step 6373 | Loss: 0.0000 | Avg Reward: -0.10 | Time: 8.3s | Prob: A train travels at 58 km/h for... | Ans: 67.38
RL Step 6374 | Loss: 0.0001 | Avg Reward: -0.10 | Time: 8.3s | Prob: A train travels at 63 km/h for... | Ans: 63.0
RL Step 6375 | Loss: 0.0000 | Avg Reward: -0.10 | Time: 8.2s | Prob: A train travels at 65 km/h for... | Ans: 67.0
RL Step 6376 | Loss: -0.0000 | Avg Reward: -0.10 | Time: 8.3s | Prob: A train travels at 58 km/h for... | Ans: 85.33
RL Step 6377 | Loss: 0.0001 | Avg Reward: -0.10 | Time: 8.4s | Prob: A train travels at 63 km/h for... | Ans: 66.43
RL Step 6378 | Loss: 0.0001 | Avg Reward: -0.10 | Time: 8.3s | Prob: A train travels at 59 km/h for... | Ans: 65.0
RL Step 6379 | Loss: 0.0001 | Avg Reward: -0.10 | Time: 8.3s | Prob: A train travels at 76 km/h for... | Ans: 84.0
RL Step 6380 | Loss: 0.0001 | Avg Reward: -0.10 | Time: 8.2s | Prob: A train travels at 72 km/h for... | Ans: 70.0
RL Step 6381 | Loss: 0.0001 | Avg Reward: -0.10 | Time: 8.3s | Prob: A train travels at 61 km/h for... | Ans: 63.86
RL Step 6382 | Loss: 0.0001 | Avg Reward: -0.10 | Time: 8.3s | Prob: A train travels at 44 km/h for... | Ans: 54.0
RL Step 6383 | Loss: 0.0001 | Avg Reward: -0.10 | Time: 8.2s | Prob: A train travels at 57 km/h for... | Ans: 68.0
RL Step 6384 | Loss: 0.0000 | Avg Reward: -0.10 | Time: 8.2s | Prob: A train travels at 61 km/h for... | Ans: 74.0
RL Step 6385 | Loss: 0.0001 | Avg Reward: -0.10 | Time: 8.3s | Prob: A train travels at 48 km/h for... | Ans: 65.5
RL Step 6386 | Loss: 0.0001 | Avg Reward: -0.10 | Time: 8.4s | Prob: A train travels at 49 km/h for... | Ans: 59.71
RL Step 6387 | Loss: 0.0000 | Avg Reward: -0.10 | Time: 8.4s | Prob: A train travels at 46 km/h for... | Ans: 52.38
RL Step 6388 | Loss: 0.0002 | Avg Reward: -0.10 | Time: 8.3s | Prob: A train travels at 48 km/h for... | Ans: 56.33
RL Step 6389 | Loss: 0.0001 | Avg Reward: -0.10 | Time: 8.3s | Prob: A train travels at 61 km/h for... | Ans: 84.12
RL Step 6390 | Loss: 0.0000 | Avg Reward: -0.10 | Time: 8.2s | Prob: A train travels at 68 km/h for... | Ans: 86.0
RL Step 6391 | Loss: 0.0098 | Avg Reward: 0.17 | Time: 8.3s | Prob: A train travels at 48 km/h for... | Ans: 57.33
RL Step 6392 | Loss: 0.0001 | Avg Reward: -0.10 | Time: 8.4s | Prob: A train travels at 50 km/h for... | Ans: 61.11
RL Step 6393 | Loss: 0.0001 | Avg Reward: -0.10 | Time: 8.4s | Prob: A train travels at 52 km/h for... | Ans: 70.86
RL Step 6394 | Loss: 0.0001 | Avg Reward: -0.10 | Time: 8.3s | Prob: A train travels at 64 km/h for... | Ans: 68.0
RL Step 6395 | Loss: 0.0001 | Avg Reward: -0.10 | Time: 8.3s | Prob: A train travels at 69 km/h for... | Ans: 73.0
RL Step 6396 | Loss: 0.0002 | Avg Reward: -0.10 | Time: 8.2s | Prob: A train travels at 79 km/h for... | Ans: 85.0
RL Step 6397 | Loss: 0.0001 | Avg Reward: -0.10 | Time: 8.2s | Prob: A train travels at 60 km/h for... | Ans: 61.0
RL Step 6398 | Loss: 0.0001 | Avg Reward: -0.10 | Time: 8.2s | Prob: A train travels at 52 km/h for... | Ans: 56.0
RL Step 6399 | Loss: 0.0000 | Avg Reward: -0.10 | Time: 8.3s | Prob: A train travels at 75 km/h for... | Ans: 76.29
RL Step 6400 | Loss: 0.0001 | Avg Reward: -0.10 | Time: 8.3s | Prob: A train travels at 55 km/h for... | Ans: 74.5
Saving RL Checkpoint at step 6400...
RL Step 6401 | Loss: 0.0002 | Avg Reward: -0.10 | Time: 8.3s | Prob: A train travels at 53 km/h for... | Ans: 72.0
RL Step 6402 | Loss: 0.0001 | Avg Reward: -0.10 | Time: 8.3s | Prob: A train travels at 62 km/h for... | Ans: 65.89
RL Step 6403 | Loss: 0.0001 | Avg Reward: -0.10 | Time: 8.4s | Prob: A train travels at 65 km/h for... | Ans: 75.29
RL Step 6404 | Loss: 0.0001 | Avg Reward: -0.10 | Time: 8.4s | Prob: A train travels at 70 km/h for... | Ans: 90.0
RL Step 6405 | Loss: 0.0000 | Avg Reward: 0.17 | Time: 8.2s | Prob: A train travels at 66 km/h for... | Ans: 65.0
RL Step 6406 | Loss: 0.0001 | Avg Reward: -0.10 | Time: 8.3s | Prob: A train travels at 53 km/h for... | Ans: 62.0
RL Step 6407 | Loss: 0.0001 | Avg Reward: -0.10 | Time: 8.3s | Prob: A train travels at 68 km/h for... | Ans: 75.43
RL Step 6408 | Loss: 0.0001 | Avg Reward: -0.10 | Time: 8.3s | Prob: A train travels at 55 km/h for... | Ans: 64.29
RL Step 6409 | Loss: 0.0002 | Avg Reward: -0.10 | Time: 8.4s | Prob: A train travels at 70 km/h for... | Ans: 79.86
RL Step 6410 | Loss: 0.0000 | Avg Reward: -0.10 | Time: 8.2s | Prob: A train travels at 43 km/h for... | Ans: 52.5
RL Step 6411 | Loss: 0.0000 | Avg Reward: -0.10 | Time: 8.2s | Prob: A train travels at 70 km/h for... | Ans: 78.0
RL Step 6412 | Loss: -0.0000 | Avg Reward: -0.10 | Time: 8.2s | Prob: A train travels at 68 km/h for... | Ans: 70.5
RL Step 6413 | Loss: 0.0001 | Avg Reward: -0.10 | Time: 8.2s | Prob: A train travels at 44 km/h for... | Ans: 56.0
RL Step 6414 | Loss: 0.0001 | Avg Reward: -0.10 | Time: 8.4s | Prob: A train travels at 43 km/h for... | Ans: 70.5
RL Step 6415 | Loss: -0.0078 | Avg Reward: 0.17 | Time: 8.2s | Prob: A train travels at 44 km/h for... | Ans: 55.0
RL Step 6416 | Loss: -0.0059 | Avg Reward: 0.17 | Time: 8.3s | Prob: A train travels at 62 km/h for... | Ans: 72.22
RL Step 6417 | Loss: 0.0001 | Avg Reward: -0.10 | Time: 8.3s | Prob: A train travels at 42 km/h for... | Ans: 58.44
RL Step 6418 | Loss: 0.0001 | Avg Reward: -0.10 | Time: 8.2s | Prob: A train travels at 74 km/h for... | Ans: 85.4
RL Step 6419 | Loss: 0.0001 | Avg Reward: -0.10 | Time: 8.2s | Prob: A train travels at 63 km/h for... | Ans: 72.6
RL Step 6420 | Loss: 0.0001 | Avg Reward: -0.10 | Time: 8.3s | Prob: A train travels at 77 km/h for... | Ans: 84.0
RL Step 6421 | Loss: 0.0000 | Avg Reward: -0.10 | Time: 8.3s | Prob: A train travels at 43 km/h for... | Ans: 51.86
RL Step 6422 | Loss: 0.0059 | Avg Reward: 0.17 | Time: 8.3s | Prob: A train travels at 64 km/h for... | Ans: 75.0
RL Step 6423 | Loss: -0.0000 | Avg Reward: -0.10 | Time: 8.3s | Prob: A train travels at 71 km/h for... | Ans: 79.0
RL Step 6424 | Loss: 0.0000 | Avg Reward: -0.10 | Time: 8.2s | Prob: A train travels at 63 km/h for... | Ans: 76.2
RL Step 6425 | Loss: 0.0001 | Avg Reward: -0.10 | Time: 8.2s | Prob: A train travels at 52 km/h for... | Ans: 76.0
RL Step 6426 | Loss: 0.0000 | Avg Reward: -0.10 | Time: 8.4s | Prob: A train travels at 79 km/h for... | Ans: 83.12
RL Step 6427 | Loss: 0.0001 | Avg Reward: -0.10 | Time: 8.2s | Prob: A train travels at 77 km/h for... | Ans: 79.0
RL Step 6428 | Loss: 0.0195 | Avg Reward: 0.17 | Time: 8.2s | Prob: A train travels at 67 km/h for... | Ans: 63.5
RL Step 6429 | Loss: 0.0001 | Avg Reward: -0.10 | Time: 8.4s | Prob: A train travels at 67 km/h for... | Ans: 65.12
RL Step 6430 | Loss: 0.0001 | Avg Reward: -0.10 | Time: 8.2s | Prob: A train travels at 40 km/h for... | Ans: 49.2
RL Step 6431 | Loss: 0.0001 | Avg Reward: -0.10 | Time: 8.3s | Prob: A train travels at 53 km/h for... | Ans: 63.0
RL Step 6432 | Loss: 0.0001 | Avg Reward: -0.10 | Time: 8.3s | Prob: A train travels at 70 km/h for... | Ans: 75.25
RL Step 6433 | Loss: 0.0000 | Avg Reward: -0.10 | Time: 8.4s | Prob: A train travels at 73 km/h for... | Ans: 86.33
RL Step 6434 | Loss: 0.0001 | Avg Reward: -0.10 | Time: 8.3s | Prob: A train travels at 53 km/h for... | Ans: 68.0
RL Step 6435 | Loss: -0.0000 | Avg Reward: -0.10 | Time: 8.3s | Prob: A train travels at 75 km/h for... | Ans: 77.78
RL Step 6436 | Loss: 0.0001 | Avg Reward: -0.10 | Time: 8.3s | Prob: A train travels at 49 km/h for... | Ans: 76.22
RL Step 6437 | Loss: 0.0001 | Avg Reward: -0.10 | Time: 8.4s | Prob: A train travels at 70 km/h for... | Ans: 76.0
RL Step 6438 | Loss: 0.0000 | Avg Reward: -0.10 | Time: 8.2s | Prob: A train travels at 69 km/h for... | Ans: 65.5
RL Step 6439 | Loss: 0.0156 | Avg Reward: 0.17 | Time: 8.3s | Prob: A train travels at 63 km/h for... | Ans: 70.0
RL Step 6440 | Loss: 0.0001 | Avg Reward: -0.10 | Time: 8.2s | Prob: A train travels at 42 km/h for... | Ans: 61.0
RL Step 6441 | Loss: 0.0001 | Avg Reward: -0.10 | Time: 8.4s | Prob: A train travels at 69 km/h for... | Ans: 89.0
RL Step 6442 | Loss: 0.0195 | Avg Reward: 0.17 | Time: 8.2s | Prob: A train travels at 72 km/h for... | Ans: 69.5
RL Step 6443 | Loss: 0.0000 | Avg Reward: -0.10 | Time: 8.4s | Prob: A train travels at 71 km/h for... | Ans: 86.56
RL Step 6444 | Loss: -0.0000 | Avg Reward: -0.10 | Time: 8.2s | Prob: A train travels at 75 km/h for... | Ans: 74.5
RL Step 6445 | Loss: 0.0002 | Avg Reward: -0.10 | Time: 8.4s | Prob: A train travels at 51 km/h for... | Ans: 69.67
RL Step 6446 | Loss: 0.0001 | Avg Reward: -0.10 | Time: 8.2s | Prob: A train travels at 52 km/h for... | Ans: 62.5
RL Step 6447 | Loss: 0.0002 | Avg Reward: -0.10 | Time: 8.2s | Prob: A train travels at 60 km/h for... | Ans: 71.5
RL Step 6448 | Loss: 0.0000 | Avg Reward: -0.10 | Time: 8.4s | Prob: A train travels at 44 km/h for... | Ans: 56.14
RL Step 6449 | Loss: 0.0001 | Avg Reward: -0.10 | Time: 8.4s | Prob: A train travels at 42 km/h for... | Ans: 51.71
RL Step 6450 | Loss: 0.0001 | Avg Reward: -0.10 | Time: 8.2s | Prob: A train travels at 73 km/h for... | Ans: 79.0
RL Step 6451 | Loss: 0.0000 | Avg Reward: 0.17 | Time: 8.4s | Prob: A train travels at 65 km/h for... | Ans: 78.71
RL Step 6452 | Loss: 0.0156 | Avg Reward: 0.45 | Time: 8.4s | Prob: A train travels at 51 km/h for... | Ans: 66.43
RL Step 6453 | Loss: 0.0001 | Avg Reward: -0.10 | Time: 8.3s | Prob: A train travels at 49 km/h for... | Ans: 62.12
RL Step 6454 | Loss: 0.0001 | Avg Reward: -0.10 | Time: 8.2s | Prob: A train travels at 42 km/h for... | Ans: 67.0
RL Step 6455 | Loss: 0.0001 | Avg Reward: -0.10 | Time: 8.4s | Prob: A train travels at 52 km/h for... | Ans: 58.11
RL Step 6456 | Loss: -0.0000 | Avg Reward: -0.10 | Time: 8.4s | Prob: A train travels at 69 km/h for... | Ans: 79.12
RL Step 6457 | Loss: 0.0000 | Avg Reward: -0.10 | Time: 8.4s | Prob: A train travels at 44 km/h for... | Ans: 55.88
RL Step 6458 | Loss: 0.0002 | Avg Reward: -0.10 | Time: 8.4s | Prob: A train travels at 80 km/h for... | Ans: 74.22
RL Step 6459 | Loss: 0.0000 | Avg Reward: -0.10 | Time: 8.3s | Prob: A train travels at 46 km/h for... | Ans: 53.11
RL Step 6460 | Loss: 0.0001 | Avg Reward: -0.10 | Time: 8.2s | Prob: A train travels at 80 km/h for... | Ans: 73.0
RL Step 6461 | Loss: 0.0001 | Avg Reward: -0.10 | Time: 8.1s | Prob: A train travels at 78 km/h for... | Ans: 75.6
RL Step 6462 | Loss: 0.0001 | Avg Reward: -0.10 | Time: 8.2s | Prob: A train travels at 60 km/h for... | Ans: 62.5
RL Step 6463 | Loss: 0.0001 | Avg Reward: -0.10 | Time: 8.3s | Prob: A train travels at 56 km/h for... | Ans: 73.71
RL Step 6464 | Loss: 0.0001 | Avg Reward: -0.10 | Time: 8.2s | Prob: A train travels at 54 km/h for... | Ans: 61.2
RL Step 6465 | Loss: 0.0000 | Avg Reward: -0.10 | Time: 8.3s | Prob: A train travels at 48 km/h for... | Ans: 73.5
RL Step 6466 | Loss: 0.0001 | Avg Reward: -0.10 | Time: 8.2s | Prob: A train travels at 41 km/h for... | Ans: 67.0
RL Step 6467 | Loss: 0.0001 | Avg Reward: -0.10 | Time: 8.2s | Prob: A train travels at 77 km/h for... | Ans: 85.4
RL Step 6468 | Loss: 0.0001 | Avg Reward: -0.10 | Time: 8.2s | Prob: A train travels at 63 km/h for... | Ans: 74.5
RL Step 6469 | Loss: -0.0000 | Avg Reward: -0.10 | Time: 8.2s | Prob: A train travels at 62 km/h for... | Ans: 80.5
RL Step 6470 | Loss: 0.0001 | Avg Reward: -0.10 | Time: 8.2s | Prob: A train travels at 58 km/h for... | Ans: 72.0
RL Step 6471 | Loss: 0.0001 | Avg Reward: -0.10 | Time: 8.1s | Prob: A train travels at 61 km/h for... | Ans: 74.5
RL Step 6472 | Loss: 0.0002 | Avg Reward: -0.10 | Time: 8.2s | Prob: A train travels at 53 km/h for... | Ans: 76.33
RL Step 6473 | Loss: 0.0001 | Avg Reward: -0.10 | Time: 8.3s | Prob: A train travels at 54 km/h for... | Ans: 76.29
RL Step 6474 | Loss: 0.0001 | Avg Reward: -0.10 | Time: 8.4s | Prob: A train travels at 54 km/h for... | Ans: 56.67
RL Step 6475 | Loss: 0.0001 | Avg Reward: -0.10 | Time: 8.4s | Prob: A train travels at 65 km/h for... | Ans: 75.71
RL Step 6476 | Loss: -0.0039 | Avg Reward: 0.17 | Time: 8.2s | Prob: A train travels at 58 km/h for... | Ans: 64.8
RL Step 6477 | Loss: 0.0000 | Avg Reward: -0.10 | Time: 8.3s | Prob: A train travels at 73 km/h for... | Ans: 70.14
RL Step 6478 | Loss: 0.0001 | Avg Reward: -0.10 | Time: 8.2s | Prob: A train travels at 66 km/h for... | Ans: 77.0
RL Step 6479 | Loss: 0.0001 | Avg Reward: -0.10 | Time: 8.3s | Prob: A train travels at 57 km/h for... | Ans: 60.33
RL Step 6480 | Loss: 0.0001 | Avg Reward: -0.10 | Time: 8.3s | Prob: A train travels at 59 km/h for... | Ans: 76.78
RL Step 6481 | Loss: 0.0000 | Avg Reward: -0.10 | Time: 8.2s | Prob: A train travels at 64 km/h for... | Ans: 61.6
RL Step 6482 | Loss: 0.0001 | Avg Reward: -0.10 | Time: 8.3s | Prob: A train travels at 52 km/h for... | Ans: 62.67
RL Step 6483 | Loss: 0.0001 | Avg Reward: -0.10 | Time: 8.2s | Prob: A train travels at 74 km/h for... | Ans: 75.5
RL Step 6484 | Loss: 0.0117 | Avg Reward: 0.17 | Time: 8.2s | Prob: A train travels at 40 km/h for... | Ans: 80.0
RL Step 6485 | Loss: 0.0001 | Avg Reward: -0.10 | Time: 8.3s | Prob: A train travels at 79 km/h for... | Ans: 79.75
RL Step 6486 | Loss: 0.0001 | Avg Reward: -0.10 | Time: 8.2s | Prob: A train travels at 58 km/h for... | Ans: 70.5
RL Step 6487 | Loss: 0.0001 | Avg Reward: -0.10 | Time: 8.3s | Prob: A train travels at 57 km/h for... | Ans: 67.0
RL Step 6488 | Loss: 0.0001 | Avg Reward: -0.10 | Time: 8.4s | Prob: A train travels at 48 km/h for... | Ans: 73.0
RL Step 6489 | Loss: 0.0001 | Avg Reward: -0.10 | Time: 8.1s | Prob: A train travels at 40 km/h for... | Ans: 71.8
RL Step 6490 | Loss: -0.0000 | Avg Reward: -0.10 | Time: 8.3s | Prob: A train travels at 40 km/h for... | Ans: 56.12
RL Step 6491 | Loss: 0.0000 | Avg Reward: -0.10 | Time: 8.4s | Prob: A train travels at 75 km/h for... | Ans: 73.0
RL Step 6492 | Loss: 0.0002 | Avg Reward: -0.10 | Time: 8.3s | Prob: A train travels at 41 km/h for... | Ans: 56.67
RL Step 6493 | Loss: 0.0001 | Avg Reward: -0.10 | Time: 8.4s | Prob: A train travels at 80 km/h for... | Ans: 81.14
RL Step 6494 | Loss: 0.0001 | Avg Reward: -0.10 | Time: 8.4s | Prob: A train travels at 40 km/h for... | Ans: 56.12
RL Step 6495 | Loss: 0.0000 | Avg Reward: -0.10 | Time: 8.2s | Prob: A train travels at 40 km/h for... | Ans: 54.4
RL Step 6496 | Loss: 0.0078 | Avg Reward: 0.17 | Time: 8.3s | Prob: A train travels at 59 km/h for... | Ans: 73.0
RL Step 6497 | Loss: 0.0001 | Avg Reward: -0.10 | Time: 8.2s | Prob: A train travels at 44 km/h for... | Ans: 59.0
RL Step 6498 | Loss: -0.0039 | Avg Reward: 0.17 | Time: 8.4s | Prob: A train travels at 76 km/h for... | Ans: 72.57
RL Step 6499 | Loss: 0.0000 | Avg Reward: -0.10 | Time: 8.4s | Prob: A train travels at 48 km/h for... | Ans: 53.62
RL Step 6500 | Loss: 0.0000 | Avg Reward: -0.10 | Time: 8.1s | Prob: A train travels at 56 km/h for... | Ans: 68.5
RL Step 6501 | Loss: 0.0001 | Avg Reward: -0.10 | Time: 8.3s | Prob: A train travels at 67 km/h for... | Ans: 69.67
RL Step 6502 | Loss: 0.0000 | Avg Reward: -0.10 | Time: 8.3s | Prob: A train travels at 50 km/h for... | Ans: 72.0
RL Step 6503 | Loss: 0.0002 | Avg Reward: -0.10 | Time: 8.4s | Prob: A train travels at 53 km/h for... | Ans: 73.89
RL Step 6504 | Loss: 0.0000 | Avg Reward: -0.10 | Time: 8.2s | Prob: A train travels at 75 km/h for... | Ans: 79.5
RL Step 6505 | Loss: 0.0000 | Avg Reward: -0.10 | Time: 8.4s | Prob: A train travels at 61 km/h for... | Ans: 67.25
RL Step 6506 | Loss: 0.0001 | Avg Reward: -0.10 | Time: 8.3s | Prob: A train travels at 75 km/h for... | Ans: 83.33
RL Step 6507 | Loss: 0.0002 | Avg Reward: -0.10 | Time: 8.4s | Prob: A train travels at 57 km/h for... | Ans: 59.29
RL Step 6508 | Loss: 0.0000 | Avg Reward: -0.10 | Time: 8.4s | Prob: A train travels at 59 km/h for... | Ans: 64.71
RL Step 6509 | Loss: 0.0001 | Avg Reward: -0.10 | Time: 8.3s | Prob: A train travels at 51 km/h for... | Ans: 59.0
RL Step 6510 | Loss: 0.0001 | Avg Reward: -0.10 | Time: 8.3s | Prob: A train travels at 42 km/h for... | Ans: 77.62
RL Step 6511 | Loss: 0.0001 | Avg Reward: -0.10 | Time: 8.3s | Prob: A train travels at 72 km/h for... | Ans: 86.29
RL Step 6512 | Loss: 0.0000 | Avg Reward: -0.10 | Time: 8.3s | Prob: A train travels at 40 km/h for... | Ans: 56.12
RL Step 6513 | Loss: -0.0000 | Avg Reward: -0.10 | Time: 8.2s | Prob: A train travels at 71 km/h for... | Ans: 80.0
RL Step 6514 | Loss: 0.0000 | Avg Reward: -0.10 | Time: 8.4s | Prob: A train travels at 45 km/h for... | Ans: 68.12
RL Step 6515 | Loss: 0.0001 | Avg Reward: -0.10 | Time: 8.4s | Prob: A train travels at 69 km/h for... | Ans: 73.89
RL Step 6516 | Loss: -0.0000 | Avg Reward: -0.10 | Time: 8.4s | Prob: A train travels at 56 km/h for... | Ans: 70.62
RL Step 6517 | Loss: 0.0003 | Avg Reward: -0.10 | Time: 8.2s | Prob: A train travels at 64 km/h for... | Ans: 81.5
RL Step 6518 | Loss: 0.0000 | Avg Reward: -0.10 | Time: 8.3s | Prob: A train travels at 79 km/h for... | Ans: 80.88
RL Step 6519 | Loss: 0.0001 | Avg Reward: -0.10 | Time: 8.3s | Prob: A train travels at 66 km/h for... | Ans: 84.57
RL Step 6520 | Loss: 0.0001 | Avg Reward: -0.10 | Time: 8.3s | Prob: A train travels at 57 km/h for... | Ans: 70.29
RL Step 6521 | Loss: 0.0001 | Avg Reward: -0.10 | Time: 8.1s | Prob: A train travels at 50 km/h for... | Ans: 66.5
RL Step 6522 | Loss: 0.0002 | Avg Reward: -0.10 | Time: 8.2s | Prob: A train travels at 40 km/h for... | Ans: 67.0
RL Step 6523 | Loss: 0.0000 | Avg Reward: -0.10 | Time: 8.4s | Prob: A train travels at 42 km/h for... | Ans: 48.29
RL Step 6524 | Loss: 0.0001 | Avg Reward: -0.10 | Time: 8.4s | Prob: A train travels at 55 km/h for... | Ans: 67.0
RL Step 6525 | Loss: 0.0000 | Avg Reward: -0.10 | Time: 8.3s | Prob: A train travels at 63 km/h for... | Ans: 64.5
RL Step 6526 | Loss: 0.0001 | Avg Reward: -0.10 | Time: 8.3s | Prob: A train travels at 49 km/h for... | Ans: 54.67
RL Step 6527 | Loss: 0.0000 | Avg Reward: -0.10 | Time: 8.4s | Prob: A train travels at 50 km/h for... | Ans: 55.62
RL Step 6528 | Loss: 0.0001 | Avg Reward: -0.10 | Time: 8.3s | Prob: A train travels at 54 km/h for... | Ans: 61.78
RL Step 6529 | Loss: 0.0000 | Avg Reward: -0.10 | Time: 8.3s | Prob: A train travels at 74 km/h for... | Ans: 76.0
RL Step 6530 | Loss: 0.0001 | Avg Reward: -0.10 | Time: 8.2s | Prob: A train travels at 45 km/h for... | Ans: 55.5
RL Step 6531 | Loss: 0.0001 | Avg Reward: -0.10 | Time: 8.3s | Prob: A train travels at 70 km/h for... | Ans: 80.67
RL Step 6532 | Loss: 0.0001 | Avg Reward: -0.10 | Time: 8.2s | Prob: A train travels at 44 km/h for... | Ans: 62.0
RL Step 6533 | Loss: 0.0001 | Avg Reward: -0.10 | Time: 8.4s | Prob: A train travels at 47 km/h for... | Ans: 59.0
RL Step 6534 | Loss: 0.0001 | Avg Reward: -0.10 | Time: 8.4s | Prob: A train travels at 77 km/h for... | Ans: 77.44
RL Step 6535 | Loss: 0.0000 | Avg Reward: -0.10 | Time: 8.2s | Prob: A train travels at 71 km/h for... | Ans: 68.5
RL Step 6536 | Loss: -0.0000 | Avg Reward: -0.10 | Time: 8.4s | Prob: A train travels at 59 km/h for... | Ans: 80.25
RL Step 6537 | Loss: 0.0001 | Avg Reward: -0.10 | Time: 8.4s | Prob: A train travels at 46 km/h for... | Ans: 57.11
RL Step 6538 | Loss: 0.0002 | Avg Reward: -0.10 | Time: 8.2s | Prob: A train travels at 70 km/h for... | Ans: 70.8
RL Step 6539 | Loss: 0.0003 | Avg Reward: -0.10 | Time: 8.3s | Prob: A train travels at 54 km/h for... | Ans: 72.29
RL Step 6540 | Loss: 0.0001 | Avg Reward: -0.10 | Time: 8.2s | Prob: A train travels at 69 km/h for... | Ans: 75.0
RL Step 6541 | Loss: 0.0001 | Avg Reward: -0.10 | Time: 8.4s | Prob: A train travels at 52 km/h for... | Ans: 82.71
RL Step 6542 | Loss: 0.0002 | Avg Reward: -0.10 | Time: 8.3s | Prob: A train travels at 73 km/h for... | Ans: 77.44
RL Step 6543 | Loss: -0.0000 | Avg Reward: -0.10 | Time: 8.1s | Prob: A train travels at 45 km/h for... | Ans: 54.0
RL Step 6544 | Loss: 0.0001 | Avg Reward: -0.10 | Time: 8.4s | Prob: A train travels at 40 km/h for... | Ans: 64.0
RL Step 6545 | Loss: 0.0000 | Avg Reward: -0.10 | Time: 8.4s | Prob: A train travels at 50 km/h for... | Ans: 76.11
RL Step 6546 | Loss: 0.0001 | Avg Reward: -0.10 | Time: 8.3s | Prob: A train travels at 40 km/h for... | Ans: 64.0
RL Step 6547 | Loss: 0.0001 | Avg Reward: -0.10 | Time: 8.4s | Prob: A train travels at 45 km/h for... | Ans: 59.29
RL Step 6548 | Loss: 0.0001 | Avg Reward: -0.10 | Time: 8.4s | Prob: A train travels at 47 km/h for... | Ans: 61.25
RL Step 6549 | Loss: 0.0001 | Avg Reward: -0.10 | Time: 8.4s | Prob: A train travels at 78 km/h for... | Ans: 73.71
RL Step 6550 | Loss: 0.0001 | Avg Reward: -0.10 | Time: 8.3s | Prob: A train travels at 63 km/h for... | Ans: 63.0
RL Step 6551 | Loss: 0.0000 | Avg Reward: -0.10 | Time: 8.2s | Prob: A train travels at 73 km/h for... | Ans: 68.0
RL Step 6552 | Loss: 0.0001 | Avg Reward: -0.10 | Time: 8.1s | Prob: A train travels at 61 km/h for... | Ans: 65.0
RL Step 6553 | Loss: 0.0002 | Avg Reward: -0.10 | Time: 8.3s | Prob: A train travels at 68 km/h for... | Ans: 70.14
RL Step 6554 | Loss: -0.0000 | Avg Reward: -0.10 | Time: 8.3s | Prob: A train travels at 53 km/h for... | Ans: 73.0
RL Step 6555 | Loss: 0.0001 | Avg Reward: -0.10 | Time: 8.3s | Prob: A train travels at 49 km/h for... | Ans: 62.43
RL Step 6556 | Loss: 0.0001 | Avg Reward: -0.10 | Time: 8.4s | Prob: A train travels at 75 km/h for... | Ans: 74.38
RL Step 6557 | Loss: 0.0000 | Avg Reward: -0.10 | Time: 8.2s | Prob: A train travels at 61 km/h for... | Ans: 83.0
RL Step 6558 | Loss: 0.0003 | Avg Reward: -0.10 | Time: 8.3s | Prob: A train travels at 55 km/h for... | Ans: 81.67
RL Step 6559 | Loss: -0.0176 | Avg Reward: 0.17 | Time: 8.2s | Prob: A train travels at 77 km/h for... | Ans: 76.0
RL Step 6560 | Loss: 0.0000 | Avg Reward: -0.10 | Time: 8.4s | Prob: A train travels at 62 km/h for... | Ans: 62.62
RL Step 6561 | Loss: 0.0001 | Avg Reward: -0.10 | Time: 8.3s | Prob: A train travels at 66 km/h for... | Ans: 64.12
RL Step 6562 | Loss: 0.0000 | Avg Reward: -0.10 | Time: 8.4s | Prob: A train travels at 52 km/h for... | Ans: 54.86
RL Step 6563 | Loss: 0.0001 | Avg Reward: -0.10 | Time: 8.4s | Prob: A train travels at 60 km/h for... | Ans: 64.89
RL Step 6564 | Loss: 0.0001 | Avg Reward: -0.10 | Time: 8.3s | Prob: A train travels at 41 km/h for... | Ans: 67.22
RL Step 6565 | Loss: 0.0001 | Avg Reward: -0.10 | Time: 8.2s | Prob: A train travels at 44 km/h for... | Ans: 58.0
RL Step 6566 | Loss: 0.0000 | Avg Reward: 0.17 | Time: 8.2s | Prob: A train travels at 58 km/h for... | Ans: 63.5
RL Step 6567 | Loss: 0.0001 | Avg Reward: -0.10 | Time: 8.2s | Prob: A train travels at 72 km/h for... | Ans: 78.0
RL Step 6568 | Loss: 0.0000 | Avg Reward: -0.10 | Time: 8.3s | Prob: A train travels at 76 km/h for... | Ans: 69.14
RL Step 6569 | Loss: 0.0001 | Avg Reward: -0.10 | Time: 8.2s | Prob: A train travels at 73 km/h for... | Ans: 86.5
RL Step 6570 | Loss: 0.0001 | Avg Reward: -0.10 | Time: 8.2s | Prob: A train travels at 63 km/h for... | Ans: 73.0
RL Step 6571 | Loss: 0.0001 | Avg Reward: -0.10 | Time: 8.3s | Prob: A train travels at 54 km/h for... | Ans: 71.5
RL Step 6572 | Loss: 0.0000 | Avg Reward: -0.10 | Time: 8.2s | Prob: A train travels at 77 km/h for... | Ans: 75.0
RL Step 6573 | Loss: 0.0001 | Avg Reward: -0.10 | Time: 8.4s | Prob: A train travels at 63 km/h for... | Ans: 70.14
RL Step 6574 | Loss: 0.0001 | Avg Reward: -0.10 | Time: 8.2s | Prob: A train travels at 63 km/h for... | Ans: 67.33
RL Step 6575 | Loss: 0.0098 | Avg Reward: 0.17 | Time: 8.2s | Prob: A train travels at 40 km/h for... | Ans: 68.8
RL Step 6576 | Loss: 0.0001 | Avg Reward: -0.10 | Time: 8.3s | Prob: A train travels at 54 km/h for... | Ans: 59.33
RL Step 6577 | Loss: 0.0002 | Avg Reward: -0.10 | Time: 8.3s | Prob: A train travels at 79 km/h for... | Ans: 70.88
RL Step 6578 | Loss: 0.0078 | Avg Reward: 0.17 | Time: 8.4s | Prob: A train travels at 45 km/h for... | Ans: 55.12
RL Step 6579 | Loss: 0.0001 | Avg Reward: -0.10 | Time: 8.3s | Prob: A train travels at 52 km/h for... | Ans: 57.62
RL Step 6580 | Loss: 0.0002 | Avg Reward: -0.10 | Time: 8.4s | Prob: A train travels at 50 km/h for... | Ans: 61.71
RL Step 6581 | Loss: 0.0000 | Avg Reward: -0.10 | Time: 8.3s | Prob: A train travels at 68 km/h for... | Ans: 74.75
RL Step 6582 | Loss: 0.0000 | Avg Reward: 0.17 | Time: 8.3s | Prob: A train travels at 79 km/h for... | Ans: 73.67
RL Step 6583 | Loss: 0.0000 | Avg Reward: -0.10 | Time: 8.4s | Prob: A train travels at 59 km/h for... | Ans: 72.33
RL Step 6584 | Loss: 0.0000 | Avg Reward: -0.10 | Time: 8.3s | Prob: A train travels at 60 km/h for... | Ans: 69.78
RL Step 6585 | Loss: 0.0000 | Avg Reward: -0.10 | Time: 8.2s | Prob: A train travels at 58 km/h for... | Ans: 64.8
RL Step 6586 | Loss: 0.0001 | Avg Reward: -0.10 | Time: 8.2s | Prob: A train travels at 53 km/h for... | Ans: 63.0
RL Step 6587 | Loss: 0.0002 | Avg Reward: -0.10 | Time: 8.4s | Prob: A train travels at 64 km/h for... | Ans: 73.75
RL Step 6588 | Loss: 0.0000 | Avg Reward: -0.10 | Time: 8.4s | Prob: A train travels at 64 km/h for... | Ans: 70.29
RL Step 6589 | Loss: -0.0000 | Avg Reward: -0.10 | Time: 8.3s | Prob: A train travels at 56 km/h for... | Ans: 80.57
RL Step 6590 | Loss: -0.0312 | Avg Reward: 0.45 | Time: 8.2s | Prob: A train travels at 64 km/h for... | Ans: 71.2
RL Step 6591 | Loss: 0.0001 | Avg Reward: -0.10 | Time: 8.4s | Prob: A train travels at 80 km/h for... | Ans: 84.12
RL Step 6592 | Loss: 0.0001 | Avg Reward: -0.10 | Time: 8.4s | Prob: A train travels at 44 km/h for... | Ans: 68.0
RL Step 6593 | Loss: 0.0002 | Avg Reward: -0.10 | Time: 8.3s | Prob: A train travels at 45 km/h for... | Ans: 68.5
RL Step 6594 | Loss: 0.0000 | Avg Reward: -0.10 | Time: 8.3s | Prob: A train travels at 66 km/h for... | Ans: 65.5
RL Step 6595 | Loss: 0.0001 | Avg Reward: -0.10 | Time: 8.1s | Prob: A train travels at 52 km/h for... | Ans: 69.0
RL Step 6596 | Loss: 0.0000 | Avg Reward: -0.10 | Time: 8.4s | Prob: A train travels at 80 km/h for... | Ans: 88.75
RL Step 6597 | Loss: 0.0002 | Avg Reward: -0.10 | Time: 8.2s | Prob: A train travels at 49 km/h for... | Ans: 68.6
RL Step 6598 | Loss: 0.0000 | Avg Reward: -0.10 | Time: 8.2s | Prob: A train travels at 69 km/h for... | Ans: 68.6
RL Step 6599 | Loss: 0.0000 | Avg Reward: -0.10 | Time: 8.4s | Prob: A train travels at 45 km/h for... | Ans: 74.14
RL Step 6600 | Loss: 0.0098 | Avg Reward: 0.17 | Time: 8.3s | Prob: A train travels at 49 km/h for... | Ans: 57.33
Saving RL Checkpoint at step 6600...
RL Step 6601 | Loss: 0.0039 | Avg Reward: 0.17 | Time: 8.2s | Prob: A train travels at 79 km/h for... | Ans: 83.2
RL Step 6602 | Loss: -0.0020 | Avg Reward: 0.17 | Time: 8.2s | Prob: A train travels at 47 km/h for... | Ans: 65.5
RL Step 6603 | Loss: 0.0002 | Avg Reward: -0.10 | Time: 8.4s | Prob: A train travels at 48 km/h for... | Ans: 77.38
RL Step 6604 | Loss: 0.0002 | Avg Reward: -0.10 | Time: 8.2s | Prob: A train travels at 68 km/h for... | Ans: 80.0
RL Step 6605 | Loss: 0.0117 | Avg Reward: 0.17 | Time: 8.2s | Prob: A train travels at 72 km/h for... | Ans: 75.5
RL Step 6606 | Loss: 0.0001 | Avg Reward: -0.10 | Time: 8.2s | Prob: A train travels at 54 km/h for... | Ans: 65.0
RL Step 6607 | Loss: 0.0003 | Avg Reward: -0.10 | Time: 8.3s | Prob: A train travels at 68 km/h for... | Ans: 69.88
RL Step 6608 | Loss: 0.0001 | Avg Reward: -0.10 | Time: 8.3s | Prob: A train travels at 77 km/h for... | Ans: 77.56
RL Step 6609 | Loss: 0.0000 | Avg Reward: -0.10 | Time: 8.4s | Prob: A train travels at 69 km/h for... | Ans: 69.0
RL Step 6610 | Loss: 0.0002 | Avg Reward: -0.10 | Time: 8.2s | Prob: A train travels at 50 km/h for... | Ans: 60.8
RL Step 6611 | Loss: 0.0000 | Avg Reward: -0.10 | Time: 8.2s | Prob: A train travels at 51 km/h for... | Ans: 70.0
RL Step 6612 | Loss: 0.0001 | Avg Reward: -0.10 | Time: 8.3s | Prob: A train travels at 40 km/h for... | Ans: 59.0
RL Step 6613 | Loss: 0.0002 | Avg Reward: -0.10 | Time: 8.2s | Prob: A train travels at 45 km/h for... | Ans: 70.2
RL Step 6614 | Loss: -0.0020 | Avg Reward: 0.17 | Time: 8.2s | Prob: A train travels at 73 km/h for... | Ans: 83.0
RL Step 6615 | Loss: -0.0176 | Avg Reward: 0.17 | Time: 8.4s | Prob: A train travels at 74 km/h for... | Ans: 80.57
RL Step 6616 | Loss: 0.0001 | Avg Reward: -0.10 | Time: 8.2s | Prob: A train travels at 62 km/h for... | Ans: 68.0
RL Step 6617 | Loss: 0.0001 | Avg Reward: -0.10 | Time: 8.2s | Prob: A train travels at 79 km/h for... | Ans: 70.6
RL Step 6618 | Loss: 0.0001 | Avg Reward: -0.10 | Time: 8.2s | Prob: A train travels at 65 km/h for... | Ans: 79.0
RL Step 6619 | Loss: -0.0000 | Avg Reward: -0.10 | Time: 8.2s | Prob: A train travels at 67 km/h for... | Ans: 72.5
RL Step 6620 | Loss: 0.0001 | Avg Reward: -0.10 | Time: 8.2s | Prob: A train travels at 61 km/h for... | Ans: 72.0
RL Step 6621 | Loss: 0.0000 | Avg Reward: -0.10 | Time: 8.3s | Prob: A train travels at 72 km/h for... | Ans: 73.43
RL Step 6622 | Loss: 0.0001 | Avg Reward: -0.10 | Time: 8.3s | Prob: A train travels at 46 km/h for... | Ans: 52.29
RL Step 6623 | Loss: 0.0000 | Avg Reward: -0.10 | Time: 8.3s | Prob: A train travels at 73 km/h for... | Ans: 85.0
RL Step 6624 | Loss: 0.0001 | Avg Reward: -0.10 | Time: 8.2s | Prob: A train travels at 75 km/h for... | Ans: 73.0
RL Step 6625 | Loss: 0.0002 | Avg Reward: -0.10 | Time: 8.2s | Prob: A train travels at 53 km/h for... | Ans: 69.0
RL Step 6626 | Loss: 0.0001 | Avg Reward: -0.10 | Time: 8.4s | Prob: A train travels at 46 km/h for... | Ans: 58.0
RL Step 6627 | Loss: 0.0001 | Avg Reward: -0.10 | Time: 8.4s | Prob: A train travels at 78 km/h for... | Ans: 82.0
RL Step 6628 | Loss: 0.0001 | Avg Reward: -0.10 | Time: 8.2s | Prob: A train travels at 56 km/h for... | Ans: 64.12
RL Step 6629 | Loss: 0.0000 | Avg Reward: -0.10 | Time: 8.3s | Prob: A train travels at 49 km/h for... | Ans: 81.14
RL Step 6630 | Loss: 0.0078 | Avg Reward: 0.17 | Time: 8.3s | Prob: A train travels at 77 km/h for... | Ans: 72.33
RL Step 6631 | Loss: 0.0001 | Avg Reward: -0.10 | Time: 8.3s | Prob: A train travels at 80 km/h for... | Ans: 82.29
RL Step 6632 | Loss: 0.0020 | Avg Reward: 0.17 | Time: 8.2s | Prob: A train travels at 61 km/h for... | Ans: 63.4
RL Step 6633 | Loss: 0.0001 | Avg Reward: -0.10 | Time: 8.3s | Prob: A train travels at 68 km/h for... | Ans: 65.86
RL Step 6634 | Loss: 0.0001 | Avg Reward: -0.10 | Time: 8.4s | Prob: A train travels at 56 km/h for... | Ans: 74.57
RL Step 6635 | Loss: 0.0001 | Avg Reward: -0.10 | Time: 8.3s | Prob: A train travels at 80 km/h for... | Ans: 76.14
RL Step 6636 | Loss: -0.0000 | Avg Reward: -0.10 | Time: 8.2s | Prob: A train travels at 46 km/h for... | Ans: 67.5
RL Step 6637 | Loss: 0.0000 | Avg Reward: -0.10 | Time: 8.3s | Prob: A train travels at 57 km/h for... | Ans: 63.22
RL Step 6638 | Loss: 0.0001 | Avg Reward: -0.10 | Time: 8.2s | Prob: A train travels at 77 km/h for... | Ans: 82.2
RL Step 6639 | Loss: 0.0001 | Avg Reward: -0.10 | Time: 8.3s | Prob: A train travels at 66 km/h for... | Ans: 71.0
RL Step 6640 | Loss: 0.0001 | Avg Reward: -0.10 | Time: 8.2s | Prob: A train travels at 67 km/h for... | Ans: 68.71
RL Step 6641 | Loss: 0.0039 | Avg Reward: 0.17 | Time: 8.2s | Prob: A train travels at 70 km/h for... | Ans: 66.8
RL Step 6642 | Loss: 0.0001 | Avg Reward: -0.10 | Time: 8.4s | Prob: A train travels at 64 km/h for... | Ans: 70.67
RL Step 6643 | Loss: 0.0001 | Avg Reward: -0.10 | Time: 8.2s | Prob: A train travels at 79 km/h for... | Ans: 73.6
RL Step 6644 | Loss: 0.0002 | Avg Reward: -0.10 | Time: 8.3s | Prob: A train travels at 64 km/h for... | Ans: 70.43
RL Step 6645 | Loss: 0.0002 | Avg Reward: -0.10 | Time: 8.3s | Prob: A train travels at 46 km/h for... | Ans: 62.25
RL Step 6646 | Loss: 0.0001 | Avg Reward: -0.10 | Time: 8.2s | Prob: A train travels at 42 km/h for... | Ans: 66.0
RL Step 6647 | Loss: 0.0002 | Avg Reward: -0.10 | Time: 8.4s | Prob: A train travels at 40 km/h for... | Ans: 70.86
RL Step 6648 | Loss: 0.0001 | Avg Reward: -0.10 | Time: 8.2s | Prob: A train travels at 69 km/h for... | Ans: 72.2
RL Step 6649 | Loss: 0.0117 | Avg Reward: 0.45 | Time: 8.1s | Prob: A train travels at 56 km/h for... | Ans: 59.6
RL Step 6650 | Loss: -0.0000 | Avg Reward: -0.10 | Time: 8.4s | Prob: A train travels at 78 km/h for... | Ans: 72.38
RL Step 6651 | Loss: 0.0001 | Avg Reward: -0.10 | Time: 8.4s | Prob: A train travels at 74 km/h for... | Ans: 71.71
RL Step 6652 | Loss: 0.0001 | Avg Reward: -0.10 | Time: 8.4s | Prob: A train travels at 52 km/h for... | Ans: 68.43
RL Step 6653 | Loss: 0.0001 | Avg Reward: -0.10 | Time: 8.3s | Prob: A train travels at 49 km/h for... | Ans: 68.43
RL Step 6654 | Loss: 0.0001 | Avg Reward: -0.10 | Time: 8.2s | Prob: A train travels at 71 km/h for... | Ans: 66.6
RL Step 6655 | Loss: 0.0001 | Avg Reward: -0.10 | Time: 8.3s | Prob: A train travels at 63 km/h for... | Ans: 79.67
RL Step 6656 | Loss: 0.0002 | Avg Reward: -0.10 | Time: 8.4s | Prob: A train travels at 53 km/h for... | Ans: 79.11
RL Step 6657 | Loss: -0.0059 | Avg Reward: 0.17 | Time: 8.3s | Prob: A train travels at 68 km/h for... | Ans: 67.14
RL Step 6658 | Loss: 0.0001 | Avg Reward: -0.10 | Time: 8.4s | Prob: A train travels at 51 km/h for... | Ans: 56.78
RL Step 6659 | Loss: 0.0000 | Avg Reward: -0.10 | Time: 8.4s | Prob: A train travels at 75 km/h for... | Ans: 68.89
RL Step 6660 | Loss: 0.0000 | Avg Reward: -0.10 | Time: 8.2s | Prob: A train travels at 42 km/h for... | Ans: 72.0
RL Step 6661 | Loss: 0.0000 | Avg Reward: -0.10 | Time: 8.3s | Prob: A train travels at 57 km/h for... | Ans: 61.0
RL Step 6662 | Loss: 0.0001 | Avg Reward: -0.10 | Time: 8.3s | Prob: A train travels at 58 km/h for... | Ans: 72.62
RL Step 6663 | Loss: 0.0002 | Avg Reward: -0.10 | Time: 8.3s | Prob: A train travels at 62 km/h for... | Ans: 83.71
RL Step 6664 | Loss: 0.0005 | Avg Reward: -0.10 | Time: 8.5s | Prob: A train travels at 80 km/h for... | Ans: 73.12
RL Step 6665 | Loss: 0.0000 | Avg Reward: -0.10 | Time: 8.2s | Prob: A train travels at 72 km/h for... | Ans: 76.8
RL Step 6666 | Loss: 0.0078 | Avg Reward: 0.17 | Time: 8.2s | Prob: A train travels at 59 km/h for... | Ans: 68.5
RL Step 6667 | Loss: 0.0078 | Avg Reward: 0.17 | Time: 8.2s | Prob: A train travels at 46 km/h for... | Ans: 68.5
RL Step 6668 | Loss: 0.0001 | Avg Reward: -0.10 | Time: 8.4s | Prob: A train travels at 42 km/h for... | Ans: 60.29
RL Step 6669 | Loss: 0.0137 | Avg Reward: 0.17 | Time: 8.2s | Prob: A train travels at 65 km/h for... | Ans: 66.6
RL Step 6670 | Loss: 0.0001 | Avg Reward: -0.10 | Time: 8.2s | Prob: A train travels at 41 km/h for... | Ans: 55.0
RL Step 6671 | Loss: 0.0001 | Avg Reward: -0.10 | Time: 8.3s | Prob: A train travels at 49 km/h for... | Ans: 71.67
RL Step 6672 | Loss: 0.0001 | Avg Reward: -0.10 | Time: 8.4s | Prob: A train travels at 80 km/h for... | Ans: 75.0
RL Step 6673 | Loss: 0.0001 | Avg Reward: -0.10 | Time: 8.2s | Prob: A train travels at 79 km/h for... | Ans: 69.5
RL Step 6674 | Loss: 0.0000 | Avg Reward: -0.10 | Time: 8.2s | Prob: A train travels at 48 km/h for... | Ans: 63.0
RL Step 6675 | Loss: 0.0000 | Avg Reward: -0.10 | Time: 8.4s | Prob: A train travels at 47 km/h for... | Ans: 65.86
RL Step 6676 | Loss: 0.0001 | Avg Reward: -0.10 | Time: 8.3s | Prob: A train travels at 55 km/h for... | Ans: 58.38
RL Step 6677 | Loss: 0.0001 | Avg Reward: -0.10 | Time: 8.3s | Prob: A train travels at 68 km/h for... | Ans: 71.33
RL Step 6678 | Loss: 0.0001 | Avg Reward: -0.10 | Time: 8.2s | Prob: A train travels at 48 km/h for... | Ans: 63.0
RL Step 6679 | Loss: 0.0002 | Avg Reward: -0.10 | Time: 8.3s | Prob: A train travels at 44 km/h for... | Ans: 80.0
RL Step 6680 | Loss: 0.0000 | Avg Reward: -0.10 | Time: 8.2s | Prob: A train travels at 64 km/h for... | Ans: 71.0
RL Step 6681 | Loss: 0.0001 | Avg Reward: -0.10 | Time: 8.2s | Prob: A train travels at 64 km/h for... | Ans: 77.0
RL Step 6682 | Loss: 0.0001 | Avg Reward: -0.10 | Time: 8.4s | Prob: A train travels at 69 km/h for... | Ans: 85.67
RL Step 6683 | Loss: 0.0001 | Avg Reward: -0.10 | Time: 8.1s | Prob: A train travels at 64 km/h for... | Ans: 73.6
RL Step 6684 | Loss: 0.0001 | Avg Reward: -0.10 | Time: 8.3s | Prob: A train travels at 43 km/h for... | Ans: 55.57
RL Step 6685 | Loss: 0.0001 | Avg Reward: -0.10 | Time: 8.4s | Prob: A train travels at 42 km/h for... | Ans: 70.57
RL Step 6686 | Loss: 0.0000 | Avg Reward: -0.10 | Time: 8.4s | Prob: A train travels at 79 km/h for... | Ans: 76.38
RL Step 6687 | Loss: 0.0001 | Avg Reward: -0.10 | Time: 8.4s | Prob: A train travels at 43 km/h for... | Ans: 76.12
RL Step 6688 | Loss: 0.0001 | Avg Reward: -0.10 | Time: 8.4s | Prob: A train travels at 45 km/h for... | Ans: 51.57
RL Step 6689 | Loss: 0.0039 | Avg Reward: 0.17 | Time: 8.2s | Prob: A train travels at 45 km/h for... | Ans: 56.0
RL Step 6690 | Loss: 0.0001 | Avg Reward: -0.10 | Time: 8.4s | Prob: A train travels at 58 km/h for... | Ans: 67.43
RL Step 6691 | Loss: 0.0002 | Avg Reward: -0.10 | Time: 8.3s | Prob: A train travels at 65 km/h for... | Ans: 81.0
RL Step 6692 | Loss: 0.0117 | Avg Reward: 0.17 | Time: 8.2s | Prob: A train travels at 54 km/h for... | Ans: 57.0
RL Step 6693 | Loss: 0.0001 | Avg Reward: -0.10 | Time: 8.3s | Prob: A train travels at 79 km/h for... | Ans: 81.78
RL Step 6694 | Loss: 0.0001 | Avg Reward: -0.10 | Time: 8.3s | Prob: A train travels at 55 km/h for... | Ans: 69.57
RL Step 6695 | Loss: 0.0000 | Avg Reward: -0.10 | Time: 8.2s | Prob: A train travels at 55 km/h for... | Ans: 69.0
RL Step 6696 | Loss: 0.0000 | Avg Reward: -0.10 | Time: 8.3s | Prob: A train travels at 42 km/h for... | Ans: 55.12
RL Step 6697 | Loss: 0.0000 | Avg Reward: -0.10 | Time: 8.2s | Prob: A train travels at 52 km/h for... | Ans: 70.5
RL Step 6698 | Loss: 0.0001 | Avg Reward: -0.10 | Time: 8.3s | Prob: A train travels at 73 km/h for... | Ans: 84.5
RL Step 6699 | Loss: 0.0001 | Avg Reward: -0.10 | Time: 8.3s | Prob: A train travels at 66 km/h for... | Ans: 64.71
RL Step 6700 | Loss: 0.0001 | Avg Reward: -0.10 | Time: 8.3s | Prob: A train travels at 61 km/h for... | Ans: 64.57
RL Step 6701 | Loss: 0.0000 | Avg Reward: -0.10 | Time: 8.4s | Prob: A train travels at 79 km/h for... | Ans: 77.12
RL Step 6702 | Loss: 0.0000 | Avg Reward: -0.10 | Time: 8.3s | Prob: A train travels at 43 km/h for... | Ans: 56.33
RL Step 6703 | Loss: 0.0003 | Avg Reward: -0.10 | Time: 8.2s | Prob: A train travels at 43 km/h for... | Ans: 63.8
RL Step 6704 | Loss: -0.0000 | Avg Reward: -0.10 | Time: 8.2s | Prob: A train travels at 71 km/h for... | Ans: 81.0
RL Step 6705 | Loss: -0.0000 | Avg Reward: -0.10 | Time: 8.2s | Prob: A train travels at 74 km/h for... | Ans: 86.0
RL Step 6706 | Loss: 0.0002 | Avg Reward: -0.10 | Time: 8.2s | Prob: A train travels at 45 km/h for... | Ans: 74.4
RL Step 6707 | Loss: 0.0176 | Avg Reward: 0.17 | Time: 8.2s | Prob: A train travels at 44 km/h for... | Ans: 70.0
RL Step 6708 | Loss: 0.0001 | Avg Reward: -0.10 | Time: 8.2s | Prob: A train travels at 50 km/h for... | Ans: 69.2
RL Step 6709 | Loss: 0.0000 | Avg Reward: -0.10 | Time: 8.2s | Prob: A train travels at 74 km/h for... | Ans: 77.0
RL Step 6710 | Loss: 0.0001 | Avg Reward: -0.10 | Time: 8.4s | Prob: A train travels at 55 km/h for... | Ans: 66.88
RL Step 6711 | Loss: 0.0002 | Avg Reward: -0.10 | Time: 8.4s | Prob: A train travels at 59 km/h for... | Ans: 88.29
RL Step 6712 | Loss: -0.0020 | Avg Reward: 0.17 | Time: 8.4s | Prob: A train travels at 71 km/h for... | Ans: 66.43
RL Step 6713 | Loss: 0.0001 | Avg Reward: -0.10 | Time: 8.3s | Prob: A train travels at 79 km/h for... | Ans: 73.43
RL Step 6714 | Loss: 0.0001 | Avg Reward: -0.10 | Time: 8.3s | Prob: A train travels at 80 km/h for... | Ans: 77.71
RL Step 6715 | Loss: 0.0137 | Avg Reward: 0.17 | Time: 8.2s | Prob: A train travels at 76 km/h for... | Ans: 75.5
RL Step 6716 | Loss: 0.0002 | Avg Reward: -0.10 | Time: 8.2s | Prob: A train travels at 45 km/h for... | Ans: 66.5
RL Step 6717 | Loss: 0.0001 | Avg Reward: -0.10 | Time: 8.3s | Prob: A train travels at 61 km/h for... | Ans: 74.89
RL Step 6718 | Loss: 0.0001 | Avg Reward: -0.10 | Time: 8.3s | Prob: A train travels at 53 km/h for... | Ans: 71.43
RL Step 6719 | Loss: 0.0000 | Avg Reward: -0.10 | Time: 8.2s | Prob: A train travels at 52 km/h for... | Ans: 62.5
RL Step 6720 | Loss: 0.0001 | Avg Reward: -0.10 | Time: 8.2s | Prob: A train travels at 68 km/h for... | Ans: 72.4
RL Step 6721 | Loss: 0.0001 | Avg Reward: -0.10 | Time: 8.3s | Prob: A train travels at 65 km/h for... | Ans: 67.0
RL Step 6722 | Loss: 0.0000 | Avg Reward: -0.10 | Time: 8.2s | Prob: A train travels at 62 km/h for... | Ans: 69.6
RL Step 6723 | Loss: 0.0001 | Avg Reward: -0.10 | Time: 8.4s | Prob: A train travels at 63 km/h for... | Ans: 71.0
RL Step 6724 | Loss: 0.0001 | Avg Reward: -0.10 | Time: 8.4s | Prob: A train travels at 48 km/h for... | Ans: 52.86
RL Step 6725 | Loss: 0.0001 | Avg Reward: -0.10 | Time: 8.3s | Prob: A train travels at 45 km/h for... | Ans: 56.88
RL Step 6726 | Loss: 0.0001 | Avg Reward: -0.10 | Time: 8.2s | Prob: A train travels at 62 km/h for... | Ans: 74.0
RL Step 6727 | Loss: 0.0001 | Avg Reward: -0.10 | Time: 8.3s | Prob: A train travels at 64 km/h for... | Ans: 65.0
RL Step 6728 | Loss: 0.0002 | Avg Reward: -0.10 | Time: 8.3s | Prob: A train travels at 44 km/h for... | Ans: 59.0
RL Step 6729 | Loss: 0.0001 | Avg Reward: -0.10 | Time: 8.2s | Prob: A train travels at 66 km/h for... | Ans: 81.5
RL Step 6730 | Loss: 0.0001 | Avg Reward: -0.10 | Time: 8.3s | Prob: A train travels at 51 km/h for... | Ans: 61.56
RL Step 6731 | Loss: 0.0000 | Avg Reward: -0.10 | Time: 8.2s | Prob: A train travels at 79 km/h for... | Ans: 86.0
RL Step 6732 | Loss: 0.0001 | Avg Reward: -0.10 | Time: 8.2s | Prob: A train travels at 74 km/h for... | Ans: 75.2
RL Step 6733 | Loss: -0.0000 | Avg Reward: -0.10 | Time: 8.4s | Prob: A train travels at 52 km/h for... | Ans: 59.5
RL Step 6734 | Loss: 0.0001 | Avg Reward: -0.10 | Time: 8.3s | Prob: A train travels at 64 km/h for... | Ans: 63.29
RL Step 6735 | Loss: 0.0001 | Avg Reward: -0.10 | Time: 8.4s | Prob: A train travels at 51 km/h for... | Ans: 70.11
RL Step 6736 | Loss: 0.0001 | Avg Reward: -0.10 | Time: 8.3s | Prob: A train travels at 54 km/h for... | Ans: 64.67
RL Step 6737 | Loss: 0.0001 | Avg Reward: -0.10 | Time: 8.4s | Prob: A train travels at 48 km/h for... | Ans: 69.25
RL Step 6738 | Loss: 0.0000 | Avg Reward: -0.10 | Time: 8.1s | Prob: A train travels at 75 km/h for... | Ans: 76.8
RL Step 6739 | Loss: 0.0001 | Avg Reward: -0.10 | Time: 8.2s | Prob: A train travels at 77 km/h for... | Ans: 82.2
RL Step 6740 | Loss: 0.0001 | Avg Reward: -0.10 | Time: 8.3s | Prob: A train travels at 66 km/h for... | Ans: 74.29
RL Step 6741 | Loss: 0.0000 | Avg Reward: -0.10 | Time: 8.2s | Prob: A train travels at 80 km/h for... | Ans: 88.0
RL Step 6742 | Loss: 0.0001 | Avg Reward: -0.10 | Time: 8.3s | Prob: A train travels at 62 km/h for... | Ans: 70.57
RL Step 6743 | Loss: 0.0003 | Avg Reward: -0.10 | Time: 8.4s | Prob: A train travels at 44 km/h for... | Ans: 72.33
RL Step 6744 | Loss: 0.0001 | Avg Reward: -0.10 | Time: 8.3s | Prob: A train travels at 40 km/h for... | Ans: 68.57
RL Step 6745 | Loss: 0.0000 | Avg Reward: -0.10 | Time: 8.2s | Prob: A train travels at 56 km/h for... | Ans: 58.4
RL Step 6746 | Loss: 0.0000 | Avg Reward: -0.10 | Time: 8.4s | Prob: A train travels at 62 km/h for... | Ans: 65.71
RL Step 6747 | Loss: -0.0039 | Avg Reward: 0.17 | Time: 8.4s | Prob: A train travels at 67 km/h for... | Ans: 64.78
RL Step 6748 | Loss: -0.0000 | Avg Reward: -0.10 | Time: 8.3s | Prob: A train travels at 49 km/h for... | Ans: 79.0
RL Step 6749 | Loss: 0.0000 | Avg Reward: -0.10 | Time: 8.2s | Prob: A train travels at 53 km/h for... | Ans: 60.67
RL Step 6750 | Loss: 0.0001 | Avg Reward: -0.10 | Time: 8.4s | Prob: A train travels at 80 km/h for... | Ans: 79.44
RL Step 6751 | Loss: 0.0000 | Avg Reward: -0.10 | Time: 8.3s | Prob: A train travels at 59 km/h for... | Ans: 79.67
RL Step 6752 | Loss: 0.0000 | Avg Reward: -0.10 | Time: 8.3s | Prob: A train travels at 47 km/h for... | Ans: 70.12
RL Step 6753 | Loss: 0.0000 | Avg Reward: -0.10 | Time: 8.2s | Prob: A train travels at 44 km/h for... | Ans: 61.6
RL Step 6754 | Loss: 0.0001 | Avg Reward: -0.10 | Time: 8.3s | Prob: A train travels at 65 km/h for... | Ans: 68.0
RL Step 6755 | Loss: 0.0001 | Avg Reward: -0.10 | Time: 8.3s | Prob: A train travels at 58 km/h for... | Ans: 69.88
RL Step 6756 | Loss: 0.0002 | Avg Reward: -0.10 | Time: 8.3s | Prob: A train travels at 53 km/h for... | Ans: 71.29
RL Step 6757 | Loss: 0.0001 | Avg Reward: -0.10 | Time: 8.4s | Prob: A train travels at 64 km/h for... | Ans: 76.57
RL Step 6758 | Loss: 0.0000 | Avg Reward: -0.10 | Time: 8.3s | Prob: A train travels at 64 km/h for... | Ans: 70.0
RL Step 6759 | Loss: 0.0001 | Avg Reward: -0.10 | Time: 8.2s | Prob: A train travels at 73 km/h for... | Ans: 76.0
RL Step 6760 | Loss: 0.0001 | Avg Reward: -0.10 | Time: 8.3s | Prob: A train travels at 56 km/h for... | Ans: 63.29
RL Step 6761 | Loss: 0.0000 | Avg Reward: -0.10 | Time: 8.4s | Prob: A train travels at 40 km/h for... | Ans: 77.14
RL Step 6762 | Loss: 0.0001 | Avg Reward: -0.10 | Time: 8.4s | Prob: A train travels at 80 km/h for... | Ans: 83.38
RL Step 6763 | Loss: -0.0059 | Avg Reward: 0.17 | Time: 8.2s | Prob: A train travels at 43 km/h for... | Ans: 69.5
RL Step 6764 | Loss: 0.0098 | Avg Reward: 0.17 | Time: 8.3s | Prob: A train travels at 59 km/h for... | Ans: 72.71
RL Step 6765 | Loss: -0.0078 | Avg Reward: 0.17 | Time: 8.4s | Prob: A train travels at 70 km/h for... | Ans: 85.71
RL Step 6766 | Loss: -0.0001 | Avg Reward: -0.10 | Time: 8.3s | Prob: A train travels at 52 km/h for... | Ans: 63.0
RL Step 6767 | Loss: 0.0000 | Avg Reward: -0.10 | Time: 8.3s | Prob: A train travels at 41 km/h for... | Ans: 49.86
RL Step 6768 | Loss: 0.0000 | Avg Reward: -0.10 | Time: 8.3s | Prob: A train travels at 67 km/h for... | Ans: 64.38
RL Step 6769 | Loss: -0.0059 | Avg Reward: 0.17 | Time: 8.2s | Prob: A train travels at 73 km/h for... | Ans: 81.0
RL Step 6770 | Loss: 0.0001 | Avg Reward: -0.10 | Time: 8.1s | Prob: A train travels at 52 km/h for... | Ans: 75.5
RL Step 6771 | Loss: 0.0002 | Avg Reward: -0.10 | Time: 8.4s | Prob: A train travels at 49 km/h for... | Ans: 61.78
RL Step 6772 | Loss: 0.0001 | Avg Reward: -0.10 | Time: 8.3s | Prob: A train travels at 48 km/h for... | Ans: 71.12
RL Step 6773 | Loss: 0.0001 | Avg Reward: -0.10 | Time: 8.3s | Prob: A train travels at 61 km/h for... | Ans: 60.57
RL Step 6774 | Loss: 0.0000 | Avg Reward: -0.10 | Time: 8.4s | Prob: A train travels at 65 km/h for... | Ans: 66.12
RL Step 6775 | Loss: 0.0000 | Avg Reward: -0.10 | Time: 8.4s | Prob: A train travels at 42 km/h for... | Ans: 70.57
RL Step 6776 | Loss: 0.0002 | Avg Reward: -0.10 | Time: 8.4s | Prob: A train travels at 76 km/h for... | Ans: 81.71
RL Step 6777 | Loss: 0.0000 | Avg Reward: -0.10 | Time: 8.3s | Prob: A train travels at 52 km/h for... | Ans: 71.0
RL Step 6778 | Loss: 0.0001 | Avg Reward: -0.10 | Time: 8.4s | Prob: A train travels at 76 km/h for... | Ans: 74.86
RL Step 6779 | Loss: 0.0002 | Avg Reward: -0.10 | Time: 8.2s | Prob: A train travels at 48 km/h for... | Ans: 78.0
RL Step 6780 | Loss: 0.0000 | Avg Reward: -0.10 | Time: 8.2s | Prob: A train travels at 42 km/h for... | Ans: 49.6
RL Step 6781 | Loss: -0.0000 | Avg Reward: -0.10 | Time: 8.3s | Prob: A train travels at 79 km/h for... | Ans: 80.14
RL Step 6782 | Loss: 0.0001 | Avg Reward: -0.10 | Time: 8.3s | Prob: A train travels at 61 km/h for... | Ans: 68.14
RL Step 6783 | Loss: 0.0001 | Avg Reward: -0.10 | Time: 8.4s | Prob: A train travels at 78 km/h for... | Ans: 74.0
RL Step 6784 | Loss: 0.0156 | Avg Reward: 0.17 | Time: 8.2s | Prob: A train travels at 55 km/h for... | Ans: 60.0
RL Step 6785 | Loss: -0.0000 | Avg Reward: -0.10 | Time: 8.2s | Prob: A train travels at 78 km/h for... | Ans: 86.4
RL Step 6786 | Loss: 0.0000 | Avg Reward: -0.10 | Time: 8.3s | Prob: A train travels at 41 km/h for... | Ans: 59.12
RL Step 6787 | Loss: 0.0001 | Avg Reward: -0.10 | Time: 8.2s | Prob: A train travels at 46 km/h for... | Ans: 59.33
RL Step 6788 | Loss: 0.0002 | Avg Reward: -0.10 | Time: 8.4s | Prob: A train travels at 50 km/h for... | Ans: 75.0
RL Step 6789 | Loss: 0.0000 | Avg Reward: -0.10 | Time: 8.2s | Prob: A train travels at 67 km/h for... | Ans: 82.5
RL Step 6790 | Loss: 0.0001 | Avg Reward: -0.10 | Time: 8.3s | Prob: A train travels at 66 km/h for... | Ans: 67.78
RL Step 6791 | Loss: 0.0001 | Avg Reward: -0.10 | Time: 8.2s | Prob: A train travels at 63 km/h for... | Ans: 69.8
RL Step 6792 | Loss: -0.0020 | Avg Reward: 0.17 | Time: 8.3s | Prob: A train travels at 59 km/h for... | Ans: 76.33
RL Step 6793 | Loss: 0.0002 | Avg Reward: -0.10 | Time: 8.3s | Prob: A train travels at 53 km/h for... | Ans: 67.67
RL Step 6794 | Loss: -0.0000 | Avg Reward: -0.10 | Time: 8.2s | Prob: A train travels at 57 km/h for... | Ans: 68.0
RL Step 6795 | Loss: 0.0001 | Avg Reward: -0.10 | Time: 8.2s | Prob: A train travels at 50 km/h for... | Ans: 57.0
RL Step 6796 | Loss: 0.0001 | Avg Reward: -0.10 | Time: 8.3s | Prob: A train travels at 64 km/h for... | Ans: 62.57
RL Step 6797 | Loss: 0.0001 | Avg Reward: -0.10 | Time: 8.3s | Prob: A train travels at 52 km/h for... | Ans: 81.33
RL Step 6798 | Loss: 0.0001 | Avg Reward: -0.10 | Time: 8.2s | Prob: A train travels at 75 km/h for... | Ans: 71.0
RL Step 6799 | Loss: 0.0001 | Avg Reward: -0.10 | Time: 8.2s | Prob: A train travels at 47 km/h for... | Ans: 63.5
RL Step 6800 | Loss: -0.0078 | Avg Reward: 0.17 | Time: 8.2s | Prob: A train travels at 41 km/h for... | Ans: 59.6
Saving RL Checkpoint at step 6800...
RL Step 6801 | Loss: 0.0001 | Avg Reward: -0.10 | Time: 8.3s | Prob: A train travels at 72 km/h for... | Ans: 76.29
RL Step 6802 | Loss: 0.0001 | Avg Reward: -0.10 | Time: 8.4s | Prob: A train travels at 42 km/h for... | Ans: 63.43
RL Step 6803 | Loss: 0.0001 | Avg Reward: -0.10 | Time: 8.4s | Prob: A train travels at 54 km/h for... | Ans: 70.67
RL Step 6804 | Loss: 0.0001 | Avg Reward: -0.10 | Time: 8.3s | Prob: A train travels at 51 km/h for... | Ans: 74.33
RL Step 6805 | Loss: 0.0001 | Avg Reward: -0.10 | Time: 8.3s | Prob: A train travels at 43 km/h for... | Ans: 64.11
RL Step 6806 | Loss: -0.0000 | Avg Reward: -0.10 | Time: 8.4s | Prob: A train travels at 40 km/h for... | Ans: 46.86
RL Step 6807 | Loss: 0.0001 | Avg Reward: -0.10 | Time: 8.3s | Prob: A train travels at 64 km/h for... | Ans: 64.56
RL Step 6808 | Loss: 0.0000 | Avg Reward: -0.10 | Time: 8.3s | Prob: A train travels at 55 km/h for... | Ans: 66.25
RL Step 6809 | Loss: 0.0001 | Avg Reward: -0.10 | Time: 8.4s | Prob: A train travels at 41 km/h for... | Ans: 64.14
RL Step 6810 | Loss: 0.0001 | Avg Reward: -0.10 | Time: 8.2s | Prob: A train travels at 53 km/h for... | Ans: 65.0
RL Step 6811 | Loss: 0.0001 | Avg Reward: -0.10 | Time: 8.3s | Prob: A train travels at 44 km/h for... | Ans: 51.43
RL Step 6812 | Loss: 0.0000 | Avg Reward: -0.10 | Time: 8.4s | Prob: A train travels at 79 km/h for... | Ans: 74.12
RL Step 6813 | Loss: 0.0000 | Avg Reward: -0.10 | Time: 8.3s | Prob: A train travels at 78 km/h for... | Ans: 70.5
RL Step 6814 | Loss: 0.0001 | Avg Reward: -0.10 | Time: 8.4s | Prob: A train travels at 59 km/h for... | Ans: 71.0
RL Step 6815 | Loss: 0.0001 | Avg Reward: -0.10 | Time: 8.4s | Prob: A train travels at 41 km/h for... | Ans: 81.0
RL Step 6816 | Loss: 0.0000 | Avg Reward: -0.10 | Time: 8.2s | Prob: A train travels at 73 km/h for... | Ans: 75.0
RL Step 6817 | Loss: 0.0001 | Avg Reward: -0.10 | Time: 8.4s | Prob: A train travels at 45 km/h for... | Ans: 58.75
RL Step 6818 | Loss: 0.0001 | Avg Reward: -0.10 | Time: 8.3s | Prob: A train travels at 59 km/h for... | Ans: 72.5
RL Step 6819 | Loss: 0.0001 | Avg Reward: -0.10 | Time: 8.3s | Prob: A train travels at 47 km/h for... | Ans: 53.33
RL Step 6820 | Loss: 0.0001 | Avg Reward: -0.10 | Time: 8.3s | Prob: A train travels at 55 km/h for... | Ans: 62.43
RL Step 6821 | Loss: 0.0000 | Avg Reward: -0.10 | Time: 8.4s | Prob: A train travels at 55 km/h for... | Ans: 65.29
RL Step 6822 | Loss: 0.0001 | Avg Reward: -0.10 | Time: 8.3s | Prob: A train travels at 69 km/h for... | Ans: 69.71
RL Step 6823 | Loss: 0.0003 | Avg Reward: -0.10 | Time: 8.2s | Prob: A train travels at 63 km/h for... | Ans: 81.0
RL Step 6824 | Loss: 0.0002 | Avg Reward: -0.10 | Time: 8.2s | Prob: A train travels at 62 km/h for... | Ans: 79.4
RL Step 6825 | Loss: 0.0001 | Avg Reward: -0.10 | Time: 8.2s | Prob: A train travels at 43 km/h for... | Ans: 56.0
RL Step 6826 | Loss: 0.0001 | Avg Reward: -0.10 | Time: 8.2s | Prob: A train travels at 69 km/h for... | Ans: 67.5
RL Step 6827 | Loss: 0.0001 | Avg Reward: -0.10 | Time: 8.4s | Prob: A train travels at 58 km/h for... | Ans: 62.0
RL Step 6828 | Loss: 0.0002 | Avg Reward: -0.10 | Time: 8.3s | Prob: A train travels at 48 km/h for... | Ans: 59.43
RL Step 6829 | Loss: 0.0001 | Avg Reward: -0.10 | Time: 8.4s | Prob: A train travels at 42 km/h for... | Ans: 58.0
RL Step 6830 | Loss: 0.0001 | Avg Reward: -0.10 | Time: 8.3s | Prob: A train travels at 45 km/h for... | Ans: 55.29
RL Step 6831 | Loss: -0.0000 | Avg Reward: -0.10 | Time: 8.2s | Prob: A train travels at 41 km/h for... | Ans: 51.0
RL Step 6832 | Loss: 0.0000 | Avg Reward: -0.10 | Time: 8.4s | Prob: A train travels at 76 km/h for... | Ans: 75.25
RL Step 6833 | Loss: 0.0000 | Avg Reward: -0.10 | Time: 8.2s | Prob: A train travels at 44 km/h for... | Ans: 59.6
RL Step 6834 | Loss: -0.0000 | Avg Reward: -0.10 | Time: 8.4s | Prob: A train travels at 64 km/h for... | Ans: 63.29
RL Step 6835 | Loss: 0.0001 | Avg Reward: -0.10 | Time: 8.4s | Prob: A train travels at 45 km/h for... | Ans: 67.78
RL Step 6836 | Loss: 0.0001 | Avg Reward: -0.10 | Time: 8.2s | Prob: A train travels at 49 km/h for... | Ans: 60.2
RL Step 6837 | Loss: 0.0001 | Avg Reward: -0.10 | Time: 8.3s | Prob: A train travels at 49 km/h for... | Ans: 78.29
RL Step 6838 | Loss: 0.0001 | Avg Reward: -0.10 | Time: 8.2s | Prob: A train travels at 42 km/h for... | Ans: 70.5
RL Step 6839 | Loss: 0.0000 | Avg Reward: -0.10 | Time: 8.2s | Prob: A train travels at 55 km/h for... | Ans: 71.0
RL Step 6840 | Loss: 0.0000 | Avg Reward: -0.10 | Time: 8.1s | Prob: A train travels at 68 km/h for... | Ans: 73.6
RL Step 6841 | Loss: 0.0001 | Avg Reward: -0.10 | Time: 8.2s | Prob: A train travels at 63 km/h for... | Ans: 76.5
RL Step 6842 | Loss: 0.0001 | Avg Reward: -0.10 | Time: 8.3s | Prob: A train travels at 40 km/h for... | Ans: 63.89
RL Step 6843 | Loss: 0.0001 | Avg Reward: -0.10 | Time: 8.2s | Prob: A train travels at 79 km/h for... | Ans: 83.5
RL Step 6844 | Loss: 0.0000 | Avg Reward: -0.10 | Time: 8.2s | Prob: A train travels at 55 km/h for... | Ans: 64.5
RL Step 6845 | Loss: 0.0001 | Avg Reward: -0.10 | Time: 8.2s | Prob: A train travels at 72 km/h for... | Ans: 69.5
RL Step 6846 | Loss: 0.0002 | Avg Reward: -0.10 | Time: 8.4s | Prob: A train travels at 61 km/h for... | Ans: 71.29
RL Step 6847 | Loss: 0.0001 | Avg Reward: -0.10 | Time: 8.4s | Prob: A train travels at 48 km/h for... | Ans: 63.71
RL Step 6848 | Loss: 0.0001 | Avg Reward: -0.10 | Time: 8.4s | Prob: A train travels at 56 km/h for... | Ans: 81.62
RL Step 6849 | Loss: 0.0001 | Avg Reward: -0.10 | Time: 8.3s | Prob: A train travels at 65 km/h for... | Ans: 74.0
RL Step 6850 | Loss: 0.0002 | Avg Reward: -0.10 | Time: 8.2s | Prob: A train travels at 73 km/h for... | Ans: 66.5
RL Step 6851 | Loss: 0.0000 | Avg Reward: -0.10 | Time: 8.3s | Prob: A train travels at 67 km/h for... | Ans: 69.57
RL Step 6852 | Loss: 0.0000 | Avg Reward: -0.10 | Time: 8.2s | Prob: A train travels at 67 km/h for... | Ans: 81.0
RL Step 6853 | Loss: 0.0001 | Avg Reward: -0.10 | Time: 8.4s | Prob: A train travels at 80 km/h for... | Ans: 84.5
RL Step 6854 | Loss: 0.0000 | Avg Reward: -0.10 | Time: 8.4s | Prob: A train travels at 49 km/h for... | Ans: 52.14
RL Step 6855 | Loss: 0.0001 | Avg Reward: -0.10 | Time: 8.2s | Prob: A train travels at 56 km/h for... | Ans: 63.2
RL Step 6856 | Loss: 0.0002 | Avg Reward: -0.10 | Time: 8.3s | Prob: A train travels at 69 km/h for... | Ans: 78.33
RL Step 6857 | Loss: 0.0001 | Avg Reward: -0.10 | Time: 8.3s | Prob: A train travels at 55 km/h for... | Ans: 68.33
RL Step 6858 | Loss: 0.0001 | Avg Reward: -0.10 | Time: 8.4s | Prob: A train travels at 77 km/h for... | Ans: 85.12
RL Step 6859 | Loss: 0.0001 | Avg Reward: -0.10 | Time: 8.3s | Prob: A train travels at 58 km/h for... | Ans: 72.67
RL Step 6860 | Loss: 0.0001 | Avg Reward: -0.10 | Time: 8.3s | Prob: A train travels at 59 km/h for... | Ans: 64.14
RL Step 6861 | Loss: 0.0000 | Avg Reward: -0.10 | Time: 8.2s | Prob: A train travels at 68 km/h for... | Ans: 65.6
RL Step 6862 | Loss: -0.0000 | Avg Reward: -0.10 | Time: 8.1s | Prob: A train travels at 46 km/h for... | Ans: 54.0
RL Step 6863 | Loss: 0.0001 | Avg Reward: -0.10 | Time: 8.2s | Prob: A train travels at 69 km/h for... | Ans: 79.5
RL Step 6864 | Loss: 0.0001 | Avg Reward: -0.10 | Time: 8.3s | Prob: A train travels at 53 km/h for... | Ans: 58.14
RL Step 6865 | Loss: 0.0176 | Avg Reward: 0.17 | Time: 8.1s | Prob: A train travels at 68 km/h for... | Ans: 68.5
RL Step 6866 | Loss: 0.0001 | Avg Reward: -0.10 | Time: 8.4s | Prob: A train travels at 50 km/h for... | Ans: 59.71
RL Step 6867 | Loss: 0.0001 | Avg Reward: -0.10 | Time: 8.3s | Prob: A train travels at 72 km/h for... | Ans: 68.0
RL Step 6868 | Loss: 0.0001 | Avg Reward: -0.10 | Time: 8.3s | Prob: A train travels at 60 km/h for... | Ans: 60.57
RL Step 6869 | Loss: 0.0002 | Avg Reward: -0.10 | Time: 8.3s | Prob: A train travels at 71 km/h for... | Ans: 82.43
RL Step 6870 | Loss: 0.0000 | Avg Reward: -0.10 | Time: 8.2s | Prob: A train travels at 68 km/h for... | Ans: 74.4
RL Step 6871 | Loss: 0.0001 | Avg Reward: -0.10 | Time: 8.3s | Prob: A train travels at 40 km/h for... | Ans: 57.67
RL Step 6872 | Loss: 0.0000 | Avg Reward: -0.10 | Time: 8.3s | Prob: A train travels at 44 km/h for... | Ans: 64.0
RL Step 6873 | Loss: 0.0001 | Avg Reward: -0.10 | Time: 8.2s | Prob: A train travels at 66 km/h for... | Ans: 68.0
RL Step 6874 | Loss: -0.0000 | Avg Reward: -0.10 | Time: 8.4s | Prob: A train travels at 73 km/h for... | Ans: 69.88
RL Step 6875 | Loss: 0.0000 | Avg Reward: -0.10 | Time: 8.3s | Prob: A train travels at 77 km/h for... | Ans: 91.38
RL Step 6876 | Loss: 0.0002 | Avg Reward: -0.10 | Time: 8.2s | Prob: A train travels at 57 km/h for... | Ans: 67.0
RL Step 6877 | Loss: 0.0002 | Avg Reward: -0.10 | Time: 8.1s | Prob: A train travels at 50 km/h for... | Ans: 58.5
RL Step 6878 | Loss: 0.0001 | Avg Reward: -0.10 | Time: 8.3s | Prob: A train travels at 62 km/h for... | Ans: 71.71
RL Step 6879 | Loss: 0.0002 | Avg Reward: -0.10 | Time: 8.2s | Prob: A train travels at 49 km/h for... | Ans: 63.0
RL Step 6880 | Loss: 0.0001 | Avg Reward: -0.10 | Time: 8.3s | Prob: A train travels at 76 km/h for... | Ans: 81.57
RL Step 6881 | Loss: 0.0001 | Avg Reward: -0.10 | Time: 8.3s | Prob: A train travels at 69 km/h for... | Ans: 70.71
RL Step 6882 | Loss: 0.0001 | Avg Reward: -0.10 | Time: 8.3s | Prob: A train travels at 55 km/h for... | Ans: 58.57
RL Step 6883 | Loss: 0.0000 | Avg Reward: -0.10 | Time: 8.3s | Prob: A train travels at 77 km/h for... | Ans: 86.0
RL Step 6884 | Loss: 0.0001 | Avg Reward: -0.10 | Time: 8.3s | Prob: A train travels at 44 km/h for... | Ans: 59.86
RL Step 6885 | Loss: 0.0002 | Avg Reward: -0.10 | Time: 8.4s | Prob: A train travels at 61 km/h for... | Ans: 67.29
RL Step 6886 | Loss: 0.0000 | Avg Reward: -0.10 | Time: 8.3s | Prob: A train travels at 77 km/h for... | Ans: 70.33
RL Step 6887 | Loss: 0.0000 | Avg Reward: -0.10 | Time: 8.2s | Prob: A train travels at 43 km/h for... | Ans: 51.5
RL Step 6888 | Loss: 0.0156 | Avg Reward: 0.17 | Time: 8.4s | Prob: A train travels at 44 km/h for... | Ans: 69.71
RL Step 6889 | Loss: 0.0002 | Avg Reward: -0.10 | Time: 8.3s | Prob: A train travels at 59 km/h for... | Ans: 67.29
RL Step 6890 | Loss: -0.0020 | Avg Reward: 0.17 | Time: 8.2s | Prob: A train travels at 50 km/h for... | Ans: 73.5
RL Step 6891 | Loss: 0.0000 | Avg Reward: -0.10 | Time: 8.4s | Prob: A train travels at 56 km/h for... | Ans: 62.67
RL Step 6892 | Loss: -0.0000 | Avg Reward: -0.10 | Time: 8.3s | Prob: A train travels at 56 km/h for... | Ans: 64.89
RL Step 6893 | Loss: 0.0000 | Avg Reward: -0.10 | Time: 8.3s | Prob: A train travels at 44 km/h for... | Ans: 59.71
RL Step 6894 | Loss: 0.0001 | Avg Reward: -0.10 | Time: 8.4s | Prob: A train travels at 80 km/h for... | Ans: 85.57
RL Step 6895 | Loss: 0.0001 | Avg Reward: -0.10 | Time: 8.4s | Prob: A train travels at 45 km/h for... | Ans: 54.78
RL Step 6896 | Loss: 0.0001 | Avg Reward: -0.10 | Time: 8.3s | Prob: A train travels at 69 km/h for... | Ans: 81.14
RL Step 6897 | Loss: 0.0002 | Avg Reward: -0.10 | Time: 8.3s | Prob: A train travels at 42 km/h for... | Ans: 53.0
RL Step 6898 | Loss: 0.0001 | Avg Reward: -0.10 | Time: 8.3s | Prob: A train travels at 52 km/h for... | Ans: 60.0
RL Step 6899 | Loss: 0.0001 | Avg Reward: -0.10 | Time: 8.2s | Prob: A train travels at 78 km/h for... | Ans: 80.0
RL Step 6900 | Loss: 0.0001 | Avg Reward: -0.10 | Time: 8.4s | Prob: A train travels at 48 km/h for... | Ans: 63.56
RL Step 6901 | Loss: 0.0001 | Avg Reward: -0.10 | Time: 8.2s | Prob: A train travels at 74 km/h for... | Ans: 75.33
RL Step 6902 | Loss: 0.0002 | Avg Reward: -0.10 | Time: 8.4s | Prob: A train travels at 60 km/h for... | Ans: 73.89
RL Step 6903 | Loss: 0.0001 | Avg Reward: -0.10 | Time: 8.3s | Prob: A train travels at 64 km/h for... | Ans: 74.5
RL Step 6904 | Loss: 0.0001 | Avg Reward: -0.10 | Time: 8.4s | Prob: A train travels at 41 km/h for... | Ans: 52.43
RL Step 6905 | Loss: 0.0001 | Avg Reward: -0.10 | Time: 8.3s | Prob: A train travels at 63 km/h for... | Ans: 77.14
RL Step 6906 | Loss: 0.0000 | Avg Reward: -0.10 | Time: 8.2s | Prob: A train travels at 62 km/h for... | Ans: 64.4
RL Step 6907 | Loss: 0.0059 | Avg Reward: 0.17 | Time: 8.2s | Prob: A train travels at 60 km/h for... | Ans: 72.5
RL Step 6908 | Loss: 0.0000 | Avg Reward: -0.10 | Time: 8.4s | Prob: A train travels at 76 km/h for... | Ans: 81.71
RL Step 6909 | Loss: 0.0001 | Avg Reward: -0.10 | Time: 8.3s | Prob: A train travels at 78 km/h for... | Ans: 76.12
RL Step 6910 | Loss: 0.0001 | Avg Reward: -0.10 | Time: 8.2s | Prob: A train travels at 66 km/h for... | Ans: 79.0
RL Step 6911 | Loss: 0.0001 | Avg Reward: -0.10 | Time: 8.4s | Prob: A train travels at 58 km/h for... | Ans: 62.89
RL Step 6912 | Loss: 0.0000 | Avg Reward: -0.10 | Time: 8.4s | Prob: A train travels at 42 km/h for... | Ans: 47.71
RL Step 6913 | Loss: 0.0001 | Avg Reward: -0.10 | Time: 8.2s | Prob: A train travels at 54 km/h for... | Ans: 75.0
RL Step 6914 | Loss: 0.0002 | Avg Reward: -0.10 | Time: 8.1s | Prob: A train travels at 74 km/h for... | Ans: 74.0
RL Step 6915 | Loss: 0.0001 | Avg Reward: -0.10 | Time: 8.2s | Prob: A train travels at 72 km/h for... | Ans: 78.5
RL Step 6916 | Loss: 0.0001 | Avg Reward: -0.10 | Time: 8.3s | Prob: A train travels at 80 km/h for... | Ans: 88.0
RL Step 6917 | Loss: 0.0001 | Avg Reward: -0.10 | Time: 8.3s | Prob: A train travels at 55 km/h for... | Ans: 75.57
RL Step 6918 | Loss: 0.0001 | Avg Reward: -0.10 | Time: 8.4s | Prob: A train travels at 73 km/h for... | Ans: 92.29
RL Step 6919 | Loss: 0.0001 | Avg Reward: -0.10 | Time: 8.3s | Prob: A train travels at 49 km/h for... | Ans: 72.33
RL Step 6920 | Loss: 0.0002 | Avg Reward: -0.10 | Time: 8.4s | Prob: A train travels at 50 km/h for... | Ans: 70.67
RL Step 6921 | Loss: 0.0003 | Avg Reward: -0.10 | Time: 8.4s | Prob: A train travels at 71 km/h for... | Ans: 70.43
RL Step 6922 | Loss: 0.0001 | Avg Reward: -0.10 | Time: 8.3s | Prob: A train travels at 42 km/h for... | Ans: 62.89
RL Step 6923 | Loss: 0.0002 | Avg Reward: -0.10 | Time: 8.4s | Prob: A train travels at 54 km/h for... | Ans: 60.29
RL Step 6924 | Loss: 0.0001 | Avg Reward: -0.10 | Time: 8.4s | Prob: A train travels at 44 km/h for... | Ans: 53.44
RL Step 6925 | Loss: 0.0001 | Avg Reward: -0.10 | Time: 8.2s | Prob: A train travels at 66 km/h for... | Ans: 74.5
RL Step 6926 | Loss: 0.0001 | Avg Reward: -0.10 | Time: 8.2s | Prob: A train travels at 70 km/h for... | Ans: 77.5
RL Step 6927 | Loss: 0.0002 | Avg Reward: -0.10 | Time: 8.3s | Prob: A train travels at 66 km/h for... | Ans: 69.56
RL Step 6928 | Loss: 0.0001 | Avg Reward: -0.10 | Time: 8.3s | Prob: A train travels at 71 km/h for... | Ans: 72.71
RL Step 6929 | Loss: 0.0000 | Avg Reward: -0.10 | Time: 8.2s | Prob: A train travels at 52 km/h for... | Ans: 56.0
RL Step 6930 | Loss: 0.0001 | Avg Reward: -0.10 | Time: 8.2s | Prob: A train travels at 80 km/h for... | Ans: 73.5
RL Step 6931 | Loss: 0.0000 | Avg Reward: -0.10 | Time: 8.3s | Prob: A train travels at 47 km/h for... | Ans: 59.0
RL Step 6932 | Loss: 0.0430 | Avg Reward: 0.17 | Time: 8.3s | Prob: A train travels at 49 km/h for... | Ans: 76.5
RL Step 6933 | Loss: 0.0001 | Avg Reward: -0.10 | Time: 8.2s | Prob: A train travels at 41 km/h for... | Ans: 57.8
RL Step 6934 | Loss: 0.0001 | Avg Reward: -0.10 | Time: 8.3s | Prob: A train travels at 74 km/h for... | Ans: 88.0
RL Step 6935 | Loss: 0.0001 | Avg Reward: -0.10 | Time: 8.3s | Prob: A train travels at 44 km/h for... | Ans: 57.71
RL Step 6936 | Loss: 0.0001 | Avg Reward: -0.10 | Time: 8.4s | Prob: A train travels at 77 km/h for... | Ans: 86.33
RL Step 6937 | Loss: 0.0000 | Avg Reward: -0.10 | Time: 8.2s | Prob: A train travels at 40 km/h for... | Ans: 52.5
RL Step 6938 | Loss: 0.0001 | Avg Reward: -0.10 | Time: 8.3s | Prob: A train travels at 61 km/h for... | Ans: 63.29
RL Step 6939 | Loss: 0.0003 | Avg Reward: -0.10 | Time: 8.3s | Prob: A train travels at 63 km/h for... | Ans: 79.11
RL Step 6940 | Loss: 0.0001 | Avg Reward: -0.10 | Time: 8.2s | Prob: A train travels at 76 km/h for... | Ans: 86.0
RL Step 6941 | Loss: 0.0000 | Avg Reward: -0.10 | Time: 8.3s | Prob: A train travels at 51 km/h for... | Ans: 70.0
RL Step 6942 | Loss: 0.0001 | Avg Reward: -0.10 | Time: 8.4s | Prob: A train travels at 42 km/h for... | Ans: 52.56
RL Step 6943 | Loss: 0.0000 | Avg Reward: -0.10 | Time: 8.3s | Prob: A train travels at 73 km/h for... | Ans: 68.0
RL Step 6944 | Loss: 0.0000 | Avg Reward: 0.17 | Time: 8.2s | Prob: A train travels at 44 km/h for... | Ans: 70.5
RL Step 6945 | Loss: 0.0001 | Avg Reward: -0.10 | Time: 8.2s | Prob: A train travels at 43 km/h for... | Ans: 62.2
RL Step 6946 | Loss: 0.0001 | Avg Reward: -0.10 | Time: 8.2s | Prob: A train travels at 43 km/h for... | Ans: 63.5
RL Step 6947 | Loss: 0.0001 | Avg Reward: -0.10 | Time: 8.2s | Prob: A train travels at 53 km/h for... | Ans: 66.6
RL Step 6948 | Loss: 0.0001 | Avg Reward: -0.10 | Time: 8.2s | Prob: A train travels at 44 km/h for... | Ans: 54.5
RL Step 6949 | Loss: 0.0001 | Avg Reward: -0.10 | Time: 8.2s | Prob: A train travels at 65 km/h for... | Ans: 63.57
RL Step 6950 | Loss: 0.0000 | Avg Reward: -0.10 | Time: 8.2s | Prob: A train travels at 66 km/h for... | Ans: 68.62
RL Step 6951 | Loss: 0.0001 | Avg Reward: -0.10 | Time: 8.2s | Prob: A train travels at 75 km/h for... | Ans: 82.8
RL Step 6952 | Loss: 0.0001 | Avg Reward: -0.10 | Time: 8.3s | Prob: A train travels at 48 km/h for... | Ans: 56.89
RL Step 6953 | Loss: 0.0001 | Avg Reward: -0.10 | Time: 8.3s | Prob: A train travels at 65 km/h for... | Ans: 85.0
RL Step 6954 | Loss: 0.0000 | Avg Reward: -0.10 | Time: 8.3s | Prob: A train travels at 65 km/h for... | Ans: 64.43
RL Step 6955 | Loss: 0.0000 | Avg Reward: -0.10 | Time: 8.4s | Prob: A train travels at 54 km/h for... | Ans: 56.29
RL Step 6956 | Loss: 0.0001 | Avg Reward: -0.10 | Time: 8.1s | Prob: A train travels at 58 km/h for... | Ans: 65.2
RL Step 6957 | Loss: 0.0002 | Avg Reward: -0.10 | Time: 8.3s | Prob: A train travels at 45 km/h for... | Ans: 60.56
RL Step 6958 | Loss: 0.0001 | Avg Reward: -0.10 | Time: 8.3s | Prob: A train travels at 63 km/h for... | Ans: 79.25
RL Step 6959 | Loss: 0.0000 | Avg Reward: -0.10 | Time: 8.2s | Prob: A train travels at 53 km/h for... | Ans: 61.4
RL Step 6960 | Loss: -0.0000 | Avg Reward: -0.10 | Time: 8.1s | Prob: A train travels at 62 km/h for... | Ans: 69.5
RL Step 6961 | Loss: 0.0001 | Avg Reward: -0.10 | Time: 8.4s | Prob: A train travels at 60 km/h for... | Ans: 62.86
RL Step 6962 | Loss: 0.0001 | Avg Reward: -0.10 | Time: 8.1s | Prob: A train travels at 40 km/h for... | Ans: 63.0
RL Step 6963 | Loss: 0.0000 | Avg Reward: -0.10 | Time: 8.3s | Prob: A train travels at 42 km/h for... | Ans: 51.43
RL Step 6964 | Loss: 0.0001 | Avg Reward: -0.10 | Time: 8.4s | Prob: A train travels at 43 km/h for... | Ans: 61.33
RL Step 6965 | Loss: 0.0000 | Avg Reward: -0.10 | Time: 8.3s | Prob: A train travels at 65 km/h for... | Ans: 86.25
RL Step 6966 | Loss: 0.0001 | Avg Reward: -0.10 | Time: 8.3s | Prob: A train travels at 62 km/h for... | Ans: 63.14
RL Step 6967 | Loss: 0.0002 | Avg Reward: -0.10 | Time: 8.2s | Prob: A train travels at 47 km/h for... | Ans: 55.0
RL Step 6968 | Loss: 0.0004 | Avg Reward: -0.10 | Time: 8.3s | Prob: A train travels at 41 km/h for... | Ans: 74.57
RL Step 6969 | Loss: 0.0002 | Avg Reward: -0.10 | Time: 8.4s | Prob: A train travels at 72 km/h for... | Ans: 76.44
RL Step 6970 | Loss: 0.0000 | Avg Reward: -0.10 | Time: 8.2s | Prob: A train travels at 62 km/h for... | Ans: 63.0
RL Step 6971 | Loss: 0.0001 | Avg Reward: -0.10 | Time: 8.3s | Prob: A train travels at 59 km/h for... | Ans: 62.56
RL Step 6972 | Loss: 0.0001 | Avg Reward: -0.10 | Time: 8.4s | Prob: A train travels at 50 km/h for... | Ans: 62.44
RL Step 6973 | Loss: -0.0000 | Avg Reward: -0.10 | Time: 8.3s | Prob: A train travels at 66 km/h for... | Ans: 77.0
RL Step 6974 | Loss: 0.0001 | Avg Reward: -0.10 | Time: 8.4s | Prob: A train travels at 40 km/h for... | Ans: 64.89
RL Step 6975 | Loss: 0.0001 | Avg Reward: -0.10 | Time: 8.2s | Prob: A train travels at 54 km/h for... | Ans: 59.4
RL Step 6976 | Loss: -0.0000 | Avg Reward: -0.10 | Time: 8.3s | Prob: A train travels at 54 km/h for... | Ans: 59.14
RL Step 6977 | Loss: 0.0000 | Avg Reward: -0.10 | Time: 8.4s | Prob: A train travels at 60 km/h for... | Ans: 68.33
RL Step 6978 | Loss: 0.0001 | Avg Reward: -0.10 | Time: 8.2s | Prob: A train travels at 74 km/h for... | Ans: 81.0
RL Step 6979 | Loss: 0.0000 | Avg Reward: -0.10 | Time: 8.4s | Prob: A train travels at 80 km/h for... | Ans: 79.25
RL Step 6980 | Loss: 0.0002 | Avg Reward: -0.10 | Time: 8.4s | Prob: A train travels at 50 km/h for... | Ans: 64.0
RL Step 6981 | Loss: 0.0000 | Avg Reward: -0.10 | Time: 8.3s | Prob: A train travels at 76 km/h for... | Ans: 70.38
RL Step 6982 | Loss: 0.0001 | Avg Reward: -0.10 | Time: 8.3s | Prob: A train travels at 58 km/h for... | Ans: 67.86
RL Step 6983 | Loss: 0.0001 | Avg Reward: -0.10 | Time: 8.3s | Prob: A train travels at 46 km/h for... | Ans: 56.0
RL Step 6984 | Loss: 0.0000 | Avg Reward: -0.10 | Time: 8.2s | Prob: A train travels at 71 km/h for... | Ans: 69.0
RL Step 6985 | Loss: 0.0273 | Avg Reward: 0.17 | Time: 8.4s | Prob: A train travels at 43 km/h for... | Ans: 64.38
RL Step 6986 | Loss: 0.0001 | Avg Reward: -0.10 | Time: 8.3s | Prob: A train travels at 45 km/h for... | Ans: 58.33
RL Step 6987 | Loss: 0.0001 | Avg Reward: -0.10 | Time: 8.4s | Prob: A train travels at 77 km/h for... | Ans: 78.11
RL Step 6988 | Loss: 0.0001 | Avg Reward: -0.10 | Time: 8.2s | Prob: A train travels at 74 km/h for... | Ans: 73.2
RL Step 6989 | Loss: 0.0002 | Avg Reward: -0.10 | Time: 8.4s | Prob: A train travels at 41 km/h for... | Ans: 59.0
RL Step 6990 | Loss: 0.0001 | Avg Reward: -0.10 | Time: 8.4s | Prob: A train travels at 67 km/h for... | Ans: 75.57
RL Step 6991 | Loss: 0.0001 | Avg Reward: -0.10 | Time: 8.4s | Prob: A train travels at 56 km/h for... | Ans: 82.88
RL Step 6992 | Loss: 0.0001 | Avg Reward: -0.10 | Time: 8.2s | Prob: A train travels at 68 km/h for... | Ans: 65.86
RL Step 6993 | Loss: 0.0002 | Avg Reward: -0.10 | Time: 8.3s | Prob: A train travels at 49 km/h for... | Ans: 76.78
RL Step 6994 | Loss: 0.0001 | Avg Reward: -0.10 | Time: 8.2s | Prob: A train travels at 70 km/h for... | Ans: 75.5
RL Step 6995 | Loss: 0.0000 | Avg Reward: -0.10 | Time: 8.4s | Prob: A train travels at 71 km/h for... | Ans: 77.43
RL Step 6996 | Loss: 0.0003 | Avg Reward: -0.10 | Time: 8.3s | Prob: A train travels at 56 km/h for... | Ans: 74.0
RL Step 6997 | Loss: 0.0001 | Avg Reward: -0.10 | Time: 8.4s | Prob: A train travels at 50 km/h for... | Ans: 69.29
RL Step 6998 | Loss: 0.0001 | Avg Reward: -0.10 | Time: 8.4s | Prob: A train travels at 73 km/h for... | Ans: 77.29
RL Step 6999 | Loss: 0.0001 | Avg Reward: -0.10 | Time: 8.3s | Prob: A train travels at 50 km/h for... | Ans: 69.5
RL Step 7000 | Loss: 0.0001 | Avg Reward: -0.10 | Time: 8.3s | Prob: A train travels at 49 km/h for... | Ans: 67.43
Saving RL Checkpoint at step 7000...
RL Step 7001 | Loss: 0.0039 | Avg Reward: 0.17 | Time: 8.2s | Prob: A train travels at 49 km/h for... | Ans: 66.2
RL Step 7002 | Loss: 0.0000 | Avg Reward: -0.10 | Time: 8.4s | Prob: A train travels at 67 km/h for... | Ans: 76.43
RL Step 7003 | Loss: 0.0137 | Avg Reward: 0.17 | Time: 8.2s | Prob: A train travels at 75 km/h for... | Ans: 85.8
RL Step 7004 | Loss: 0.0001 | Avg Reward: -0.10 | Time: 8.4s | Prob: A train travels at 78 km/h for... | Ans: 79.14
RL Step 7005 | Loss: 0.0001 | Avg Reward: -0.10 | Time: 8.3s | Prob: A train travels at 79 km/h for... | Ans: 74.14
RL Step 7006 | Loss: 0.0000 | Avg Reward: -0.10 | Time: 8.2s | Prob: A train travels at 44 km/h for... | Ans: 59.5
RL Step 7007 | Loss: 0.0002 | Avg Reward: -0.10 | Time: 8.3s | Prob: A train travels at 76 km/h for... | Ans: 84.14
RL Step 7008 | Loss: 0.0001 | Avg Reward: -0.10 | Time: 8.2s | Prob: A train travels at 42 km/h for... | Ans: 52.0
RL Step 7009 | Loss: 0.0001 | Avg Reward: -0.10 | Time: 8.4s | Prob: A train travels at 79 km/h for... | Ans: 76.14
RL Step 7010 | Loss: 0.0002 | Avg Reward: -0.10 | Time: 8.2s | Prob: A train travels at 59 km/h for... | Ans: 76.33
RL Step 7011 | Loss: 0.0001 | Avg Reward: -0.10 | Time: 8.3s | Prob: A train travels at 54 km/h for... | Ans: 58.29
RL Step 7012 | Loss: 0.0000 | Avg Reward: -0.10 | Time: 8.4s | Prob: A train travels at 70 km/h for... | Ans: 78.89
RL Step 7013 | Loss: 0.0001 | Avg Reward: -0.10 | Time: 8.2s | Prob: A train travels at 68 km/h for... | Ans: 64.5
RL Step 7014 | Loss: 0.0000 | Avg Reward: -0.10 | Time: 8.2s | Prob: A train travels at 60 km/h for... | Ans: 60.0
RL Step 7015 | Loss: 0.0000 | Avg Reward: -0.10 | Time: 8.3s | Prob: A train travels at 51 km/h for... | Ans: 56.57
RL Step 7016 | Loss: 0.0001 | Avg Reward: -0.10 | Time: 8.1s | Prob: A train travels at 47 km/h for... | Ans: 57.8
RL Step 7017 | Loss: 0.0273 | Avg Reward: 0.17 | Time: 8.2s | Prob: A train travels at 47 km/h for... | Ans: 69.5
RL Step 7018 | Loss: 0.0391 | Avg Reward: 0.17 | Time: 8.2s | Prob: A train travels at 49 km/h for... | Ans: 68.6
RL Step 7019 | Loss: 0.0001 | Avg Reward: -0.10 | Time: 8.4s | Prob: A train travels at 58 km/h for... | Ans: 79.43
RL Step 7020 | Loss: 0.0001 | Avg Reward: -0.10 | Time: 8.4s | Prob: A train travels at 49 km/h for... | Ans: 74.71
RL Step 7021 | Loss: 0.0001 | Avg Reward: -0.10 | Time: 8.4s | Prob: A train travels at 54 km/h for... | Ans: 76.86
RL Step 7022 | Loss: 0.0001 | Avg Reward: -0.10 | Time: 8.3s | Prob: A train travels at 46 km/h for... | Ans: 66.0
RL Step 7023 | Loss: 0.0001 | Avg Reward: -0.10 | Time: 8.2s | Prob: A train travels at 48 km/h for... | Ans: 65.0
RL Step 7024 | Loss: 0.0001 | Avg Reward: -0.10 | Time: 8.3s | Prob: A train travels at 75 km/h for... | Ans: 71.11
RL Step 7025 | Loss: 0.0000 | Avg Reward: -0.10 | Time: 8.3s | Prob: A train travels at 64 km/h for... | Ans: 62.57
RL Step 7026 | Loss: 0.0001 | Avg Reward: -0.10 | Time: 8.4s | Prob: A train travels at 47 km/h for... | Ans: 59.86
RL Step 7027 | Loss: 0.0002 | Avg Reward: -0.10 | Time: 8.2s | Prob: A train travels at 47 km/h for... | Ans: 63.8
RL Step 7028 | Loss: 0.0001 | Avg Reward: -0.10 | Time: 8.3s | Prob: A train travels at 51 km/h for... | Ans: 64.12
RL Step 7029 | Loss: 0.0001 | Avg Reward: -0.10 | Time: 8.3s | Prob: A train travels at 46 km/h for... | Ans: 62.67
RL Step 7030 | Loss: 0.0000 | Avg Reward: -0.10 | Time: 8.4s | Prob: A train travels at 59 km/h for... | Ans: 73.57
RL Step 7031 | Loss: 0.0000 | Avg Reward: -0.10 | Time: 8.3s | Prob: A train travels at 77 km/h for... | Ans: 77.0
RL Step 7032 | Loss: -0.0039 | Avg Reward: 0.17 | Time: 8.2s | Prob: A train travels at 59 km/h for... | Ans: 66.5
RL Step 7033 | Loss: 0.0003 | Avg Reward: -0.10 | Time: 8.4s | Prob: A train travels at 73 km/h for... | Ans: 78.67
RL Step 7034 | Loss: 0.0273 | Avg Reward: 0.17 | Time: 8.2s | Prob: A train travels at 75 km/h for... | Ans: 75.4
RL Step 7035 | Loss: 0.0001 | Avg Reward: -0.10 | Time: 8.3s | Prob: A train travels at 49 km/h for... | Ans: 78.33
RL Step 7036 | Loss: 0.0001 | Avg Reward: -0.10 | Time: 8.3s | Prob: A train travels at 71 km/h for... | Ans: 86.0
RL Step 7037 | Loss: 0.0001 | Avg Reward: -0.10 | Time: 8.3s | Prob: A train travels at 70 km/h for... | Ans: 76.43
RL Step 7038 | Loss: 0.0001 | Avg Reward: -0.10 | Time: 8.4s | Prob: A train travels at 50 km/h for... | Ans: 58.89
RL Step 7039 | Loss: 0.0001 | Avg Reward: -0.10 | Time: 8.3s | Prob: A train travels at 72 km/h for... | Ans: 84.86
RL Step 7040 | Loss: 0.0001 | Avg Reward: -0.10 | Time: 8.3s | Prob: A train travels at 58 km/h for... | Ans: 65.33
RL Step 7041 | Loss: 0.0001 | Avg Reward: -0.10 | Time: 8.3s | Prob: A train travels at 79 km/h for... | Ans: 72.14
RL Step 7042 | Loss: 0.0001 | Avg Reward: -0.10 | Time: 8.2s | Prob: A train travels at 56 km/h for... | Ans: 78.2
RL Step 7043 | Loss: 0.0001 | Avg Reward: -0.10 | Time: 8.3s | Prob: A train travels at 74 km/h for... | Ans: 74.0
RL Step 7044 | Loss: -0.0000 | Avg Reward: -0.10 | Time: 8.3s | Prob: A train travels at 47 km/h for... | Ans: 68.0
RL Step 7045 | Loss: 0.0000 | Avg Reward: -0.10 | Time: 8.2s | Prob: A train travels at 62 km/h for... | Ans: 61.0
RL Step 7046 | Loss: 0.0000 | Avg Reward: -0.10 | Time: 8.4s | Prob: A train travels at 57 km/h for... | Ans: 68.11
RL Step 7047 | Loss: 0.0002 | Avg Reward: -0.10 | Time: 8.4s | Prob: A train travels at 45 km/h for... | Ans: 59.67
RL Step 7048 | Loss: 0.0001 | Avg Reward: -0.10 | Time: 8.3s | Prob: A train travels at 67 km/h for... | Ans: 69.14
RL Step 7049 | Loss: -0.0000 | Avg Reward: -0.10 | Time: 8.3s | Prob: A train travels at 75 km/h for... | Ans: 69.0
RL Step 7050 | Loss: 0.0000 | Avg Reward: -0.10 | Time: 8.2s | Prob: A train travels at 57 km/h for... | Ans: 75.6
RL Step 7051 | Loss: 0.0001 | Avg Reward: -0.10 | Time: 8.2s | Prob: A train travels at 51 km/h for... | Ans: 65.8
RL Step 7052 | Loss: 0.0001 | Avg Reward: -0.10 | Time: 8.3s | Prob: A train travels at 74 km/h for... | Ans: 77.33
RL Step 7053 | Loss: 0.0000 | Avg Reward: -0.10 | Time: 8.2s | Prob: A train travels at 56 km/h for... | Ans: 63.88
RL Step 7054 | Loss: 0.0002 | Avg Reward: -0.10 | Time: 8.3s | Prob: A train travels at 65 km/h for... | Ans: 73.44
RL Step 7055 | Loss: 0.0001 | Avg Reward: -0.10 | Time: 8.2s | Prob: A train travels at 43 km/h for... | Ans: 60.2
RL Step 7056 | Loss: -0.0001 | Avg Reward: -0.10 | Time: 8.4s | Prob: A train travels at 51 km/h for... | Ans: 59.25
RL Step 7057 | Loss: 0.0000 | Avg Reward: -0.10 | Time: 8.1s | Prob: A train travels at 53 km/h for... | Ans: 65.0
RL Step 7058 | Loss: 0.0215 | Avg Reward: 0.17 | Time: 8.3s | Prob: A train travels at 80 km/h for... | Ans: 86.5
RL Step 7059 | Loss: 0.0000 | Avg Reward: -0.10 | Time: 8.3s | Prob: A train travels at 74 km/h for... | Ans: 68.0
RL Step 7060 | Loss: 0.0000 | Avg Reward: -0.10 | Time: 8.2s | Prob: A train travels at 73 km/h for... | Ans: 74.67
RL Step 7061 | Loss: 0.0001 | Avg Reward: -0.10 | Time: 8.3s | Prob: A train travels at 42 km/h for... | Ans: 52.67
RL Step 7062 | Loss: 0.0001 | Avg Reward: -0.10 | Time: 8.2s | Prob: A train travels at 63 km/h for... | Ans: 63.4
RL Step 7063 | Loss: 0.0000 | Avg Reward: -0.10 | Time: 8.2s | Prob: A train travels at 76 km/h for... | Ans: 84.5
RL Step 7064 | Loss: 0.0000 | Avg Reward: -0.10 | Time: 8.2s | Prob: A train travels at 45 km/h for... | Ans: 50.14
RL Step 7065 | Loss: 0.0001 | Avg Reward: -0.10 | Time: 8.3s | Prob: A train travels at 64 km/h for... | Ans: 69.14
RL Step 7066 | Loss: 0.0000 | Avg Reward: 0.17 | Time: 8.3s | Prob: A train travels at 62 km/h for... | Ans: 61.71
RL Step 7067 | Loss: 0.0001 | Avg Reward: -0.10 | Time: 8.3s | Prob: A train travels at 62 km/h for... | Ans: 75.5
RL Step 7068 | Loss: 0.0003 | Avg Reward: -0.10 | Time: 8.2s | Prob: A train travels at 55 km/h for... | Ans: 69.5
RL Step 7069 | Loss: 0.0001 | Avg Reward: -0.10 | Time: 8.3s | Prob: A train travels at 47 km/h for... | Ans: 55.86
RL Step 7070 | Loss: 0.0000 | Avg Reward: -0.10 | Time: 8.4s | Prob: A train travels at 50 km/h for... | Ans: 71.0
RL Step 7071 | Loss: 0.0000 | Avg Reward: -0.10 | Time: 8.2s | Prob: A train travels at 63 km/h for... | Ans: 74.4
RL Step 7072 | Loss: 0.0000 | Avg Reward: -0.10 | Time: 8.3s | Prob: A train travels at 60 km/h for... | Ans: 85.0
RL Step 7073 | Loss: 0.0117 | Avg Reward: 0.17 | Time: 8.4s | Prob: A train travels at 74 km/h for... | Ans: 75.71
RL Step 7074 | Loss: 0.0000 | Avg Reward: -0.10 | Time: 8.3s | Prob: A train travels at 64 km/h for... | Ans: 66.86
RL Step 7075 | Loss: 0.0001 | Avg Reward: -0.10 | Time: 8.3s | Prob: A train travels at 74 km/h for... | Ans: 78.71
RL Step 7076 | Loss: 0.0000 | Avg Reward: -0.10 | Time: 8.3s | Prob: A train travels at 40 km/h for... | Ans: 47.5
RL Step 7077 | Loss: 0.0001 | Avg Reward: -0.10 | Time: 8.3s | Prob: A train travels at 54 km/h for... | Ans: 62.12
RL Step 7078 | Loss: 0.0000 | Avg Reward: -0.10 | Time: 8.3s | Prob: A train travels at 60 km/h for... | Ans: 70.29
RL Step 7079 | Loss: 0.0001 | Avg Reward: -0.10 | Time: 8.3s | Prob: A train travels at 75 km/h for... | Ans: 75.0
RL Step 7080 | Loss: 0.0000 | Avg Reward: -0.10 | Time: 8.1s | Prob: A train travels at 61 km/h for... | Ans: 73.6
RL Step 7081 | Loss: 0.0001 | Avg Reward: -0.10 | Time: 8.3s | Prob: A train travels at 47 km/h for... | Ans: 53.33
RL Step 7082 | Loss: 0.0000 | Avg Reward: -0.10 | Time: 8.3s | Prob: A train travels at 69 km/h for... | Ans: 74.0
RL Step 7083 | Loss: 0.0001 | Avg Reward: -0.10 | Time: 8.2s | Prob: A train travels at 53 km/h for... | Ans: 78.8
RL Step 7084 | Loss: 0.0002 | Avg Reward: -0.10 | Time: 8.2s | Prob: A train travels at 44 km/h for... | Ans: 71.5
RL Step 7085 | Loss: 0.0001 | Avg Reward: -0.10 | Time: 8.1s | Prob: A train travels at 57 km/h for... | Ans: 81.0
RL Step 7086 | Loss: 0.0001 | Avg Reward: -0.10 | Time: 8.3s | Prob: A train travels at 50 km/h for... | Ans: 73.4
RL Step 7087 | Loss: 0.0001 | Avg Reward: -0.10 | Time: 8.4s | Prob: A train travels at 40 km/h for... | Ans: 47.14
RL Step 7088 | Loss: 0.0001 | Avg Reward: -0.10 | Time: 8.3s | Prob: A train travels at 50 km/h for... | Ans: 66.0
RL Step 7089 | Loss: 0.0001 | Avg Reward: -0.10 | Time: 8.2s | Prob: A train travels at 69 km/h for... | Ans: 79.8
RL Step 7090 | Loss: 0.0001 | Avg Reward: -0.10 | Time: 8.4s | Prob: A train travels at 66 km/h for... | Ans: 81.11
RL Step 7091 | Loss: 0.0001 | Avg Reward: -0.10 | Time: 8.3s | Prob: A train travels at 58 km/h for... | Ans: 71.33
RL Step 7092 | Loss: 0.0000 | Avg Reward: -0.10 | Time: 8.2s | Prob: A train travels at 75 km/h for... | Ans: 86.4
RL Step 7093 | Loss: 0.0002 | Avg Reward: -0.10 | Time: 8.3s | Prob: A train travels at 48 km/h for... | Ans: 60.86
RL Step 7094 | Loss: 0.0001 | Avg Reward: -0.10 | Time: 8.2s | Prob: A train travels at 52 km/h for... | Ans: 76.0
RL Step 7095 | Loss: 0.0001 | Avg Reward: -0.10 | Time: 8.4s | Prob: A train travels at 51 km/h for... | Ans: 65.22
RL Step 7096 | Loss: 0.0001 | Avg Reward: -0.10 | Time: 8.2s | Prob: A train travels at 79 km/h for... | Ans: 78.38
RL Step 7097 | Loss: 0.0001 | Avg Reward: -0.10 | Time: 8.2s | Prob: A train travels at 54 km/h for... | Ans: 78.6
RL Step 7098 | Loss: 0.0001 | Avg Reward: -0.10 | Time: 8.2s | Prob: A train travels at 57 km/h for... | Ans: 67.4
RL Step 7099 | Loss: 0.0001 | Avg Reward: -0.10 | Time: 8.2s | Prob: A train travels at 70 km/h for... | Ans: 87.4
RL Step 7100 | Loss: 0.0001 | Avg Reward: -0.10 | Time: 8.2s | Prob: A train travels at 65 km/h for... | Ans: 65.0
RL Step 7101 | Loss: 0.0000 | Avg Reward: -0.10 | Time: 8.4s | Prob: A train travels at 41 km/h for... | Ans: 71.71
RL Step 7102 | Loss: -0.0195 | Avg Reward: 0.45 | Time: 8.2s | Prob: A train travels at 58 km/h for... | Ans: 66.0
RL Step 7103 | Loss: 0.0000 | Avg Reward: -0.10 | Time: 8.4s | Prob: A train travels at 62 km/h for... | Ans: 81.44
RL Step 7104 | Loss: 0.0001 | Avg Reward: -0.10 | Time: 8.2s | Prob: A train travels at 55 km/h for... | Ans: 70.5
RL Step 7105 | Loss: 0.0020 | Avg Reward: 0.17 | Time: 8.2s | Prob: A train travels at 41 km/h for... | Ans: 64.5
RL Step 7106 | Loss: 0.0001 | Avg Reward: -0.10 | Time: 8.3s | Prob: A train travels at 74 km/h for... | Ans: 89.71
RL Step 7107 | Loss: 0.0000 | Avg Reward: 0.45 | Time: 8.1s | Prob: A train travels at 72 km/h for... | Ans: 68.0
RL Step 7108 | Loss: 0.0000 | Avg Reward: -0.10 | Time: 8.4s | Prob: A train travels at 41 km/h for... | Ans: 51.88
RL Step 7109 | Loss: 0.0000 | Avg Reward: -0.10 | Time: 8.4s | Prob: A train travels at 73 km/h for... | Ans: 70.75
RL Step 7110 | Loss: 0.0001 | Avg Reward: -0.10 | Time: 8.2s | Prob: A train travels at 54 km/h for... | Ans: 76.0
RL Step 7111 | Loss: 0.0001 | Avg Reward: -0.10 | Time: 8.3s | Prob: A train travels at 41 km/h for... | Ans: 65.0
RL Step 7112 | Loss: 0.0001 | Avg Reward: -0.10 | Time: 8.3s | Prob: A train travels at 80 km/h for... | Ans: 76.0
RL Step 7113 | Loss: 0.0002 | Avg Reward: -0.10 | Time: 8.4s | Prob: A train travels at 73 km/h for... | Ans: 77.0
RL Step 7114 | Loss: 0.0001 | Avg Reward: -0.10 | Time: 8.4s | Prob: A train travels at 75 km/h for... | Ans: 73.22
RL Step 7115 | Loss: 0.0000 | Avg Reward: 0.17 | Time: 8.2s | Prob: A train travels at 68 km/h for... | Ans: 65.67
RL Step 7116 | Loss: 0.0001 | Avg Reward: -0.10 | Time: 8.3s | Prob: A train travels at 79 km/h for... | Ans: 93.0
RL Step 7117 | Loss: 0.0059 | Avg Reward: 0.17 | Time: 8.2s | Prob: A train travels at 72 km/h for... | Ans: 74.5
RL Step 7118 | Loss: 0.0003 | Avg Reward: -0.10 | Time: 8.1s | Prob: A train travels at 46 km/h for... | Ans: 69.4
RL Step 7119 | Loss: 0.0001 | Avg Reward: -0.10 | Time: 8.3s | Prob: A train travels at 80 km/h for... | Ans: 74.33
RL Step 7120 | Loss: 0.0001 | Avg Reward: -0.10 | Time: 8.3s | Prob: A train travels at 71 km/h for... | Ans: 84.5
RL Step 7121 | Loss: 0.0001 | Avg Reward: -0.10 | Time: 8.2s | Prob: A train travels at 64 km/h for... | Ans: 75.0
RL Step 7122 | Loss: 0.0001 | Avg Reward: -0.10 | Time: 8.3s | Prob: A train travels at 58 km/h for... | Ans: 63.0
RL Step 7123 | Loss: 0.0001 | Avg Reward: -0.10 | Time: 8.3s | Prob: A train travels at 52 km/h for... | Ans: 64.0
RL Step 7124 | Loss: 0.0001 | Avg Reward: -0.10 | Time: 8.3s | Prob: A train travels at 72 km/h for... | Ans: 72.56
RL Step 7125 | Loss: 0.0000 | Avg Reward: -0.10 | Time: 8.2s | Prob: A train travels at 59 km/h for... | Ans: 63.8
RL Step 7126 | Loss: -0.0078 | Avg Reward: 0.17 | Time: 8.2s | Prob: A train travels at 52 km/h for... | Ans: 66.5
RL Step 7127 | Loss: 0.0001 | Avg Reward: -0.10 | Time: 8.2s | Prob: A train travels at 67 km/h for... | Ans: 74.5
RL Step 7128 | Loss: 0.0000 | Avg Reward: -0.10 | Time: 8.1s | Prob: A train travels at 74 km/h for... | Ans: 83.2
RL Step 7129 | Loss: -0.0000 | Avg Reward: -0.10 | Time: 8.3s | Prob: A train travels at 72 km/h for... | Ans: 79.5
RL Step 7130 | Loss: -0.0000 | Avg Reward: -0.10 | Time: 8.4s | Prob: A train travels at 56 km/h for... | Ans: 71.75
RL Step 7131 | Loss: -0.0000 | Avg Reward: -0.10 | Time: 8.1s | Prob: A train travels at 41 km/h for... | Ans: 53.0
RL Step 7132 | Loss: 0.0002 | Avg Reward: -0.10 | Time: 8.2s | Prob: A train travels at 41 km/h for... | Ans: 59.5
RL Step 7133 | Loss: 0.0001 | Avg Reward: -0.10 | Time: 8.3s | Prob: A train travels at 55 km/h for... | Ans: 57.78
RL Step 7134 | Loss: 0.0002 | Avg Reward: -0.10 | Time: 8.2s | Prob: A train travels at 72 km/h for... | Ans: 66.5
RL Step 7135 | Loss: 0.0001 | Avg Reward: -0.10 | Time: 8.2s | Prob: A train travels at 48 km/h for... | Ans: 66.5
RL Step 7136 | Loss: 0.0000 | Avg Reward: -0.10 | Time: 8.3s | Prob: A train travels at 71 km/h for... | Ans: 81.62
RL Step 7137 | Loss: 0.0001 | Avg Reward: -0.10 | Time: 8.2s | Prob: A train travels at 80 km/h for... | Ans: 78.4
RL Step 7138 | Loss: 0.0000 | Avg Reward: -0.10 | Time: 8.4s | Prob: A train travels at 42 km/h for... | Ans: 56.29
RL Step 7139 | Loss: 0.0001 | Avg Reward: -0.10 | Time: 8.3s | Prob: A train travels at 71 km/h for... | Ans: 76.33
RL Step 7140 | Loss: 0.0000 | Avg Reward: -0.10 | Time: 8.3s | Prob: A train travels at 62 km/h for... | Ans: 77.43
RL Step 7141 | Loss: 0.0000 | Avg Reward: -0.10 | Time: 8.2s | Prob: A train travels at 58 km/h for... | Ans: 68.0
RL Step 7142 | Loss: 0.0001 | Avg Reward: -0.10 | Time: 8.3s | Prob: A train travels at 72 km/h for... | Ans: 67.71
RL Step 7143 | Loss: 0.0004 | Avg Reward: -0.10 | Time: 8.2s | Prob: A train travels at 55 km/h for... | Ans: 69.4
RL Step 7144 | Loss: 0.0098 | Avg Reward: 0.17 | Time: 8.2s | Prob: A train travels at 71 km/h for... | Ans: 85.5
RL Step 7145 | Loss: 0.0000 | Avg Reward: -0.10 | Time: 8.2s | Prob: A train travels at 45 km/h for... | Ans: 55.5
RL Step 7146 | Loss: 0.0001 | Avg Reward: -0.10 | Time: 8.2s | Prob: A train travels at 56 km/h for... | Ans: 71.0
RL Step 7147 | Loss: 0.0002 | Avg Reward: -0.10 | Time: 8.2s | Prob: A train travels at 67 km/h for... | Ans: 77.4
RL Step 7148 | Loss: 0.0000 | Avg Reward: -0.10 | Time: 8.2s | Prob: A train travels at 80 km/h for... | Ans: 68.6
RL Step 7149 | Loss: 0.0000 | Avg Reward: -0.10 | Time: 8.3s | Prob: A train travels at 51 km/h for... | Ans: 63.57
RL Step 7150 | Loss: -0.0000 | Avg Reward: -0.10 | Time: 8.3s | Prob: A train travels at 50 km/h for... | Ans: 70.0
RL Step 7151 | Loss: 0.0002 | Avg Reward: -0.10 | Time: 8.2s | Prob: A train travels at 47 km/h for... | Ans: 82.33
RL Step 7152 | Loss: -0.0000 | Avg Reward: -0.10 | Time: 8.2s | Prob: A train travels at 49 km/h for... | Ans: 61.0
RL Step 7153 | Loss: 0.0001 | Avg Reward: -0.10 | Time: 8.2s | Prob: A train travels at 75 km/h for... | Ans: 80.2
RL Step 7154 | Loss: 0.0000 | Avg Reward: -0.10 | Time: 8.3s | Prob: A train travels at 44 km/h for... | Ans: 56.86
RL Step 7155 | Loss: 0.0001 | Avg Reward: -0.10 | Time: 8.2s | Prob: A train travels at 66 km/h for... | Ans: 77.5
RL Step 7156 | Loss: 0.0002 | Avg Reward: -0.10 | Time: 8.4s | Prob: A train travels at 53 km/h for... | Ans: 69.44
RL Step 7157 | Loss: 0.0001 | Avg Reward: -0.10 | Time: 8.2s | Prob: A train travels at 41 km/h for... | Ans: 55.0
RL Step 7158 | Loss: 0.0001 | Avg Reward: -0.10 | Time: 8.3s | Prob: A train travels at 54 km/h for... | Ans: 67.33
RL Step 7159 | Loss: 0.0002 | Avg Reward: -0.10 | Time: 8.3s | Prob: A train travels at 42 km/h for... | Ans: 60.43
RL Step 7160 | Loss: 0.0002 | Avg Reward: -0.10 | Time: 8.3s | Prob: A train travels at 63 km/h for... | Ans: 75.14
RL Step 7161 | Loss: 0.0001 | Avg Reward: -0.10 | Time: 8.4s | Prob: A train travels at 49 km/h for... | Ans: 70.11
RL Step 7162 | Loss: 0.0002 | Avg Reward: -0.10 | Time: 8.3s | Prob: A train travels at 67 km/h for... | Ans: 78.5
RL Step 7163 | Loss: 0.0001 | Avg Reward: -0.10 | Time: 8.3s | Prob: A train travels at 76 km/h for... | Ans: 93.14
RL Step 7164 | Loss: 0.0001 | Avg Reward: -0.10 | Time: 8.3s | Prob: A train travels at 75 km/h for... | Ans: 65.0
RL Step 7165 | Loss: 0.0001 | Avg Reward: -0.10 | Time: 8.3s | Prob: A train travels at 42 km/h for... | Ans: 70.5
RL Step 7166 | Loss: 0.0001 | Avg Reward: -0.10 | Time: 8.2s | Prob: A train travels at 77 km/h for... | Ans: 85.5
RL Step 7167 | Loss: -0.0098 | Avg Reward: 0.17 | Time: 8.2s | Prob: A train travels at 55 km/h for... | Ans: 77.2
RL Step 7168 | Loss: 0.0001 | Avg Reward: -0.10 | Time: 8.3s | Prob: A train travels at 62 km/h for... | Ans: 71.33
RL Step 7169 | Loss: 0.0001 | Avg Reward: -0.10 | Time: 8.4s | Prob: A train travels at 40 km/h for... | Ans: 73.71
RL Step 7170 | Loss: 0.0000 | Avg Reward: -0.10 | Time: 8.2s | Prob: A train travels at 48 km/h for... | Ans: 71.12
RL Step 7171 | Loss: 0.0000 | Avg Reward: -0.10 | Time: 8.2s | Prob: A train travels at 55 km/h for... | Ans: 65.8
RL Step 7172 | Loss: 0.0000 | Avg Reward: -0.10 | Time: 8.3s | Prob: A train travels at 49 km/h for... | Ans: 53.71
RL Step 7173 | Loss: 0.0001 | Avg Reward: -0.10 | Time: 8.3s | Prob: A train travels at 59 km/h for... | Ans: 66.0
RL Step 7174 | Loss: 0.0001 | Avg Reward: -0.10 | Time: 8.2s | Prob: A train travels at 68 km/h for... | Ans: 74.0
RL Step 7175 | Loss: 0.0001 | Avg Reward: -0.10 | Time: 8.4s | Prob: A train travels at 50 km/h for... | Ans: 75.71
RL Step 7176 | Loss: 0.0001 | Avg Reward: -0.10 | Time: 8.4s | Prob: A train travels at 65 km/h for... | Ans: 64.56
RL Step 7177 | Loss: 0.0002 | Avg Reward: -0.10 | Time: 8.4s | Prob: A train travels at 78 km/h for... | Ans: 80.57
RL Step 7178 | Loss: 0.0001 | Avg Reward: -0.10 | Time: 8.4s | Prob: A train travels at 66 km/h for... | Ans: 70.44
RL Step 7179 | Loss: 0.0001 | Avg Reward: -0.10 | Time: 8.2s | Prob: A train travels at 58 km/h for... | Ans: 74.0
RL Step 7180 | Loss: 0.0000 | Avg Reward: -0.10 | Time: 8.4s | Prob: A train travels at 71 km/h for... | Ans: 76.71
RL Step 7181 | Loss: 0.0001 | Avg Reward: -0.10 | Time: 8.3s | Prob: A train travels at 49 km/h for... | Ans: 75.67
RL Step 7182 | Loss: 0.0000 | Avg Reward: -0.10 | Time: 8.2s | Prob: A train travels at 45 km/h for... | Ans: 53.0
RL Step 7183 | Loss: 0.0000 | Avg Reward: -0.10 | Time: 8.2s | Prob: A train travels at 40 km/h for... | Ans: 66.5
RL Step 7184 | Loss: 0.0002 | Avg Reward: -0.10 | Time: 8.2s | Prob: A train travels at 68 km/h for... | Ans: 64.0
RL Step 7185 | Loss: 0.0001 | Avg Reward: -0.10 | Time: 8.4s | Prob: A train travels at 47 km/h for... | Ans: 69.86
RL Step 7186 | Loss: 0.0002 | Avg Reward: -0.10 | Time: 8.4s | Prob: A train travels at 42 km/h for... | Ans: 74.22
RL Step 7187 | Loss: 0.0002 | Avg Reward: -0.10 | Time: 8.2s | Prob: A train travels at 45 km/h for... | Ans: 72.0
RL Step 7188 | Loss: 0.0001 | Avg Reward: -0.10 | Time: 8.2s | Prob: A train travels at 52 km/h for... | Ans: 62.0
RL Step 7189 | Loss: 0.0001 | Avg Reward: -0.10 | Time: 8.3s | Prob: A train travels at 72 km/h for... | Ans: 77.62
RL Step 7190 | Loss: 0.0176 | Avg Reward: 0.17 | Time: 8.2s | Prob: A train travels at 54 km/h for... | Ans: 58.8
RL Step 7191 | Loss: 0.0001 | Avg Reward: -0.10 | Time: 8.4s | Prob: A train travels at 55 km/h for... | Ans: 68.33
RL Step 7192 | Loss: -0.0001 | Avg Reward: -0.10 | Time: 8.3s | Prob: A train travels at 50 km/h for... | Ans: 62.67
RL Step 7193 | Loss: 0.0001 | Avg Reward: -0.10 | Time: 8.1s | Prob: A train travels at 56 km/h for... | Ans: 76.5
RL Step 7194 | Loss: -0.0000 | Avg Reward: -0.10 | Time: 8.4s | Prob: A train travels at 54 km/h for... | Ans: 66.29
RL Step 7195 | Loss: 0.0001 | Avg Reward: -0.10 | Time: 8.2s | Prob: A train travels at 44 km/h for... | Ans: 55.0
RL Step 7196 | Loss: 0.0001 | Avg Reward: -0.10 | Time: 8.3s | Prob: A train travels at 46 km/h for... | Ans: 52.86
RL Step 7197 | Loss: 0.0001 | Avg Reward: -0.10 | Time: 8.3s | Prob: A train travels at 79 km/h for... | Ans: 77.86
RL Step 7198 | Loss: 0.0039 | Avg Reward: 0.17 | Time: 8.3s | Prob: A train travels at 49 km/h for... | Ans: 73.67
RL Step 7199 | Loss: 0.0001 | Avg Reward: -0.10 | Time: 8.3s | Prob: A train travels at 68 km/h for... | Ans: 70.29
RL Step 7200 | Loss: -0.0039 | Avg Reward: 0.17 | Time: 8.1s | Prob: A train travels at 63 km/h for... | Ans: 65.5
Saving RL Checkpoint at step 7200...
RL Step 7201 | Loss: 0.0000 | Avg Reward: -0.10 | Time: 8.3s | Prob: A train travels at 49 km/h for... | Ans: 66.78
RL Step 7202 | Loss: 0.0002 | Avg Reward: -0.10 | Time: 8.3s | Prob: A train travels at 70 km/h for... | Ans: 77.33
RL Step 7203 | Loss: 0.0002 | Avg Reward: -0.10 | Time: 8.3s | Prob: A train travels at 43 km/h for... | Ans: 65.14
RL Step 7204 | Loss: 0.0000 | Avg Reward: -0.10 | Time: 8.3s | Prob: A train travels at 45 km/h for... | Ans: 54.38
RL Step 7205 | Loss: 0.0001 | Avg Reward: -0.10 | Time: 8.2s | Prob: A train travels at 58 km/h for... | Ans: 78.0
RL Step 7206 | Loss: 0.0001 | Avg Reward: -0.10 | Time: 8.2s | Prob: A train travels at 50 km/h for... | Ans: 58.4
RL Step 7207 | Loss: 0.0001 | Avg Reward: -0.10 | Time: 8.3s | Prob: A train travels at 62 km/h for... | Ans: 77.71
RL Step 7208 | Loss: 0.0001 | Avg Reward: -0.10 | Time: 8.2s | Prob: A train travels at 51 km/h for... | Ans: 60.0
RL Step 7209 | Loss: 0.0156 | Avg Reward: 0.17 | Time: 8.2s | Prob: A train travels at 66 km/h for... | Ans: 69.6
RL Step 7210 | Loss: 0.0001 | Avg Reward: -0.10 | Time: 8.2s | Prob: A train travels at 79 km/h for... | Ans: 76.6
RL Step 7211 | Loss: 0.0001 | Avg Reward: -0.10 | Time: 8.2s | Prob: A train travels at 44 km/h for... | Ans: 56.4
RL Step 7212 | Loss: -0.0000 | Avg Reward: -0.10 | Time: 8.2s | Prob: A train travels at 61 km/h for... | Ans: 87.0
RL Step 7213 | Loss: 0.0001 | Avg Reward: -0.10 | Time: 8.4s | Prob: A train travels at 68 km/h for... | Ans: 75.5
RL Step 7214 | Loss: 0.0001 | Avg Reward: -0.10 | Time: 8.3s | Prob: A train travels at 75 km/h for... | Ans: 71.86
RL Step 7215 | Loss: 0.0001 | Avg Reward: -0.10 | Time: 8.4s | Prob: A train travels at 75 km/h for... | Ans: 85.0
RL Step 7216 | Loss: 0.0002 | Avg Reward: -0.10 | Time: 8.1s | Prob: A train travels at 61 km/h for... | Ans: 68.2
RL Step 7217 | Loss: 0.0001 | Avg Reward: -0.10 | Time: 8.4s | Prob: A train travels at 51 km/h for... | Ans: 71.44
RL Step 7218 | Loss: 0.0000 | Avg Reward: -0.10 | Time: 8.3s | Prob: A train travels at 62 km/h for... | Ans: 72.57
RL Step 7219 | Loss: 0.0002 | Avg Reward: -0.10 | Time: 8.3s | Prob: A train travels at 47 km/h for... | Ans: 79.0
RL Step 7220 | Loss: 0.0001 | Avg Reward: -0.10 | Time: 8.2s | Prob: A train travels at 41 km/h for... | Ans: 55.5
RL Step 7221 | Loss: 0.0001 | Avg Reward: -0.10 | Time: 8.2s | Prob: A train travels at 43 km/h for... | Ans: 65.8
RL Step 7222 | Loss: 0.0001 | Avg Reward: -0.10 | Time: 8.2s | Prob: A train travels at 45 km/h for... | Ans: 55.8
RL Step 7223 | Loss: 0.0000 | Avg Reward: -0.10 | Time: 8.2s | Prob: A train travels at 78 km/h for... | Ans: 82.4
RL Step 7224 | Loss: 0.0003 | Avg Reward: -0.10 | Time: 8.2s | Prob: A train travels at 55 km/h for... | Ans: 72.0
RL Step 7225 | Loss: 0.0000 | Avg Reward: -0.10 | Time: 8.2s | Prob: A train travels at 72 km/h for... | Ans: 69.2
RL Step 7226 | Loss: 0.0001 | Avg Reward: -0.10 | Time: 8.3s | Prob: A train travels at 44 km/h for... | Ans: 60.67
RL Step 7227 | Loss: 0.0001 | Avg Reward: -0.10 | Time: 8.3s | Prob: A train travels at 67 km/h for... | Ans: 86.38
RL Step 7228 | Loss: 0.0001 | Avg Reward: -0.10 | Time: 8.2s | Prob: A train travels at 42 km/h for... | Ans: 72.6
RL Step 7229 | Loss: 0.0001 | Avg Reward: -0.10 | Time: 8.2s | Prob: A train travels at 45 km/h for... | Ans: 71.4
RL Step 7230 | Loss: 0.0001 | Avg Reward: -0.10 | Time: 8.1s | Prob: A train travels at 65 km/h for... | Ans: 66.2
RL Step 7231 | Loss: 0.0001 | Avg Reward: -0.10 | Time: 8.2s | Prob: A train travels at 44 km/h for... | Ans: 60.0
RL Step 7232 | Loss: 0.0000 | Avg Reward: -0.10 | Time: 8.4s | Prob: A train travels at 41 km/h for... | Ans: 63.22
RL Step 7233 | Loss: 0.0001 | Avg Reward: -0.10 | Time: 8.3s | Prob: A train travels at 49 km/h for... | Ans: 77.75
RL Step 7234 | Loss: 0.0001 | Avg Reward: -0.10 | Time: 8.3s | Prob: A train travels at 54 km/h for... | Ans: 75.11
RL Step 7235 | Loss: 0.0002 | Avg Reward: -0.10 | Time: 8.3s | Prob: A train travels at 46 km/h for... | Ans: 62.0
RL Step 7236 | Loss: -0.0098 | Avg Reward: 0.17 | Time: 8.4s | Prob: A train travels at 40 km/h for... | Ans: 57.67
RL Step 7237 | Loss: 0.0001 | Avg Reward: -0.10 | Time: 8.2s | Prob: A train travels at 43 km/h for... | Ans: 59.0
RL Step 7238 | Loss: 0.0002 | Avg Reward: -0.10 | Time: 8.2s | Prob: A train travels at 67 km/h for... | Ans: 69.0
RL Step 7239 | Loss: 0.0001 | Avg Reward: -0.10 | Time: 8.3s | Prob: A train travels at 61 km/h for... | Ans: 61.56
RL Step 7240 | Loss: 0.0000 | Avg Reward: -0.10 | Time: 8.4s | Prob: A train travels at 59 km/h for... | Ans: 61.67
RL Step 7241 | Loss: 0.0000 | Avg Reward: -0.10 | Time: 8.3s | Prob: A train travels at 66 km/h for... | Ans: 66.33
RL Step 7242 | Loss: 0.0001 | Avg Reward: -0.10 | Time: 8.3s | Prob: A train travels at 47 km/h for... | Ans: 68.43
RL Step 7243 | Loss: 0.0000 | Avg Reward: -0.10 | Time: 8.2s | Prob: A train travels at 72 km/h for... | Ans: 82.2
RL Step 7244 | Loss: 0.0002 | Avg Reward: -0.10 | Time: 8.3s | Prob: A train travels at 48 km/h for... | Ans: 81.33
RL Step 7245 | Loss: 0.0000 | Avg Reward: -0.10 | Time: 8.4s | Prob: A train travels at 80 km/h for... | Ans: 82.5
RL Step 7246 | Loss: 0.0001 | Avg Reward: -0.10 | Time: 8.2s | Prob: A train travels at 40 km/h for... | Ans: 53.5
RL Step 7247 | Loss: -0.0000 | Avg Reward: -0.10 | Time: 8.2s | Prob: A train travels at 80 km/h for... | Ans: 86.67
RL Step 7248 | Loss: 0.0001 | Avg Reward: -0.10 | Time: 8.4s | Prob: A train travels at 73 km/h for... | Ans: 79.0
RL Step 7249 | Loss: -0.0078 | Avg Reward: 0.17 | Time: 8.4s | Prob: A train travels at 48 km/h for... | Ans: 62.67
RL Step 7250 | Loss: 0.0000 | Avg Reward: -0.10 | Time: 8.3s | Prob: A train travels at 60 km/h for... | Ans: 61.43
RL Step 7251 | Loss: 0.0000 | Avg Reward: -0.10 | Time: 8.4s | Prob: A train travels at 55 km/h for... | Ans: 68.88
RL Step 7252 | Loss: 0.0001 | Avg Reward: -0.10 | Time: 8.2s | Prob: A train travels at 43 km/h for... | Ans: 63.5
RL Step 7253 | Loss: 0.0000 | Avg Reward: -0.10 | Time: 8.3s | Prob: A train travels at 52 km/h for... | Ans: 71.33
RL Step 7254 | Loss: 0.0001 | Avg Reward: -0.10 | Time: 8.4s | Prob: A train travels at 56 km/h for... | Ans: 67.88
RL Step 7255 | Loss: 0.0003 | Avg Reward: -0.10 | Time: 8.3s | Prob: A train travels at 78 km/h for... | Ans: 74.29
RL Step 7256 | Loss: 0.0001 | Avg Reward: -0.10 | Time: 8.3s | Prob: A train travels at 78 km/h for... | Ans: 80.62
RL Step 7257 | Loss: 0.0001 | Avg Reward: -0.10 | Time: 8.3s | Prob: A train travels at 74 km/h for... | Ans: 84.86
RL Step 7258 | Loss: -0.0000 | Avg Reward: -0.10 | Time: 8.2s | Prob: A train travels at 69 km/h for... | Ans: 81.0
RL Step 7259 | Loss: 0.0001 | Avg Reward: -0.10 | Time: 8.2s | Prob: A train travels at 59 km/h for... | Ans: 79.0
RL Step 7260 | Loss: 0.0001 | Avg Reward: -0.10 | Time: 8.3s | Prob: A train travels at 43 km/h for... | Ans: 60.86
RL Step 7261 | Loss: 0.0001 | Avg Reward: -0.10 | Time: 8.3s | Prob: A train travels at 60 km/h for... | Ans: 65.0
RL Step 7262 | Loss: 0.0000 | Avg Reward: 0.17 | Time: 8.2s | Prob: A train travels at 65 km/h for... | Ans: 68.5
RL Step 7263 | Loss: 0.0508 | Avg Reward: 0.17 | Time: 8.2s | Prob: A train travels at 58 km/h for... | Ans: 74.5
RL Step 7264 | Loss: 0.0001 | Avg Reward: -0.10 | Time: 8.4s | Prob: A train travels at 69 km/h for... | Ans: 82.57
RL Step 7265 | Loss: 0.0000 | Avg Reward: -0.10 | Time: 8.4s | Prob: A train travels at 74 km/h for... | Ans: 76.57
RL Step 7266 | Loss: 0.0000 | Avg Reward: -0.10 | Time: 8.3s | Prob: A train travels at 61 km/h for... | Ans: 65.29
RL Step 7267 | Loss: 0.0001 | Avg Reward: -0.10 | Time: 8.2s | Prob: A train travels at 65 km/h for... | Ans: 86.0
RL Step 7268 | Loss: 0.0000 | Avg Reward: -0.10 | Time: 8.2s | Prob: A train travels at 52 km/h for... | Ans: 63.5
RL Step 7269 | Loss: 0.0215 | Avg Reward: 0.17 | Time: 8.4s | Prob: A train travels at 73 km/h for... | Ans: 76.89
RL Step 7270 | Loss: 0.0001 | Avg Reward: -0.10 | Time: 8.4s | Prob: A train travels at 52 km/h for... | Ans: 67.75
RL Step 7271 | Loss: 0.0000 | Avg Reward: -0.10 | Time: 8.4s | Prob: A train travels at 73 km/h for... | Ans: 77.5
RL Step 7272 | Loss: 0.0059 | Avg Reward: 0.17 | Time: 8.2s | Prob: A train travels at 75 km/h for... | Ans: 69.0
RL Step 7273 | Loss: 0.0000 | Avg Reward: -0.10 | Time: 8.4s | Prob: A train travels at 55 km/h for... | Ans: 69.33
RL Step 7274 | Loss: 0.0001 | Avg Reward: -0.10 | Time: 8.3s | Prob: A train travels at 77 km/h for... | Ans: 73.14
RL Step 7275 | Loss: 0.0001 | Avg Reward: -0.10 | Time: 8.2s | Prob: A train travels at 48 km/h for... | Ans: 62.0
RL Step 7276 | Loss: 0.0001 | Avg Reward: -0.10 | Time: 8.3s | Prob: A train travels at 44 km/h for... | Ans: 60.71
RL Step 7277 | Loss: 0.0000 | Avg Reward: -0.10 | Time: 8.4s | Prob: A train travels at 58 km/h for... | Ans: 78.62
RL Step 7278 | Loss: 0.0000 | Avg Reward: -0.10 | Time: 8.4s | Prob: A train travels at 63 km/h for... | Ans: 65.57
RL Step 7279 | Loss: 0.0000 | Avg Reward: -0.10 | Time: 8.3s | Prob: A train travels at 45 km/h for... | Ans: 54.33
RL Step 7280 | Loss: 0.0000 | Avg Reward: -0.10 | Time: 8.3s | Prob: A train travels at 62 km/h for... | Ans: 70.75
RL Step 7281 | Loss: 0.0001 | Avg Reward: -0.10 | Time: 8.2s | Prob: A train travels at 46 km/h for... | Ans: 65.0
RL Step 7282 | Loss: 0.0001 | Avg Reward: -0.10 | Time: 8.4s | Prob: A train travels at 75 km/h for... | Ans: 82.5
RL Step 7283 | Loss: 0.0002 | Avg Reward: -0.10 | Time: 8.4s | Prob: A train travels at 62 km/h for... | Ans: 75.5
RL Step 7284 | Loss: 0.0000 | Avg Reward: -0.10 | Time: 8.1s | Prob: A train travels at 58 km/h for... | Ans: 66.0
RL Step 7285 | Loss: 0.0002 | Avg Reward: -0.10 | Time: 8.4s | Prob: A train travels at 47 km/h for... | Ans: 63.11
RL Step 7286 | Loss: 0.0002 | Avg Reward: -0.10 | Time: 8.2s | Prob: A train travels at 46 km/h for... | Ans: 64.0
RL Step 7287 | Loss: 0.0001 | Avg Reward: -0.10 | Time: 8.3s | Prob: A train travels at 62 km/h for... | Ans: 77.33
RL Step 7288 | Loss: 0.0002 | Avg Reward: -0.10 | Time: 8.1s | Prob: A train travels at 71 km/h for... | Ans: 68.0
RL Step 7289 | Loss: 0.0001 | Avg Reward: -0.10 | Time: 8.2s | Prob: A train travels at 64 km/h for... | Ans: 71.0
RL Step 7290 | Loss: 0.0002 | Avg Reward: -0.10 | Time: 8.3s | Prob: A train travels at 58 km/h for... | Ans: 70.67
RL Step 7291 | Loss: 0.0000 | Avg Reward: -0.10 | Time: 8.3s | Prob: A train travels at 80 km/h for... | Ans: 79.33
RL Step 7292 | Loss: 0.0001 | Avg Reward: -0.10 | Time: 8.3s | Prob: A train travels at 79 km/h for... | Ans: 69.67
RL Step 7293 | Loss: 0.0001 | Avg Reward: -0.10 | Time: 8.4s | Prob: A train travels at 46 km/h for... | Ans: 63.14
RL Step 7294 | Loss: 0.0000 | Avg Reward: -0.10 | Time: 8.3s | Prob: A train travels at 71 km/h for... | Ans: 72.88
RL Step 7295 | Loss: 0.0001 | Avg Reward: -0.10 | Time: 8.2s | Prob: A train travels at 75 km/h for... | Ans: 69.4
RL Step 7296 | Loss: 0.0001 | Avg Reward: -0.10 | Time: 8.3s | Prob: A train travels at 58 km/h for... | Ans: 68.29
RL Step 7297 | Loss: 0.0000 | Avg Reward: -0.10 | Time: 8.2s | Prob: A train travels at 63 km/h for... | Ans: 76.5
RL Step 7298 | Loss: 0.0001 | Avg Reward: -0.10 | Time: 8.2s | Prob: A train travels at 59 km/h for... | Ans: 66.2
RL Step 7299 | Loss: 0.0000 | Avg Reward: -0.10 | Time: 8.2s | Prob: A train travels at 71 km/h for... | Ans: 66.5
RL Step 7300 | Loss: 0.0001 | Avg Reward: -0.10 | Time: 8.4s | Prob: A train travels at 79 km/h for... | Ans: 86.43
RL Step 7301 | Loss: 0.0003 | Avg Reward: -0.10 | Time: 8.3s | Prob: A train travels at 68 km/h for... | Ans: 87.33
RL Step 7302 | Loss: 0.0001 | Avg Reward: -0.10 | Time: 8.2s | Prob: A train travels at 51 km/h for... | Ans: 62.0
RL Step 7303 | Loss: 0.0000 | Avg Reward: -0.10 | Time: 8.4s | Prob: A train travels at 65 km/h for... | Ans: 64.44
RL Step 7304 | Loss: 0.0000 | Avg Reward: -0.10 | Time: 8.2s | Prob: A train travels at 40 km/h for... | Ans: 73.0
RL Step 7305 | Loss: -0.0000 | Avg Reward: -0.10 | Time: 8.3s | Prob: A train travels at 67 km/h for... | Ans: 69.22
RL Step 7306 | Loss: 0.0001 | Avg Reward: -0.10 | Time: 8.4s | Prob: A train travels at 68 km/h for... | Ans: 78.29
RL Step 7307 | Loss: 0.0002 | Avg Reward: -0.10 | Time: 8.1s | Prob: A train travels at 53 km/h for... | Ans: 81.2
RL Step 7308 | Loss: 0.0001 | Avg Reward: -0.10 | Time: 8.2s | Prob: A train travels at 46 km/h for... | Ans: 55.2
RL Step 7309 | Loss: 0.0002 | Avg Reward: -0.10 | Time: 8.2s | Prob: A train travels at 53 km/h for... | Ans: 76.5
RL Step 7310 | Loss: 0.0001 | Avg Reward: -0.10 | Time: 8.1s | Prob: A train travels at 45 km/h for... | Ans: 59.5
RL Step 7311 | Loss: 0.0001 | Avg Reward: -0.10 | Time: 8.4s | Prob: A train travels at 60 km/h for... | Ans: 62.57
RL Step 7312 | Loss: 0.0001 | Avg Reward: -0.10 | Time: 8.3s | Prob: A train travels at 54 km/h for... | Ans: 71.0
RL Step 7313 | Loss: 0.0059 | Avg Reward: 0.17 | Time: 8.3s | Prob: A train travels at 47 km/h for... | Ans: 66.33
RL Step 7314 | Loss: 0.0001 | Avg Reward: -0.10 | Time: 8.2s | Prob: A train travels at 58 km/h for... | Ans: 78.0
RL Step 7315 | Loss: 0.0003 | Avg Reward: -0.10 | Time: 8.3s | Prob: A train travels at 70 km/h for... | Ans: 67.14
RL Step 7316 | Loss: 0.0156 | Avg Reward: 0.17 | Time: 8.2s | Prob: A train travels at 64 km/h for... | Ans: 67.6
RL Step 7317 | Loss: 0.0001 | Avg Reward: -0.10 | Time: 8.3s | Prob: A train travels at 53 km/h for... | Ans: 70.33
RL Step 7318 | Loss: 0.0001 | Avg Reward: -0.10 | Time: 8.3s | Prob: A train travels at 42 km/h for... | Ans: 52.0
RL Step 7319 | Loss: 0.0001 | Avg Reward: -0.10 | Time: 8.3s | Prob: A train travels at 55 km/h for... | Ans: 77.14
RL Step 7320 | Loss: 0.0003 | Avg Reward: -0.10 | Time: 8.3s | Prob: A train travels at 73 km/h for... | Ans: 79.33
RL Step 7321 | Loss: -0.0000 | Avg Reward: -0.10 | Time: 8.4s | Prob: A train travels at 51 km/h for... | Ans: 65.62
RL Step 7322 | Loss: 0.0001 | Avg Reward: -0.10 | Time: 8.2s | Prob: A train travels at 74 km/h for... | Ans: 70.5
RL Step 7323 | Loss: 0.0001 | Avg Reward: -0.10 | Time: 8.4s | Prob: A train travels at 71 km/h for... | Ans: 88.86
RL Step 7324 | Loss: 0.0001 | Avg Reward: -0.10 | Time: 8.1s | Prob: A train travels at 67 km/h for... | Ans: 71.5
RL Step 7325 | Loss: 0.0000 | Avg Reward: -0.10 | Time: 8.2s | Prob: A train travels at 61 km/h for... | Ans: 61.0
RL Step 7326 | Loss: 0.0001 | Avg Reward: -0.10 | Time: 8.2s | Prob: A train travels at 72 km/h for... | Ans: 68.8
RL Step 7327 | Loss: 0.0001 | Avg Reward: -0.10 | Time: 8.4s | Prob: A train travels at 49 km/h for... | Ans: 54.71
RL Step 7328 | Loss: 0.0001 | Avg Reward: -0.10 | Time: 8.1s | Prob: A train travels at 66 km/h for... | Ans: 68.0
RL Step 7329 | Loss: 0.0000 | Avg Reward: -0.10 | Time: 8.3s | Prob: A train travels at 62 km/h for... | Ans: 87.33
RL Step 7330 | Loss: 0.0001 | Avg Reward: -0.10 | Time: 8.4s | Prob: A train travels at 71 km/h for... | Ans: 81.67
RL Step 7331 | Loss: 0.0001 | Avg Reward: -0.10 | Time: 8.2s | Prob: A train travels at 44 km/h for... | Ans: 67.4
RL Step 7332 | Loss: -0.0000 | Avg Reward: -0.10 | Time: 8.3s | Prob: A train travels at 40 km/h for... | Ans: 60.0
RL Step 7333 | Loss: 0.0000 | Avg Reward: -0.10 | Time: 8.4s | Prob: A train travels at 55 km/h for... | Ans: 81.25
RL Step 7334 | Loss: 0.0002 | Avg Reward: -0.10 | Time: 8.4s | Prob: A train travels at 66 km/h for... | Ans: 76.56
RL Step 7335 | Loss: 0.0001 | Avg Reward: -0.10 | Time: 8.3s | Prob: A train travels at 59 km/h for... | Ans: 81.14
RL Step 7336 | Loss: 0.0000 | Avg Reward: -0.10 | Time: 8.2s | Prob: A train travels at 54 km/h for... | Ans: 64.0
RL Step 7337 | Loss: 0.0001 | Avg Reward: -0.10 | Time: 8.2s | Prob: A train travels at 63 km/h for... | Ans: 80.14
RL Step 7338 | Loss: 0.0000 | Avg Reward: -0.10 | Time: 8.2s | Prob: A train travels at 51 km/h for... | Ans: 62.5
RL Step 7339 | Loss: 0.0001 | Avg Reward: -0.10 | Time: 8.3s | Prob: A train travels at 73 km/h for... | Ans: 85.0
RL Step 7340 | Loss: 0.0001 | Avg Reward: -0.10 | Time: 8.1s | Prob: A train travels at 72 km/h for... | Ans: 66.6
RL Step 7341 | Loss: 0.0001 | Avg Reward: -0.10 | Time: 8.3s | Prob: A train travels at 51 km/h for... | Ans: 66.33
RL Step 7342 | Loss: 0.0001 | Avg Reward: -0.10 | Time: 8.3s | Prob: A train travels at 72 km/h for... | Ans: 75.38
RL Step 7343 | Loss: 0.0002 | Avg Reward: -0.10 | Time: 8.2s | Prob: A train travels at 65 km/h for... | Ans: 71.33
RL Step 7344 | Loss: 0.0059 | Avg Reward: 0.17 | Time: 8.2s | Prob: A train travels at 57 km/h for... | Ans: 64.8
RL Step 7345 | Loss: 0.0001 | Avg Reward: -0.10 | Time: 8.4s | Prob: A train travels at 74 km/h for... | Ans: 77.57
RL Step 7346 | Loss: 0.0000 | Avg Reward: -0.10 | Time: 8.3s | Prob: A train travels at 50 km/h for... | Ans: 61.0
RL Step 7347 | Loss: 0.0003 | Avg Reward: -0.10 | Time: 8.4s | Prob: A train travels at 41 km/h for... | Ans: 57.57
RL Step 7348 | Loss: 0.0001 | Avg Reward: -0.10 | Time: 8.4s | Prob: A train travels at 41 km/h for... | Ans: 56.14
RL Step 7349 | Loss: -0.0000 | Avg Reward: -0.10 | Time: 8.2s | Prob: A train travels at 71 km/h for... | Ans: 75.0
RL Step 7350 | Loss: 0.0001 | Avg Reward: -0.10 | Time: 8.1s | Prob: A train travels at 48 km/h for... | Ans: 64.8
RL Step 7351 | Loss: -0.0000 | Avg Reward: -0.10 | Time: 8.2s | Prob: A train travels at 43 km/h for... | Ans: 56.5
RL Step 7352 | Loss: 0.0001 | Avg Reward: -0.10 | Time: 8.2s | Prob: A train travels at 64 km/h for... | Ans: 81.4
RL Step 7353 | Loss: 0.0001 | Avg Reward: -0.10 | Time: 8.2s | Prob: A train travels at 48 km/h for... | Ans: 61.43
RL Step 7354 | Loss: 0.0001 | Avg Reward: -0.10 | Time: 8.3s | Prob: A train travels at 71 km/h for... | Ans: 77.88
RL Step 7355 | Loss: 0.0002 | Avg Reward: -0.10 | Time: 8.3s | Prob: A train travels at 57 km/h for... | Ans: 69.0
RL Step 7356 | Loss: 0.0001 | Avg Reward: -0.10 | Time: 8.2s | Prob: A train travels at 80 km/h for... | Ans: 90.0
RL Step 7357 | Loss: -0.0000 | Avg Reward: -0.10 | Time: 8.2s | Prob: A train travels at 46 km/h for... | Ans: 62.0
RL Step 7358 | Loss: 0.0001 | Avg Reward: -0.10 | Time: 8.4s | Prob: A train travels at 57 km/h for... | Ans: 73.44
RL Step 7359 | Loss: 0.0001 | Avg Reward: -0.10 | Time: 8.3s | Prob: A train travels at 63 km/h for... | Ans: 71.67
RL Step 7360 | Loss: 0.0001 | Avg Reward: -0.10 | Time: 8.3s | Prob: A train travels at 73 km/h for... | Ans: 71.89
RL Step 7361 | Loss: 0.0001 | Avg Reward: -0.10 | Time: 8.2s | Prob: A train travels at 49 km/h for... | Ans: 69.0
RL Step 7362 | Loss: 0.0000 | Avg Reward: -0.10 | Time: 8.2s | Prob: A train travels at 67 km/h for... | Ans: 69.5
RL Step 7363 | Loss: 0.0001 | Avg Reward: -0.10 | Time: 8.3s | Prob: A train travels at 43 km/h for... | Ans: 51.29
RL Step 7364 | Loss: 0.0001 | Avg Reward: -0.10 | Time: 8.4s | Prob: A train travels at 55 km/h for... | Ans: 67.75
RL Step 7365 | Loss: 0.0001 | Avg Reward: -0.10 | Time: 8.2s | Prob: A train travels at 44 km/h for... | Ans: 66.5
RL Step 7366 | Loss: 0.0001 | Avg Reward: -0.10 | Time: 8.2s | Prob: A train travels at 77 km/h for... | Ans: 71.0
RL Step 7367 | Loss: 0.0001 | Avg Reward: -0.10 | Time: 8.2s | Prob: A train travels at 62 km/h for... | Ans: 64.29
RL Step 7368 | Loss: 0.0000 | Avg Reward: -0.10 | Time: 8.3s | Prob: A train travels at 59 km/h for... | Ans: 63.5
RL Step 7369 | Loss: -0.0000 | Avg Reward: -0.10 | Time: 8.2s | Prob: A train travels at 64 km/h for... | Ans: 73.0
RL Step 7370 | Loss: 0.0001 | Avg Reward: -0.10 | Time: 8.3s | Prob: A train travels at 52 km/h for... | Ans: 72.0
RL Step 7371 | Loss: 0.0000 | Avg Reward: -0.10 | Time: 8.2s | Prob: A train travels at 56 km/h for... | Ans: 62.0
RL Step 7372 | Loss: 0.0002 | Avg Reward: -0.10 | Time: 8.2s | Prob: A train travels at 59 km/h for... | Ans: 67.0
RL Step 7373 | Loss: 0.0001 | Avg Reward: -0.10 | Time: 8.4s | Prob: A train travels at 75 km/h for... | Ans: 78.38
RL Step 7374 | Loss: 0.0001 | Avg Reward: -0.10 | Time: 8.3s | Prob: A train travels at 77 km/h for... | Ans: 65.67
RL Step 7375 | Loss: 0.0001 | Avg Reward: -0.10 | Time: 8.2s | Prob: A train travels at 75 km/h for... | Ans: 86.0
RL Step 7376 | Loss: 0.0000 | Avg Reward: -0.10 | Time: 8.4s | Prob: A train travels at 74 km/h for... | Ans: 89.71
RL Step 7377 | Loss: 0.0001 | Avg Reward: -0.10 | Time: 8.3s | Prob: A train travels at 69 km/h for... | Ans: 74.56
RL Step 7378 | Loss: 0.0001 | Avg Reward: -0.10 | Time: 8.3s | Prob: A train travels at 42 km/h for... | Ans: 62.57
RL Step 7379 | Loss: 0.0001 | Avg Reward: -0.10 | Time: 8.4s | Prob: A train travels at 61 km/h for... | Ans: 70.14
RL Step 7380 | Loss: 0.0001 | Avg Reward: -0.10 | Time: 8.3s | Prob: A train travels at 48 km/h for... | Ans: 58.86
RL Step 7381 | Loss: 0.0000 | Avg Reward: -0.10 | Time: 8.3s | Prob: A train travels at 65 km/h for... | Ans: 62.78
RL Step 7382 | Loss: 0.0001 | Avg Reward: -0.10 | Time: 8.3s | Prob: A train travels at 48 km/h for... | Ans: 58.5
RL Step 7383 | Loss: 0.0000 | Avg Reward: -0.10 | Time: 8.2s | Prob: A train travels at 45 km/h for... | Ans: 69.0
RL Step 7384 | Loss: 0.0000 | Avg Reward: -0.10 | Time: 8.4s | Prob: A train travels at 56 km/h for... | Ans: 64.62
RL Step 7385 | Loss: 0.0039 | Avg Reward: 0.17 | Time: 8.2s | Prob: A train travels at 48 km/h for... | Ans: 71.0
RL Step 7386 | Loss: 0.0001 | Avg Reward: -0.10 | Time: 8.2s | Prob: A train travels at 57 km/h for... | Ans: 78.5
RL Step 7387 | Loss: 0.0001 | Avg Reward: -0.10 | Time: 8.2s | Prob: A train travels at 77 km/h for... | Ans: 85.0
RL Step 7388 | Loss: 0.0002 | Avg Reward: -0.10 | Time: 8.2s | Prob: A train travels at 60 km/h for... | Ans: 71.0
RL Step 7389 | Loss: 0.0078 | Avg Reward: 0.17 | Time: 8.2s | Prob: A train travels at 58 km/h for... | Ans: 69.5
RL Step 7390 | Loss: 0.0001 | Avg Reward: -0.10 | Time: 8.2s | Prob: A train travels at 58 km/h for... | Ans: 67.0
RL Step 7391 | Loss: 0.0002 | Avg Reward: -0.10 | Time: 8.4s | Prob: A train travels at 78 km/h for... | Ans: 73.56
RL Step 7392 | Loss: 0.0001 | Avg Reward: -0.10 | Time: 8.4s | Prob: A train travels at 48 km/h for... | Ans: 76.33
RL Step 7393 | Loss: 0.0001 | Avg Reward: -0.10 | Time: 8.1s | Prob: A train travels at 52 km/h for... | Ans: 67.0
RL Step 7394 | Loss: 0.0001 | Avg Reward: -0.10 | Time: 8.3s | Prob: A train travels at 47 km/h for... | Ans: 79.5
RL Step 7395 | Loss: 0.0039 | Avg Reward: 0.17 | Time: 8.2s | Prob: A train travels at 57 km/h for... | Ans: 67.0
RL Step 7396 | Loss: 0.0001 | Avg Reward: -0.10 | Time: 8.2s | Prob: A train travels at 50 km/h for... | Ans: 63.2
RL Step 7397 | Loss: 0.0001 | Avg Reward: -0.10 | Time: 8.2s | Prob: A train travels at 79 km/h for... | Ans: 89.0
RL Step 7398 | Loss: 0.0000 | Avg Reward: -0.10 | Time: 8.2s | Prob: A train travels at 43 km/h for... | Ans: 54.4
RL Step 7399 | Loss: 0.0001 | Avg Reward: -0.10 | Time: 8.4s | Prob: A train travels at 74 km/h for... | Ans: 70.88
RL Step 7400 | Loss: 0.0001 | Avg Reward: -0.10 | Time: 8.2s | Prob: A train travels at 66 km/h for... | Ans: 70.5
Saving RL Checkpoint at step 7400...
RL Step 7401 | Loss: 0.0117 | Avg Reward: 0.45 | Time: 8.2s | Prob: A train travels at 73 km/h for... | Ans: 86.8
RL Step 7402 | Loss: 0.0001 | Avg Reward: -0.10 | Time: 8.3s | Prob: A train travels at 71 km/h for... | Ans: 67.67
RL Step 7403 | Loss: 0.0000 | Avg Reward: -0.10 | Time: 8.3s | Prob: A train travels at 67 km/h for... | Ans: 69.0
RL Step 7404 | Loss: 0.0001 | Avg Reward: -0.10 | Time: 8.3s | Prob: A train travels at 75 km/h for... | Ans: 79.86
RL Step 7405 | Loss: 0.0039 | Avg Reward: 0.17 | Time: 8.1s | Prob: A train travels at 48 km/h for... | Ans: 68.5
RL Step 7406 | Loss: 0.0002 | Avg Reward: -0.10 | Time: 8.4s | Prob: A train travels at 77 km/h for... | Ans: 78.78
RL Step 7407 | Loss: 0.0001 | Avg Reward: -0.10 | Time: 8.4s | Prob: A train travels at 52 km/h for... | Ans: 57.33
RL Step 7408 | Loss: 0.0001 | Avg Reward: -0.10 | Time: 8.2s | Prob: A train travels at 46 km/h for... | Ans: 70.6
RL Step 7409 | Loss: 0.0001 | Avg Reward: -0.10 | Time: 8.4s | Prob: A train travels at 50 km/h for... | Ans: 62.22
RL Step 7410 | Loss: 0.0020 | Avg Reward: 0.17 | Time: 8.3s | Prob: A train travels at 49 km/h for... | Ans: 72.33
RL Step 7411 | Loss: 0.0001 | Avg Reward: -0.10 | Time: 8.4s | Prob: A train travels at 64 km/h for... | Ans: 82.57
RL Step 7412 | Loss: 0.0001 | Avg Reward: -0.10 | Time: 8.2s | Prob: A train travels at 63 km/h for... | Ans: 69.4
RL Step 7413 | Loss: 0.0039 | Avg Reward: 0.17 | Time: 8.2s | Prob: A train travels at 59 km/h for... | Ans: 65.0
RL Step 7414 | Loss: 0.0002 | Avg Reward: -0.10 | Time: 8.2s | Prob: A train travels at 45 km/h for... | Ans: 56.6
RL Step 7415 | Loss: -0.0000 | Avg Reward: -0.10 | Time: 8.2s | Prob: A train travels at 78 km/h for... | Ans: 81.5
RL Step 7416 | Loss: 0.0001 | Avg Reward: -0.10 | Time: 8.3s | Prob: A train travels at 65 km/h for... | Ans: 65.0
RL Step 7417 | Loss: 0.0000 | Avg Reward: -0.10 | Time: 8.2s | Prob: A train travels at 45 km/h for... | Ans: 54.5
RL Step 7418 | Loss: 0.0059 | Avg Reward: 0.17 | Time: 8.3s | Prob: A train travels at 69 km/h for... | Ans: 73.71
RL Step 7419 | Loss: 0.0059 | Avg Reward: 0.17 | Time: 8.3s | Prob: A train travels at 65 km/h for... | Ans: 81.0
RL Step 7420 | Loss: 0.0000 | Avg Reward: -0.10 | Time: 8.4s | Prob: A train travels at 66 km/h for... | Ans: 78.0
RL Step 7421 | Loss: 0.0001 | Avg Reward: -0.10 | Time: 8.4s | Prob: A train travels at 69 km/h for... | Ans: 72.11
RL Step 7422 | Loss: 0.0001 | Avg Reward: -0.10 | Time: 8.4s | Prob: A train travels at 80 km/h for... | Ans: 75.56
RL Step 7423 | Loss: 0.0001 | Avg Reward: -0.10 | Time: 8.3s | Prob: A train travels at 65 km/h for... | Ans: 75.88
RL Step 7424 | Loss: 0.0156 | Avg Reward: 0.45 | Time: 8.2s | Prob: A train travels at 74 km/h for... | Ans: 67.0
RL Step 7425 | Loss: 0.0001 | Avg Reward: -0.10 | Time: 8.3s | Prob: A train travels at 65 km/h for... | Ans: 64.57
RL Step 7426 | Loss: 0.0001 | Avg Reward: -0.10 | Time: 8.2s | Prob: A train travels at 52 km/h for... | Ans: 56.8
RL Step 7427 | Loss: 0.0001 | Avg Reward: -0.10 | Time: 8.3s | Prob: A train travels at 72 km/h for... | Ans: 69.0
RL Step 7428 | Loss: 0.0001 | Avg Reward: -0.10 | Time: 8.1s | Prob: A train travels at 46 km/h for... | Ans: 59.0
RL Step 7429 | Loss: 0.0000 | Avg Reward: -0.10 | Time: 8.2s | Prob: A train travels at 75 km/h for... | Ans: 83.5
RL Step 7430 | Loss: 0.0001 | Avg Reward: -0.10 | Time: 8.2s | Prob: A train travels at 41 km/h for... | Ans: 56.2
RL Step 7431 | Loss: 0.0156 | Avg Reward: 0.17 | Time: 8.2s | Prob: A train travels at 50 km/h for... | Ans: 55.2
RL Step 7432 | Loss: 0.0176 | Avg Reward: 0.17 | Time: 8.4s | Prob: A train travels at 78 km/h for... | Ans: 79.71
RL Step 7433 | Loss: 0.0001 | Avg Reward: -0.10 | Time: 8.2s | Prob: A train travels at 57 km/h for... | Ans: 63.0
RL Step 7434 | Loss: 0.0001 | Avg Reward: -0.10 | Time: 8.3s | Prob: A train travels at 78 km/h for... | Ans: 72.67
RL Step 7435 | Loss: 0.0001 | Avg Reward: -0.10 | Time: 8.2s | Prob: A train travels at 71 km/h for... | Ans: 82.0
RL Step 7436 | Loss: 0.0002 | Avg Reward: -0.10 | Time: 8.2s | Prob: A train travels at 70 km/h for... | Ans: 65.0
RL Step 7437 | Loss: 0.0002 | Avg Reward: -0.10 | Time: 8.3s | Prob: A train travels at 43 km/h for... | Ans: 60.14
RL Step 7438 | Loss: 0.0000 | Avg Reward: -0.10 | Time: 8.3s | Prob: A train travels at 48 km/h for... | Ans: 52.88
RL Step 7439 | Loss: 0.0000 | Avg Reward: -0.10 | Time: 8.3s | Prob: A train travels at 46 km/h for... | Ans: 57.14
RL Step 7440 | Loss: -0.0000 | Avg Reward: -0.10 | Time: 8.3s | Prob: A train travels at 72 km/h for... | Ans: 74.33
RL Step 7441 | Loss: 0.0001 | Avg Reward: -0.10 | Time: 8.4s | Prob: A train travels at 55 km/h for... | Ans: 77.86
RL Step 7442 | Loss: 0.0000 | Avg Reward: -0.10 | Time: 8.2s | Prob: A train travels at 51 km/h for... | Ans: 64.0
RL Step 7443 | Loss: 0.0000 | Avg Reward: -0.10 | Time: 8.2s | Prob: A train travels at 56 km/h for... | Ans: 57.6
RL Step 7444 | Loss: 0.0000 | Avg Reward: 0.17 | Time: 8.3s | Prob: A train travels at 40 km/h for... | Ans: 70.0
RL Step 7445 | Loss: 0.0001 | Avg Reward: -0.10 | Time: 8.2s | Prob: A train travels at 67 km/h for... | Ans: 70.0
RL Step 7446 | Loss: 0.0000 | Avg Reward: -0.10 | Time: 8.4s | Prob: A train travels at 77 km/h for... | Ans: 73.57
RL Step 7447 | Loss: 0.0001 | Avg Reward: -0.10 | Time: 8.1s | Prob: A train travels at 53 km/h for... | Ans: 64.4
RL Step 7448 | Loss: 0.0002 | Avg Reward: -0.10 | Time: 8.2s | Prob: A train travels at 44 km/h for... | Ans: 62.4
RL Step 7449 | Loss: 0.0000 | Avg Reward: -0.10 | Time: 8.4s | Prob: A train travels at 68 km/h for... | Ans: 68.0
RL Step 7450 | Loss: 0.0001 | Avg Reward: -0.10 | Time: 8.2s | Prob: A train travels at 78 km/h for... | Ans: 84.5
RL Step 7451 | Loss: 0.0002 | Avg Reward: -0.10 | Time: 8.1s | Prob: A train travels at 62 km/h for... | Ans: 72.0
RL Step 7452 | Loss: 0.0586 | Avg Reward: 0.17 | Time: 8.2s | Prob: A train travels at 73 km/h for... | Ans: 73.8
RL Step 7453 | Loss: 0.0001 | Avg Reward: -0.10 | Time: 8.2s | Prob: A train travels at 75 km/h for... | Ans: 69.5
RL Step 7454 | Loss: 0.0001 | Avg Reward: -0.10 | Time: 8.4s | Prob: A train travels at 67 km/h for... | Ans: 74.56
RL Step 7455 | Loss: 0.0000 | Avg Reward: -0.10 | Time: 8.3s | Prob: A train travels at 44 km/h for... | Ans: 55.43
RL Step 7456 | Loss: 0.0001 | Avg Reward: -0.10 | Time: 8.2s | Prob: A train travels at 45 km/h for... | Ans: 61.0
RL Step 7457 | Loss: 0.0001 | Avg Reward: -0.10 | Time: 8.2s | Prob: A train travels at 53 km/h for... | Ans: 76.0
RL Step 7458 | Loss: 0.0001 | Avg Reward: -0.10 | Time: 8.3s | Prob: A train travels at 74 km/h for... | Ans: 75.43
RL Step 7459 | Loss: 0.0000 | Avg Reward: -0.10 | Time: 8.3s | Prob: A train travels at 64 km/h for... | Ans: 73.44
RL Step 7460 | Loss: 0.0001 | Avg Reward: -0.10 | Time: 8.2s | Prob: A train travels at 67 km/h for... | Ans: 69.67
RL Step 7461 | Loss: 0.0001 | Avg Reward: -0.10 | Time: 8.2s | Prob: A train travels at 75 km/h for... | Ans: 86.4
RL Step 7462 | Loss: 0.0001 | Avg Reward: -0.10 | Time: 8.2s | Prob: A train travels at 76 km/h for... | Ans: 83.0
RL Step 7463 | Loss: 0.0001 | Avg Reward: -0.10 | Time: 8.1s | Prob: A train travels at 60 km/h for... | Ans: 62.0
RL Step 7464 | Loss: 0.0000 | Avg Reward: -0.10 | Time: 8.4s | Prob: A train travels at 53 km/h for... | Ans: 58.33
RL Step 7465 | Loss: 0.0001 | Avg Reward: -0.10 | Time: 8.2s | Prob: A train travels at 70 km/h for... | Ans: 73.0
RL Step 7466 | Loss: 0.0001 | Avg Reward: -0.10 | Time: 8.3s | Prob: A train travels at 49 km/h for... | Ans: 82.57
RL Step 7467 | Loss: 0.0001 | Avg Reward: -0.10 | Time: 8.4s | Prob: A train travels at 75 km/h for... | Ans: 90.0
RL Step 7468 | Loss: -0.0001 | Avg Reward: -0.10 | Time: 8.2s | Prob: A train travels at 59 km/h for... | Ans: 63.0
RL Step 7469 | Loss: 0.0001 | Avg Reward: -0.10 | Time: 8.4s | Prob: A train travels at 44 km/h for... | Ans: 62.22
RL Step 7470 | Loss: -0.0000 | Avg Reward: -0.10 | Time: 8.3s | Prob: A train travels at 59 km/h for... | Ans: 72.33
RL Step 7471 | Loss: 0.0001 | Avg Reward: -0.10 | Time: 8.2s | Prob: A train travels at 69 km/h for... | Ans: 74.0
RL Step 7472 | Loss: 0.0000 | Avg Reward: -0.10 | Time: 8.4s | Prob: A train travels at 49 km/h for... | Ans: 58.38
RL Step 7473 | Loss: 0.0078 | Avg Reward: 0.17 | Time: 8.3s | Prob: A train travels at 77 km/h for... | Ans: 84.71
RL Step 7474 | Loss: 0.0001 | Avg Reward: -0.10 | Time: 8.4s | Prob: A train travels at 54 km/h for... | Ans: 67.33
RL Step 7475 | Loss: 0.0000 | Avg Reward: -0.10 | Time: 8.4s | Prob: A train travels at 54 km/h for... | Ans: 82.12
RL Step 7476 | Loss: 0.0001 | Avg Reward: -0.10 | Time: 8.2s | Prob: A train travels at 79 km/h for... | Ans: 75.0
RL Step 7477 | Loss: 0.0001 | Avg Reward: -0.10 | Time: 8.2s | Prob: A train travels at 43 km/h for... | Ans: 61.0
RL Step 7478 | Loss: 0.0001 | Avg Reward: -0.10 | Time: 8.3s | Prob: A train travels at 54 km/h for... | Ans: 70.88
RL Step 7479 | Loss: 0.0001 | Avg Reward: -0.10 | Time: 8.3s | Prob: A train travels at 50 km/h for... | Ans: 71.33
RL Step 7480 | Loss: 0.0001 | Avg Reward: -0.10 | Time: 8.3s | Prob: A train travels at 45 km/h for... | Ans: 59.57
RL Step 7481 | Loss: -0.0020 | Avg Reward: 0.17 | Time: 8.3s | Prob: A train travels at 43 km/h for... | Ans: 58.67
RL Step 7482 | Loss: 0.0001 | Avg Reward: -0.10 | Time: 8.4s | Prob: A train travels at 53 km/h for... | Ans: 71.57
RL Step 7483 | Loss: 0.0000 | Avg Reward: -0.10 | Time: 8.2s | Prob: A train travels at 55 km/h for... | Ans: 62.8
RL Step 7484 | Loss: 0.0001 | Avg Reward: -0.10 | Time: 8.3s | Prob: A train travels at 75 km/h for... | Ans: 81.0
RL Step 7485 | Loss: 0.0001 | Avg Reward: -0.10 | Time: 8.2s | Prob: A train travels at 78 km/h for... | Ans: 85.2
RL Step 7486 | Loss: 0.0000 | Avg Reward: -0.10 | Time: 8.3s | Prob: A train travels at 73 km/h for... | Ans: 69.43
RL Step 7487 | Loss: 0.0000 | Avg Reward: -0.10 | Time: 8.3s | Prob: A train travels at 54 km/h for... | Ans: 61.71
RL Step 7488 | Loss: 0.0000 | Avg Reward: -0.10 | Time: 8.3s | Prob: A train travels at 50 km/h for... | Ans: 70.0
RL Step 7489 | Loss: 0.0000 | Avg Reward: -0.10 | Time: 8.2s | Prob: A train travels at 50 km/h for... | Ans: 70.0
RL Step 7490 | Loss: 0.0001 | Avg Reward: -0.10 | Time: 8.3s | Prob: A train travels at 66 km/h for... | Ans: 75.14
RL Step 7491 | Loss: 0.0001 | Avg Reward: -0.10 | Time: 8.4s | Prob: A train travels at 55 km/h for... | Ans: 71.29
RL Step 7492 | Loss: 0.0001 | Avg Reward: -0.10 | Time: 8.2s | Prob: A train travels at 51 km/h for... | Ans: 57.5
RL Step 7493 | Loss: 0.0003 | Avg Reward: -0.10 | Time: 8.2s | Prob: A train travels at 44 km/h for... | Ans: 72.0
RL Step 7494 | Loss: 0.0001 | Avg Reward: -0.10 | Time: 8.3s | Prob: A train travels at 56 km/h for... | Ans: 64.14
RL Step 7495 | Loss: 0.0001 | Avg Reward: -0.10 | Time: 8.2s | Prob: A train travels at 48 km/h for... | Ans: 80.0
RL Step 7496 | Loss: 0.0001 | Avg Reward: -0.10 | Time: 8.3s | Prob: A train travels at 46 km/h for... | Ans: 60.86
RL Step 7497 | Loss: 0.0001 | Avg Reward: -0.10 | Time: 8.4s | Prob: A train travels at 46 km/h for... | Ans: 59.78
RL Step 7498 | Loss: 0.0001 | Avg Reward: -0.10 | Time: 8.4s | Prob: A train travels at 73 km/h for... | Ans: 83.12
RL Step 7499 | Loss: 0.0001 | Avg Reward: -0.10 | Time: 8.4s | Prob: A train travels at 70 km/h for... | Ans: 89.29
RL Step 7500 | Loss: 0.0001 | Avg Reward: -0.10 | Time: 8.4s | Prob: A train travels at 65 km/h for... | Ans: 71.11
RL Step 7501 | Loss: 0.0312 | Avg Reward: 0.17 | Time: 8.3s | Prob: A train travels at 65 km/h for... | Ans: 70.33
RL Step 7502 | Loss: 0.0001 | Avg Reward: -0.10 | Time: 8.4s | Prob: A train travels at 66 km/h for... | Ans: 76.12
RL Step 7503 | Loss: 0.0003 | Avg Reward: -0.10 | Time: 8.4s | Prob: A train travels at 70 km/h for... | Ans: 67.33
RL Step 7504 | Loss: 0.0001 | Avg Reward: -0.10 | Time: 8.2s | Prob: A train travels at 48 km/h for... | Ans: 64.4
RL Step 7505 | Loss: 0.0000 | Avg Reward: -0.10 | Time: 8.3s | Prob: A train travels at 75 km/h for... | Ans: 90.0
RL Step 7506 | Loss: -0.0000 | Avg Reward: -0.10 | Time: 8.2s | Prob: A train travels at 61 km/h for... | Ans: 63.5
RL Step 7507 | Loss: 0.0001 | Avg Reward: -0.10 | Time: 8.3s | Prob: A train travels at 74 km/h for... | Ans: 70.57
RL Step 7508 | Loss: 0.0001 | Avg Reward: -0.10 | Time: 8.2s | Prob: A train travels at 47 km/h for... | Ans: 67.5
RL Step 7509 | Loss: 0.0000 | Avg Reward: -0.10 | Time: 8.2s | Prob: A train travels at 46 km/h for... | Ans: 69.5
RL Step 7510 | Loss: -0.0000 | Avg Reward: -0.10 | Time: 8.2s | Prob: A train travels at 65 km/h for... | Ans: 65.8
RL Step 7511 | Loss: 0.0001 | Avg Reward: -0.10 | Time: 8.4s | Prob: A train travels at 75 km/h for... | Ans: 80.0
RL Step 7512 | Loss: 0.0000 | Avg Reward: -0.10 | Time: 8.3s | Prob: A train travels at 78 km/h for... | Ans: 76.0
RL Step 7513 | Loss: 0.0001 | Avg Reward: -0.10 | Time: 8.4s | Prob: A train travels at 72 km/h for... | Ans: 69.22
RL Step 7514 | Loss: 0.0001 | Avg Reward: -0.10 | Time: 8.3s | Prob: A train travels at 77 km/h for... | Ans: 79.22
RL Step 7515 | Loss: 0.0001 | Avg Reward: -0.10 | Time: 8.3s | Prob: A train travels at 63 km/h for... | Ans: 64.71
RL Step 7516 | Loss: 0.0001 | Avg Reward: -0.10 | Time: 8.1s | Prob: A train travels at 71 km/h for... | Ans: 85.0
RL Step 7517 | Loss: 0.0001 | Avg Reward: -0.10 | Time: 8.2s | Prob: A train travels at 78 km/h for... | Ans: 85.2
RL Step 7518 | Loss: 0.0000 | Avg Reward: -0.10 | Time: 8.3s | Prob: A train travels at 78 km/h for... | Ans: 69.33
RL Step 7519 | Loss: 0.0002 | Avg Reward: -0.10 | Time: 8.4s | Prob: A train travels at 75 km/h for... | Ans: 82.88
RL Step 7520 | Loss: 0.0001 | Avg Reward: -0.10 | Time: 8.2s | Prob: A train travels at 45 km/h for... | Ans: 72.6
RL Step 7521 | Loss: -0.0000 | Avg Reward: -0.10 | Time: 8.2s | Prob: A train travels at 74 km/h for... | Ans: 83.6
RL Step 7522 | Loss: 0.0001 | Avg Reward: -0.10 | Time: 8.4s | Prob: A train travels at 46 km/h for... | Ans: 64.86
RL Step 7523 | Loss: 0.0000 | Avg Reward: -0.10 | Time: 8.3s | Prob: A train travels at 63 km/h for... | Ans: 67.86
RL Step 7524 | Loss: 0.0001 | Avg Reward: -0.10 | Time: 8.2s | Prob: A train travels at 76 km/h for... | Ans: 88.0
RL Step 7525 | Loss: 0.0001 | Avg Reward: -0.10 | Time: 8.3s | Prob: A train travels at 56 km/h for... | Ans: 66.67
RL Step 7526 | Loss: 0.0001 | Avg Reward: -0.10 | Time: 8.3s | Prob: A train travels at 56 km/h for... | Ans: 81.0
RL Step 7527 | Loss: 0.0001 | Avg Reward: -0.10 | Time: 8.3s | Prob: A train travels at 60 km/h for... | Ans: 64.57
RL Step 7528 | Loss: 0.0002 | Avg Reward: -0.10 | Time: 8.2s | Prob: A train travels at 41 km/h for... | Ans: 69.0
RL Step 7529 | Loss: 0.0001 | Avg Reward: -0.10 | Time: 8.3s | Prob: A train travels at 57 km/h for... | Ans: 61.0
RL Step 7530 | Loss: 0.0001 | Avg Reward: -0.10 | Time: 8.2s | Prob: A train travels at 74 km/h for... | Ans: 76.5
RL Step 7531 | Loss: 0.0001 | Avg Reward: -0.10 | Time: 8.3s | Prob: A train travels at 50 km/h for... | Ans: 62.78
RL Step 7532 | Loss: 0.0001 | Avg Reward: -0.10 | Time: 8.3s | Prob: A train travels at 40 km/h for... | Ans: 67.5
RL Step 7533 | Loss: 0.0001 | Avg Reward: -0.10 | Time: 8.4s | Prob: A train travels at 50 km/h for... | Ans: 62.0
RL Step 7534 | Loss: 0.0001 | Avg Reward: -0.10 | Time: 8.3s | Prob: A train travels at 77 km/h for... | Ans: 89.22
RL Step 7535 | Loss: 0.0000 | Avg Reward: -0.10 | Time: 8.2s | Prob: A train travels at 55 km/h for... | Ans: 60.5
RL Step 7536 | Loss: 0.0001 | Avg Reward: -0.10 | Time: 8.3s | Prob: A train travels at 80 km/h for... | Ans: 73.12
RL Step 7537 | Loss: 0.0002 | Avg Reward: -0.10 | Time: 8.3s | Prob: A train travels at 51 km/h for... | Ans: 69.86
RL Step 7538 | Loss: 0.0001 | Avg Reward: -0.10 | Time: 8.4s | Prob: A train travels at 71 km/h for... | Ans: 78.0
RL Step 7539 | Loss: 0.0001 | Avg Reward: -0.10 | Time: 8.4s | Prob: A train travels at 56 km/h for... | Ans: 67.56
RL Step 7540 | Loss: 0.0001 | Avg Reward: -0.10 | Time: 8.4s | Prob: A train travels at 57 km/h for... | Ans: 67.57
RL Step 7541 | Loss: 0.0000 | Avg Reward: -0.10 | Time: 8.1s | Prob: A train travels at 65 km/h for... | Ans: 65.0
RL Step 7542 | Loss: 0.0002 | Avg Reward: -0.10 | Time: 8.2s | Prob: A train travels at 58 km/h for... | Ans: 75.0
RL Step 7543 | Loss: -0.0000 | Avg Reward: -0.10 | Time: 8.3s | Prob: A train travels at 61 km/h for... | Ans: 68.33
RL Step 7544 | Loss: -0.0098 | Avg Reward: 0.17 | Time: 8.2s | Prob: A train travels at 62 km/h for... | Ans: 76.0
RL Step 7545 | Loss: 0.0000 | Avg Reward: -0.10 | Time: 8.2s | Prob: A train travels at 46 km/h for... | Ans: 61.6
RL Step 7546 | Loss: 0.0001 | Avg Reward: -0.10 | Time: 8.3s | Prob: A train travels at 54 km/h for... | Ans: 63.44
RL Step 7547 | Loss: 0.0001 | Avg Reward: -0.10 | Time: 8.4s | Prob: A train travels at 45 km/h for... | Ans: 66.67
RL Step 7548 | Loss: 0.0000 | Avg Reward: -0.10 | Time: 8.2s | Prob: A train travels at 53 km/h for... | Ans: 68.0
RL Step 7549 | Loss: 0.0001 | Avg Reward: -0.10 | Time: 8.3s | Prob: A train travels at 51 km/h for... | Ans: 60.86
RL Step 7550 | Loss: 0.0001 | Avg Reward: -0.10 | Time: 8.3s | Prob: A train travels at 50 km/h for... | Ans: 59.0
RL Step 7551 | Loss: 0.0001 | Avg Reward: -0.10 | Time: 8.2s | Prob: A train travels at 49 km/h for... | Ans: 60.0
RL Step 7552 | Loss: 0.0020 | Avg Reward: 0.17 | Time: 8.2s | Prob: A train travels at 59 km/h for... | Ans: 61.5
RL Step 7553 | Loss: 0.0000 | Avg Reward: -0.10 | Time: 8.2s | Prob: A train travels at 53 km/h for... | Ans: 57.5
RL Step 7554 | Loss: 0.0001 | Avg Reward: -0.10 | Time: 8.3s | Prob: A train travels at 71 km/h for... | Ans: 88.86
RL Step 7555 | Loss: 0.0001 | Avg Reward: -0.10 | Time: 8.3s | Prob: A train travels at 63 km/h for... | Ans: 73.5
RL Step 7556 | Loss: 0.0001 | Avg Reward: -0.10 | Time: 8.4s | Prob: A train travels at 49 km/h for... | Ans: 64.11
RL Step 7557 | Loss: 0.0001 | Avg Reward: -0.10 | Time: 8.4s | Prob: A train travels at 70 km/h for... | Ans: 76.86
RL Step 7558 | Loss: 0.0002 | Avg Reward: -0.10 | Time: 8.4s | Prob: A train travels at 60 km/h for... | Ans: 77.14
RL Step 7559 | Loss: 0.0000 | Avg Reward: -0.10 | Time: 8.1s | Prob: A train travels at 55 km/h for... | Ans: 66.5
RL Step 7560 | Loss: 0.0000 | Avg Reward: -0.10 | Time: 8.3s | Prob: A train travels at 45 km/h for... | Ans: 52.14
RL Step 7561 | Loss: 0.0001 | Avg Reward: -0.10 | Time: 8.3s | Prob: A train travels at 68 km/h for... | Ans: 70.57
RL Step 7562 | Loss: 0.0078 | Avg Reward: 0.17 | Time: 8.4s | Prob: A train travels at 69 km/h for... | Ans: 66.78
RL Step 7563 | Loss: 0.0001 | Avg Reward: -0.10 | Time: 8.2s | Prob: A train travels at 41 km/h for... | Ans: 60.29
RL Step 7564 | Loss: 0.0001 | Avg Reward: -0.10 | Time: 8.2s | Prob: A train travels at 60 km/h for... | Ans: 76.5
RL Step 7565 | Loss: 0.0000 | Avg Reward: -0.10 | Time: 8.2s | Prob: A train travels at 58 km/h for... | Ans: 79.0
RL Step 7566 | Loss: 0.0001 | Avg Reward: -0.10 | Time: 8.2s | Prob: A train travels at 58 km/h for... | Ans: 66.0
RL Step 7567 | Loss: -0.0000 | Avg Reward: -0.10 | Time: 8.2s | Prob: A train travels at 75 km/h for... | Ans: 75.5
RL Step 7568 | Loss: 0.0000 | Avg Reward: -0.10 | Time: 8.4s | Prob: A train travels at 74 km/h for... | Ans: 76.86
RL Step 7569 | Loss: 0.0002 | Avg Reward: -0.10 | Time: 8.3s | Prob: A train travels at 41 km/h for... | Ans: 71.0
RL Step 7570 | Loss: 0.0001 | Avg Reward: -0.10 | Time: 8.2s | Prob: A train travels at 63 km/h for... | Ans: 76.8
RL Step 7571 | Loss: 0.0000 | Avg Reward: -0.10 | Time: 8.4s | Prob: A train travels at 64 km/h for... | Ans: 68.0
RL Step 7572 | Loss: 0.0001 | Avg Reward: -0.10 | Time: 8.2s | Prob: A train travels at 68 km/h for... | Ans: 82.5
RL Step 7573 | Loss: 0.0001 | Avg Reward: -0.10 | Time: 8.3s | Prob: A train travels at 76 km/h for... | Ans: 87.43
RL Step 7574 | Loss: 0.0001 | Avg Reward: -0.10 | Time: 8.3s | Prob: A train travels at 67 km/h for... | Ans: 73.33
RL Step 7575 | Loss: 0.0001 | Avg Reward: -0.10 | Time: 8.2s | Prob: A train travels at 55 km/h for... | Ans: 81.4
RL Step 7576 | Loss: -0.0000 | Avg Reward: -0.10 | Time: 8.2s | Prob: A train travels at 72 km/h for... | Ans: 74.4
RL Step 7577 | Loss: 0.0001 | Avg Reward: -0.10 | Time: 8.4s | Prob: A train travels at 47 km/h for... | Ans: 56.33
RL Step 7578 | Loss: 0.0001 | Avg Reward: -0.10 | Time: 8.3s | Prob: A train travels at 79 km/h for... | Ans: 92.12
RL Step 7579 | Loss: 0.0001 | Avg Reward: -0.10 | Time: 8.1s | Prob: A train travels at 66 km/h for... | Ans: 63.0
RL Step 7580 | Loss: 0.0002 | Avg Reward: -0.10 | Time: 8.3s | Prob: A train travels at 44 km/h for... | Ans: 61.71
RL Step 7581 | Loss: 0.0001 | Avg Reward: -0.10 | Time: 8.3s | Prob: A train travels at 73 km/h for... | Ans: 75.62
RL Step 7582 | Loss: 0.0001 | Avg Reward: -0.10 | Time: 8.4s | Prob: A train travels at 72 km/h for... | Ans: 65.89
RL Step 7583 | Loss: 0.0001 | Avg Reward: -0.10 | Time: 8.2s | Prob: A train travels at 62 km/h for... | Ans: 63.5
RL Step 7584 | Loss: 0.0156 | Avg Reward: 0.17 | Time: 8.3s | Prob: A train travels at 56 km/h for... | Ans: 66.71
RL Step 7585 | Loss: 0.0000 | Avg Reward: -0.10 | Time: 8.4s | Prob: A train travels at 57 km/h for... | Ans: 62.62
RL Step 7586 | Loss: 0.0001 | Avg Reward: -0.10 | Time: 8.3s | Prob: A train travels at 56 km/h for... | Ans: 74.5
RL Step 7587 | Loss: 0.0059 | Avg Reward: 0.17 | Time: 8.2s | Prob: A train travels at 46 km/h for... | Ans: 70.0
RL Step 7588 | Loss: 0.0002 | Avg Reward: -0.10 | Time: 8.2s | Prob: A train travels at 80 km/h for... | Ans: 90.0
RL Step 7589 | Loss: 0.0001 | Avg Reward: -0.10 | Time: 8.2s | Prob: A train travels at 45 km/h for... | Ans: 62.5
RL Step 7590 | Loss: 0.0001 | Avg Reward: -0.10 | Time: 8.3s | Prob: A train travels at 56 km/h for... | Ans: 77.88
RL Step 7591 | Loss: -0.0156 | Avg Reward: 0.17 | Time: 8.2s | Prob: A train travels at 47 km/h for... | Ans: 55.8
RL Step 7592 | Loss: 0.0002 | Avg Reward: -0.10 | Time: 8.2s | Prob: A train travels at 46 km/h for... | Ans: 74.8
RL Step 7593 | Loss: 0.0001 | Avg Reward: -0.10 | Time: 8.2s | Prob: A train travels at 71 km/h for... | Ans: 79.67
RL Step 7594 | Loss: 0.0002 | Avg Reward: -0.10 | Time: 8.2s | Prob: A train travels at 78 km/h for... | Ans: 78.0
RL Step 7595 | Loss: 0.0000 | Avg Reward: -0.10 | Time: 8.2s | Prob: A train travels at 65 km/h for... | Ans: 67.33
RL Step 7596 | Loss: 0.0001 | Avg Reward: -0.10 | Time: 8.3s | Prob: A train travels at 52 km/h for... | Ans: 59.43
RL Step 7597 | Loss: 0.0000 | Avg Reward: -0.10 | Time: 8.4s | Prob: A train travels at 42 km/h for... | Ans: 62.25
RL Step 7598 | Loss: 0.0000 | Avg Reward: -0.10 | Time: 8.3s | Prob: A train travels at 72 km/h for... | Ans: 69.67
RL Step 7599 | Loss: 0.0002 | Avg Reward: -0.10 | Time: 8.2s | Prob: A train travels at 52 km/h for... | Ans: 80.2
RL Step 7600 | Loss: -0.0001 | Avg Reward: -0.10 | Time: 8.3s | Prob: A train travels at 65 km/h for... | Ans: 80.33
Saving RL Checkpoint at step 7600...
RL Step 7601 | Loss: 0.0001 | Avg Reward: -0.10 | Time: 8.5s | Prob: A train travels at 55 km/h for... | Ans: 70.75
RL Step 7602 | Loss: 0.0001 | Avg Reward: -0.10 | Time: 8.1s | Prob: A train travels at 52 km/h for... | Ans: 68.0
RL Step 7603 | Loss: 0.0001 | Avg Reward: -0.10 | Time: 8.3s | Prob: A train travels at 45 km/h for... | Ans: 53.57
RL Step 7604 | Loss: 0.0000 | Avg Reward: -0.10 | Time: 8.2s | Prob: A train travels at 44 km/h for... | Ans: 72.0
RL Step 7605 | Loss: 0.0001 | Avg Reward: -0.10 | Time: 8.4s | Prob: A train travels at 73 km/h for... | Ans: 81.25
RL Step 7606 | Loss: 0.0000 | Avg Reward: -0.10 | Time: 8.3s | Prob: A train travels at 46 km/h for... | Ans: 60.62
RL Step 7607 | Loss: 0.0000 | Avg Reward: -0.10 | Time: 8.4s | Prob: A train travels at 80 km/h for... | Ans: 85.62
RL Step 7608 | Loss: 0.0001 | Avg Reward: -0.10 | Time: 8.3s | Prob: A train travels at 80 km/h for... | Ans: 68.57
RL Step 7609 | Loss: 0.0001 | Avg Reward: -0.10 | Time: 8.2s | Prob: A train travels at 45 km/h for... | Ans: 53.4
RL Step 7610 | Loss: 0.0001 | Avg Reward: -0.10 | Time: 8.2s | Prob: A train travels at 67 km/h for... | Ans: 70.0
RL Step 7611 | Loss: 0.0000 | Avg Reward: -0.10 | Time: 8.3s | Prob: A train travels at 51 km/h for... | Ans: 63.67
RL Step 7612 | Loss: 0.0002 | Avg Reward: -0.10 | Time: 8.2s | Prob: A train travels at 57 km/h for... | Ans: 61.5
RL Step 7613 | Loss: 0.0001 | Avg Reward: -0.10 | Time: 8.3s | Prob: A train travels at 70 km/h for... | Ans: 67.22
RL Step 7614 | Loss: 0.0001 | Avg Reward: -0.10 | Time: 8.2s | Prob: A train travels at 46 km/h for... | Ans: 65.5
RL Step 7615 | Loss: 0.0000 | Avg Reward: -0.10 | Time: 8.3s | Prob: A train travels at 54 km/h for... | Ans: 68.14
RL Step 7616 | Loss: 0.0003 | Avg Reward: -0.10 | Time: 8.3s | Prob: A train travels at 42 km/h for... | Ans: 65.5
RL Step 7617 | Loss: 0.0001 | Avg Reward: -0.10 | Time: 8.4s | Prob: A train travels at 75 km/h for... | Ans: 77.22
RL Step 7618 | Loss: 0.0001 | Avg Reward: -0.10 | Time: 8.3s | Prob: A train travels at 75 km/h for... | Ans: 82.29
RL Step 7619 | Loss: 0.0003 | Avg Reward: -0.10 | Time: 8.3s | Prob: A train travels at 43 km/h for... | Ans: 75.67
RL Step 7620 | Loss: 0.0001 | Avg Reward: -0.10 | Time: 8.2s | Prob: A train travels at 72 km/h for... | Ans: 85.2
RL Step 7621 | Loss: 0.0000 | Avg Reward: -0.10 | Time: 8.4s | Prob: A train travels at 48 km/h for... | Ans: 60.0
RL Step 7622 | Loss: 0.0001 | Avg Reward: -0.10 | Time: 8.4s | Prob: A train travels at 61 km/h for... | Ans: 74.12
RL Step 7623 | Loss: 0.0000 | Avg Reward: -0.10 | Time: 8.3s | Prob: A train travels at 50 km/h for... | Ans: 68.0
RL Step 7624 | Loss: 0.0001 | Avg Reward: -0.10 | Time: 8.4s | Prob: A train travels at 71 km/h for... | Ans: 69.57
RL Step 7625 | Loss: 0.0002 | Avg Reward: -0.10 | Time: 8.4s | Prob: A train travels at 41 km/h for... | Ans: 68.78
RL Step 7626 | Loss: 0.0001 | Avg Reward: -0.10 | Time: 8.1s | Prob: A train travels at 63 km/h for... | Ans: 63.5
RL Step 7627 | Loss: 0.0000 | Avg Reward: -0.10 | Time: 8.2s | Prob: A train travels at 74 km/h for... | Ans: 74.8
RL Step 7628 | Loss: 0.0000 | Avg Reward: -0.10 | Time: 8.4s | Prob: A train travels at 70 km/h for... | Ans: 74.44
RL Step 7629 | Loss: 0.0001 | Avg Reward: -0.10 | Time: 8.3s | Prob: A train travels at 76 km/h for... | Ans: 74.0
RL Step 7630 | Loss: 0.0000 | Avg Reward: -0.10 | Time: 8.3s | Prob: A train travels at 48 km/h for... | Ans: 54.86
RL Step 7631 | Loss: 0.0001 | Avg Reward: -0.10 | Time: 8.3s | Prob: A train travels at 68 km/h for... | Ans: 85.71
RL Step 7632 | Loss: 0.0001 | Avg Reward: -0.10 | Time: 8.2s | Prob: A train travels at 76 km/h for... | Ans: 83.8
RL Step 7633 | Loss: 0.0001 | Avg Reward: -0.10 | Time: 8.3s | Prob: A train travels at 54 km/h for... | Ans: 62.89
RL Step 7634 | Loss: 0.0001 | Avg Reward: -0.10 | Time: 8.4s | Prob: A train travels at 64 km/h for... | Ans: 69.62
RL Step 7635 | Loss: 0.0000 | Avg Reward: -0.10 | Time: 8.4s | Prob: A train travels at 76 km/h for... | Ans: 84.33
RL Step 7636 | Loss: 0.0000 | Avg Reward: -0.10 | Time: 8.3s | Prob: A train travels at 47 km/h for... | Ans: 60.71
RL Step 7637 | Loss: 0.0001 | Avg Reward: -0.10 | Time: 8.3s | Prob: A train travels at 56 km/h for... | Ans: 76.56
RL Step 7638 | Loss: 0.0001 | Avg Reward: -0.10 | Time: 8.2s | Prob: A train travels at 63 km/h for... | Ans: 78.0
RL Step 7639 | Loss: 0.0001 | Avg Reward: -0.10 | Time: 8.2s | Prob: A train travels at 76 km/h for... | Ans: 85.5
RL Step 7640 | Loss: -0.0000 | Avg Reward: -0.10 | Time: 8.2s | Prob: A train travels at 42 km/h for... | Ans: 52.0
RL Step 7641 | Loss: 0.0001 | Avg Reward: -0.10 | Time: 8.4s | Prob: A train travels at 53 km/h for... | Ans: 81.75
RL Step 7642 | Loss: 0.0352 | Avg Reward: 0.45 | Time: 8.2s | Prob: A train travels at 76 km/h for... | Ans: 80.8
RL Step 7643 | Loss: 0.0001 | Avg Reward: -0.10 | Time: 8.3s | Prob: A train travels at 57 km/h for... | Ans: 73.0
RL Step 7644 | Loss: 0.0001 | Avg Reward: -0.10 | Time: 8.4s | Prob: A train travels at 74 km/h for... | Ans: 79.33
RL Step 7645 | Loss: 0.0001 | Avg Reward: -0.10 | Time: 8.3s | Prob: A train travels at 56 km/h for... | Ans: 78.14
RL Step 7646 | Loss: 0.0001 | Avg Reward: -0.10 | Time: 8.2s | Prob: A train travels at 67 km/h for... | Ans: 81.4
RL Step 7647 | Loss: 0.0000 | Avg Reward: -0.10 | Time: 8.3s | Prob: A train travels at 57 km/h for... | Ans: 60.86
RL Step 7648 | Loss: 0.0001 | Avg Reward: -0.10 | Time: 8.2s | Prob: A train travels at 48 km/h for... | Ans: 63.6
RL Step 7649 | Loss: 0.0001 | Avg Reward: -0.10 | Time: 8.4s | Prob: A train travels at 75 km/h for... | Ans: 69.38
RL Step 7650 | Loss: 0.0001 | Avg Reward: -0.10 | Time: 8.4s | Prob: A train travels at 77 km/h for... | Ans: 81.0
RL Step 7651 | Loss: 0.0001 | Avg Reward: -0.10 | Time: 8.4s | Prob: A train travels at 52 km/h for... | Ans: 75.33
RL Step 7652 | Loss: -0.0078 | Avg Reward: 0.17 | Time: 8.2s | Prob: A train travels at 77 km/h for... | Ans: 77.5
RL Step 7653 | Loss: 0.0001 | Avg Reward: -0.10 | Time: 8.4s | Prob: A train travels at 70 km/h for... | Ans: 80.22
RL Step 7654 | Loss: 0.0000 | Avg Reward: -0.10 | Time: 8.2s | Prob: A train travels at 58 km/h for... | Ans: 62.0
RL Step 7655 | Loss: 0.0002 | Avg Reward: -0.10 | Time: 8.2s | Prob: A train travels at 45 km/h for... | Ans: 66.2
RL Step 7656 | Loss: 0.0001 | Avg Reward: -0.10 | Time: 8.4s | Prob: A train travels at 59 km/h for... | Ans: 64.71
RL Step 7657 | Loss: 0.0000 | Avg Reward: -0.10 | Time: 8.3s | Prob: A train travels at 68 km/h for... | Ans: 84.25
RL Step 7658 | Loss: 0.0001 | Avg Reward: -0.10 | Time: 8.3s | Prob: A train travels at 63 km/h for... | Ans: 74.43
RL Step 7659 | Loss: 0.0000 | Avg Reward: -0.10 | Time: 8.2s | Prob: A train travels at 78 km/h for... | Ans: 88.67
RL Step 7660 | Loss: 0.0001 | Avg Reward: -0.10 | Time: 8.2s | Prob: A train travels at 42 km/h for... | Ans: 57.0
RL Step 7661 | Loss: 0.0001 | Avg Reward: -0.10 | Time: 8.2s | Prob: A train travels at 65 km/h for... | Ans: 67.4
RL Step 7662 | Loss: 0.0001 | Avg Reward: -0.10 | Time: 8.3s | Prob: A train travels at 42 km/h for... | Ans: 62.57
RL Step 7663 | Loss: 0.0001 | Avg Reward: -0.10 | Time: 8.3s | Prob: A train travels at 64 km/h for... | Ans: 63.14
RL Step 7664 | Loss: 0.0001 | Avg Reward: -0.10 | Time: 8.2s | Prob: A train travels at 54 km/h for... | Ans: 67.2
RL Step 7665 | Loss: 0.0001 | Avg Reward: -0.10 | Time: 8.3s | Prob: A train travels at 54 km/h for... | Ans: 76.29
RL Step 7666 | Loss: 0.0001 | Avg Reward: -0.10 | Time: 8.4s | Prob: A train travels at 44 km/h for... | Ans: 56.57
RL Step 7667 | Loss: 0.0002 | Avg Reward: -0.10 | Time: 8.2s | Prob: A train travels at 55 km/h for... | Ans: 71.8
RL Step 7668 | Loss: -0.0000 | Avg Reward: -0.10 | Time: 8.2s | Prob: A train travels at 43 km/h for... | Ans: 63.5
RL Step 7669 | Loss: 0.0001 | Avg Reward: -0.10 | Time: 8.2s | Prob: A train travels at 42 km/h for... | Ans: 58.0
RL Step 7670 | Loss: -0.0078 | Avg Reward: 0.17 | Time: 8.2s | Prob: A train travels at 48 km/h for... | Ans: 63.0
RL Step 7671 | Loss: 0.0001 | Avg Reward: -0.10 | Time: 8.3s | Prob: A train travels at 61 km/h for... | Ans: 73.0
RL Step 7672 | Loss: -0.0059 | Avg Reward: 0.17 | Time: 8.2s | Prob: A train travels at 51 km/h for... | Ans: 61.5
RL Step 7673 | Loss: 0.0000 | Avg Reward: -0.10 | Time: 8.3s | Prob: A train travels at 78 km/h for... | Ans: 76.29
RL Step 7674 | Loss: 0.0000 | Avg Reward: -0.10 | Time: 8.3s | Prob: A train travels at 63 km/h for... | Ans: 70.0
RL Step 7675 | Loss: 0.0001 | Avg Reward: -0.10 | Time: 8.4s | Prob: A train travels at 74 km/h for... | Ans: 69.88
RL Step 7676 | Loss: 0.0000 | Avg Reward: -0.10 | Time: 8.4s | Prob: A train travels at 48 km/h for... | Ans: 58.5
RL Step 7677 | Loss: 0.0002 | Avg Reward: -0.10 | Time: 8.3s | Prob: A train travels at 77 km/h for... | Ans: 72.0
RL Step 7678 | Loss: 0.0215 | Avg Reward: 0.17 | Time: 8.2s | Prob: A train travels at 51 km/h for... | Ans: 71.0
RL Step 7679 | Loss: -0.0001 | Avg Reward: -0.10 | Time: 8.2s | Prob: A train travels at 49 km/h for... | Ans: 70.0
RL Step 7680 | Loss: 0.0001 | Avg Reward: -0.10 | Time: 8.2s | Prob: A train travels at 52 km/h for... | Ans: 65.0
RL Step 7681 | Loss: 0.0001 | Avg Reward: -0.10 | Time: 8.3s | Prob: A train travels at 44 km/h for... | Ans: 49.67
RL Step 7682 | Loss: 0.0001 | Avg Reward: -0.10 | Time: 8.1s | Prob: A train travels at 61 km/h for... | Ans: 73.0
RL Step 7683 | Loss: 0.0000 | Avg Reward: -0.10 | Time: 8.3s | Prob: A train travels at 71 km/h for... | Ans: 88.5
RL Step 7684 | Loss: 0.0001 | Avg Reward: -0.10 | Time: 8.2s | Prob: A train travels at 67 km/h for... | Ans: 67.4
RL Step 7685 | Loss: 0.0000 | Avg Reward: -0.10 | Time: 8.2s | Prob: A train travels at 59 km/h for... | Ans: 70.5
RL Step 7686 | Loss: 0.0001 | Avg Reward: -0.10 | Time: 8.4s | Prob: A train travels at 49 km/h for... | Ans: 74.0
RL Step 7687 | Loss: 0.0002 | Avg Reward: -0.10 | Time: 8.2s | Prob: A train travels at 72 km/h for... | Ans: 78.5
RL Step 7688 | Loss: 0.0000 | Avg Reward: -0.10 | Time: 8.2s | Prob: A train travels at 70 km/h for... | Ans: 70.0
RL Step 7689 | Loss: 0.0001 | Avg Reward: -0.10 | Time: 8.4s | Prob: A train travels at 46 km/h for... | Ans: 61.0
RL Step 7690 | Loss: 0.0001 | Avg Reward: -0.10 | Time: 8.4s | Prob: A train travels at 50 km/h for... | Ans: 70.56
RL Step 7691 | Loss: 0.0059 | Avg Reward: 0.17 | Time: 8.3s | Prob: A train travels at 64 km/h for... | Ans: 69.71
RL Step 7692 | Loss: 0.0001 | Avg Reward: -0.10 | Time: 8.2s | Prob: A train travels at 76 km/h for... | Ans: 76.0
RL Step 7693 | Loss: 0.0002 | Avg Reward: -0.10 | Time: 8.1s | Prob: A train travels at 79 km/h for... | Ans: 82.0
RL Step 7694 | Loss: 0.0001 | Avg Reward: -0.10 | Time: 8.3s | Prob: A train travels at 40 km/h for... | Ans: 67.14
RL Step 7695 | Loss: 0.0000 | Avg Reward: -0.10 | Time: 8.4s | Prob: A train travels at 60 km/h for... | Ans: 64.67
RL Step 7696 | Loss: 0.0002 | Avg Reward: -0.10 | Time: 8.3s | Prob: A train travels at 48 km/h for... | Ans: 65.62
RL Step 7697 | Loss: 0.0000 | Avg Reward: -0.10 | Time: 8.4s | Prob: A train travels at 46 km/h for... | Ans: 59.5
RL Step 7698 | Loss: 0.0001 | Avg Reward: -0.10 | Time: 8.4s | Prob: A train travels at 57 km/h for... | Ans: 71.62
RL Step 7699 | Loss: 0.0001 | Avg Reward: -0.10 | Time: 8.3s | Prob: A train travels at 75 km/h for... | Ans: 77.25
RL Step 7700 | Loss: 0.0001 | Avg Reward: -0.10 | Time: 8.3s | Prob: A train travels at 61 km/h for... | Ans: 82.33
RL Step 7701 | Loss: 0.0001 | Avg Reward: -0.10 | Time: 8.2s | Prob: A train travels at 40 km/h for... | Ans: 70.6
RL Step 7702 | Loss: 0.0002 | Avg Reward: -0.10 | Time: 8.4s | Prob: A train travels at 67 km/h for... | Ans: 75.25
RL Step 7703 | Loss: 0.0001 | Avg Reward: -0.10 | Time: 8.1s | Prob: A train travels at 58 km/h for... | Ans: 65.2
RL Step 7704 | Loss: 0.0000 | Avg Reward: -0.10 | Time: 8.3s | Prob: A train travels at 43 km/h for... | Ans: 59.0
RL Step 7705 | Loss: 0.0000 | Avg Reward: -0.10 | Time: 8.2s | Prob: A train travels at 75 km/h for... | Ans: 71.4
RL Step 7706 | Loss: -0.0000 | Avg Reward: -0.10 | Time: 8.3s | Prob: A train travels at 44 km/h for... | Ans: 57.0
RL Step 7707 | Loss: 0.0001 | Avg Reward: -0.10 | Time: 8.3s | Prob: A train travels at 71 km/h for... | Ans: 77.88
RL Step 7708 | Loss: 0.0000 | Avg Reward: -0.10 | Time: 8.4s | Prob: A train travels at 45 km/h for... | Ans: 70.0
RL Step 7709 | Loss: 0.0001 | Avg Reward: -0.10 | Time: 8.3s | Prob: A train travels at 68 km/h for... | Ans: 80.43
RL Step 7710 | Loss: 0.0001 | Avg Reward: -0.10 | Time: 8.2s | Prob: A train travels at 79 km/h for... | Ans: 75.0
RL Step 7711 | Loss: 0.0000 | Avg Reward: -0.10 | Time: 8.2s | Prob: A train travels at 54 km/h for... | Ans: 79.2
RL Step 7712 | Loss: 0.0001 | Avg Reward: -0.10 | Time: 8.4s | Prob: A train travels at 66 km/h for... | Ans: 67.11
RL Step 7713 | Loss: 0.0002 | Avg Reward: -0.10 | Time: 8.3s | Prob: A train travels at 72 km/h for... | Ans: 79.71
RL Step 7714 | Loss: 0.0001 | Avg Reward: -0.10 | Time: 8.3s | Prob: A train travels at 49 km/h for... | Ans: 56.33
RL Step 7715 | Loss: 0.0000 | Avg Reward: -0.10 | Time: 8.2s | Prob: A train travels at 51 km/h for... | Ans: 68.57
RL Step 7716 | Loss: 0.0000 | Avg Reward: -0.10 | Time: 8.3s | Prob: A train travels at 60 km/h for... | Ans: 68.67
RL Step 7717 | Loss: 0.0000 | Avg Reward: -0.10 | Time: 8.4s | Prob: A train travels at 69 km/h for... | Ans: 70.88
RL Step 7718 | Loss: 0.0000 | Avg Reward: -0.10 | Time: 8.3s | Prob: A train travels at 45 km/h for... | Ans: 58.33
RL Step 7719 | Loss: 0.0001 | Avg Reward: -0.10 | Time: 8.3s | Prob: A train travels at 68 km/h for... | Ans: 68.0
RL Step 7720 | Loss: 0.0000 | Avg Reward: -0.10 | Time: 8.4s | Prob: A train travels at 63 km/h for... | Ans: 66.33
RL Step 7721 | Loss: 0.0002 | Avg Reward: -0.10 | Time: 8.2s | Prob: A train travels at 52 km/h for... | Ans: 61.0
RL Step 7722 | Loss: 0.0078 | Avg Reward: 0.17 | Time: 8.2s | Prob: A train travels at 72 km/h for... | Ans: 78.8
RL Step 7723 | Loss: 0.0001 | Avg Reward: -0.10 | Time: 8.3s | Prob: A train travels at 48 km/h for... | Ans: 56.57
RL Step 7724 | Loss: -0.0020 | Avg Reward: 0.17 | Time: 8.3s | Prob: A train travels at 79 km/h for... | Ans: 76.33
RL Step 7725 | Loss: 0.0000 | Avg Reward: -0.10 | Time: 8.1s | Prob: A train travels at 62 km/h for... | Ans: 76.5
RL Step 7726 | Loss: 0.0000 | Avg Reward: -0.10 | Time: 8.3s | Prob: A train travels at 50 km/h for... | Ans: 70.0
RL Step 7727 | Loss: -0.0000 | Avg Reward: -0.10 | Time: 8.3s | Prob: A train travels at 67 km/h for... | Ans: 70.86
RL Step 7728 | Loss: 0.0001 | Avg Reward: -0.10 | Time: 8.2s | Prob: A train travels at 42 km/h for... | Ans: 66.0
RL Step 7729 | Loss: 0.0001 | Avg Reward: -0.10 | Time: 8.4s | Prob: A train travels at 60 km/h for... | Ans: 78.86
RL Step 7730 | Loss: 0.0001 | Avg Reward: -0.10 | Time: 8.3s | Prob: A train travels at 53 km/h for... | Ans: 56.43
RL Step 7731 | Loss: 0.0002 | Avg Reward: -0.10 | Time: 8.2s | Prob: A train travels at 64 km/h for... | Ans: 85.0
RL Step 7732 | Loss: 0.0000 | Avg Reward: -0.10 | Time: 8.4s | Prob: A train travels at 70 km/h for... | Ans: 65.62
RL Step 7733 | Loss: 0.0001 | Avg Reward: -0.10 | Time: 8.3s | Prob: A train travels at 42 km/h for... | Ans: 76.29
RL Step 7734 | Loss: 0.0000 | Avg Reward: -0.10 | Time: 8.4s | Prob: A train travels at 80 km/h for... | Ans: 81.67
RL Step 7735 | Loss: 0.0002 | Avg Reward: -0.10 | Time: 8.4s | Prob: A train travels at 69 km/h for... | Ans: 72.89
RL Step 7736 | Loss: 0.0002 | Avg Reward: -0.10 | Time: 8.2s | Prob: A train travels at 64 km/h for... | Ans: 81.0
RL Step 7737 | Loss: 0.0001 | Avg Reward: -0.10 | Time: 8.2s | Prob: A train travels at 64 km/h for... | Ans: 73.0
RL Step 7738 | Loss: 0.0001 | Avg Reward: -0.10 | Time: 8.1s | Prob: A train travels at 68 km/h for... | Ans: 76.4
RL Step 7739 | Loss: 0.0117 | Avg Reward: 0.17 | Time: 8.2s | Prob: A train travels at 53 km/h for... | Ans: 75.2
RL Step 7740 | Loss: 0.0001 | Avg Reward: -0.10 | Time: 8.3s | Prob: A train travels at 63 km/h for... | Ans: 66.43
RL Step 7741 | Loss: 0.0000 | Avg Reward: -0.10 | Time: 8.3s | Prob: A train travels at 45 km/h for... | Ans: 57.67
RL Step 7742 | Loss: 0.0000 | Avg Reward: -0.10 | Time: 8.3s | Prob: A train travels at 43 km/h for... | Ans: 74.43
RL Step 7743 | Loss: 0.0000 | Avg Reward: -0.10 | Time: 8.2s | Prob: A train travels at 42 km/h for... | Ans: 49.2
RL Step 7744 | Loss: 0.0001 | Avg Reward: -0.10 | Time: 8.3s | Prob: A train travels at 79 km/h for... | Ans: 74.33
RL Step 7745 | Loss: 0.0001 | Avg Reward: -0.10 | Time: 8.3s | Prob: A train travels at 76 km/h for... | Ans: 92.0
RL Step 7746 | Loss: 0.0000 | Avg Reward: -0.10 | Time: 8.4s | Prob: A train travels at 58 km/h for... | Ans: 66.86
RL Step 7747 | Loss: 0.0001 | Avg Reward: -0.10 | Time: 8.2s | Prob: A train travels at 64 km/h for... | Ans: 77.2
RL Step 7748 | Loss: 0.0215 | Avg Reward: 0.17 | Time: 8.4s | Prob: A train travels at 49 km/h for... | Ans: 71.22
RL Step 7749 | Loss: 0.0001 | Avg Reward: -0.10 | Time: 8.3s | Prob: A train travels at 73 km/h for... | Ans: 71.12
RL Step 7750 | Loss: 0.0273 | Avg Reward: 0.17 | Time: 8.3s | Prob: A train travels at 72 km/h for... | Ans: 81.33
RL Step 7751 | Loss: 0.0000 | Avg Reward: -0.10 | Time: 8.3s | Prob: A train travels at 46 km/h for... | Ans: 55.33
RL Step 7752 | Loss: -0.0078 | Avg Reward: 0.17 | Time: 8.3s | Prob: A train travels at 53 km/h for... | Ans: 64.33
RL Step 7753 | Loss: 0.0254 | Avg Reward: 0.17 | Time: 8.2s | Prob: A train travels at 62 km/h for... | Ans: 68.8
RL Step 7754 | Loss: 0.0000 | Avg Reward: -0.10 | Time: 8.4s | Prob: A train travels at 53 km/h for... | Ans: 60.11
RL Step 7755 | Loss: 0.0001 | Avg Reward: -0.10 | Time: 8.2s | Prob: A train travels at 45 km/h for... | Ans: 51.0
RL Step 7756 | Loss: 0.0001 | Avg Reward: -0.10 | Time: 8.4s | Prob: A train travels at 54 km/h for... | Ans: 58.0
RL Step 7757 | Loss: 0.0001 | Avg Reward: -0.10 | Time: 8.2s | Prob: A train travels at 46 km/h for... | Ans: 69.5
RL Step 7758 | Loss: -0.0000 | Avg Reward: -0.10 | Time: 8.4s | Prob: A train travels at 53 km/h for... | Ans: 59.0
RL Step 7759 | Loss: 0.0000 | Avg Reward: -0.10 | Time: 8.4s | Prob: A train travels at 56 km/h for... | Ans: 68.38
RL Step 7760 | Loss: 0.0001 | Avg Reward: -0.10 | Time: 8.2s | Prob: A train travels at 60 km/h for... | Ans: 76.8
RL Step 7761 | Loss: 0.0001 | Avg Reward: -0.10 | Time: 8.3s | Prob: A train travels at 51 km/h for... | Ans: 60.5
RL Step 7762 | Loss: 0.0001 | Avg Reward: -0.10 | Time: 8.2s | Prob: A train travels at 74 km/h for... | Ans: 80.0
RL Step 7763 | Loss: 0.0001 | Avg Reward: -0.10 | Time: 8.4s | Prob: A train travels at 53 km/h for... | Ans: 78.14
RL Step 7764 | Loss: -0.0000 | Avg Reward: -0.10 | Time: 8.3s | Prob: A train travels at 45 km/h for... | Ans: 57.67
RL Step 7765 | Loss: 0.0001 | Avg Reward: -0.10 | Time: 8.3s | Prob: A train travels at 59 km/h for... | Ans: 74.5
RL Step 7766 | Loss: 0.0000 | Avg Reward: -0.10 | Time: 8.4s | Prob: A train travels at 47 km/h for... | Ans: 67.44
RL Step 7767 | Loss: 0.0002 | Avg Reward: -0.10 | Time: 8.2s | Prob: A train travels at 48 km/h for... | Ans: 75.0
RL Step 7768 | Loss: 0.0001 | Avg Reward: -0.10 | Time: 8.2s | Prob: A train travels at 65 km/h for... | Ans: 65.0
RL Step 7769 | Loss: 0.0000 | Avg Reward: -0.10 | Time: 8.2s | Prob: A train travels at 47 km/h for... | Ans: 62.6
RL Step 7770 | Loss: 0.0000 | Avg Reward: -0.10 | Time: 8.3s | Prob: A train travels at 57 km/h for... | Ans: 67.5
RL Step 7771 | Loss: 0.0000 | Avg Reward: -0.10 | Time: 8.2s | Prob: A train travels at 45 km/h for... | Ans: 72.0
RL Step 7772 | Loss: 0.0001 | Avg Reward: -0.10 | Time: 8.2s | Prob: A train travels at 57 km/h for... | Ans: 63.5
RL Step 7773 | Loss: 0.0000 | Avg Reward: -0.10 | Time: 8.2s | Prob: A train travels at 43 km/h for... | Ans: 53.0
RL Step 7774 | Loss: 0.0176 | Avg Reward: 0.17 | Time: 8.4s | Prob: A train travels at 43 km/h for... | Ans: 62.44
RL Step 7775 | Loss: -0.0000 | Avg Reward: -0.10 | Time: 8.3s | Prob: A train travels at 44 km/h for... | Ans: 52.14
RL Step 7776 | Loss: 0.0234 | Avg Reward: 0.17 | Time: 8.2s | Prob: A train travels at 71 km/h for... | Ans: 69.2
RL Step 7777 | Loss: 0.0078 | Avg Reward: 0.17 | Time: 8.2s | Prob: A train travels at 59 km/h for... | Ans: 79.0
RL Step 7778 | Loss: 0.0001 | Avg Reward: -0.10 | Time: 8.3s | Prob: A train travels at 62 km/h for... | Ans: 64.29
RL Step 7779 | Loss: 0.0001 | Avg Reward: -0.10 | Time: 8.4s | Prob: A train travels at 44 km/h for... | Ans: 73.14
RL Step 7780 | Loss: 0.0156 | Avg Reward: 0.17 | Time: 8.3s | Prob: A train travels at 71 km/h for... | Ans: 72.29
RL Step 7781 | Loss: 0.0000 | Avg Reward: -0.10 | Time: 8.3s | Prob: A train travels at 41 km/h for... | Ans: 55.0
RL Step 7782 | Loss: 0.0001 | Avg Reward: -0.10 | Time: 8.2s | Prob: A train travels at 70 km/h for... | Ans: 71.6
RL Step 7783 | Loss: 0.0001 | Avg Reward: -0.10 | Time: 8.4s | Prob: A train travels at 75 km/h for... | Ans: 80.14
RL Step 7784 | Loss: 0.0000 | Avg Reward: 0.17 | Time: 8.4s | Prob: A train travels at 56 km/h for... | Ans: 63.67
RL Step 7785 | Loss: 0.0001 | Avg Reward: -0.10 | Time: 8.3s | Prob: A train travels at 68 km/h for... | Ans: 71.43
RL Step 7786 | Loss: 0.0001 | Avg Reward: -0.10 | Time: 8.4s | Prob: A train travels at 48 km/h for... | Ans: 70.67
RL Step 7787 | Loss: 0.0001 | Avg Reward: -0.10 | Time: 8.3s | Prob: A train travels at 52 km/h for... | Ans: 72.71
RL Step 7788 | Loss: 0.0000 | Avg Reward: -0.10 | Time: 8.3s | Prob: A train travels at 55 km/h for... | Ans: 75.0
RL Step 7789 | Loss: 0.0002 | Avg Reward: -0.10 | Time: 8.3s | Prob: A train travels at 73 km/h for... | Ans: 65.0
RL Step 7790 | Loss: 0.0001 | Avg Reward: -0.10 | Time: 8.4s | Prob: A train travels at 54 km/h for... | Ans: 63.33
RL Step 7791 | Loss: 0.0234 | Avg Reward: 0.17 | Time: 8.3s | Prob: A train travels at 80 km/h for... | Ans: 87.5
RL Step 7792 | Loss: 0.0001 | Avg Reward: -0.10 | Time: 8.3s | Prob: A train travels at 47 km/h for... | Ans: 52.33
RL Step 7793 | Loss: 0.0000 | Avg Reward: -0.10 | Time: 8.2s | Prob: A train travels at 60 km/h for... | Ans: 62.4
RL Step 7794 | Loss: 0.0001 | Avg Reward: -0.10 | Time: 8.2s | Prob: A train travels at 56 km/h for... | Ans: 62.6
RL Step 7795 | Loss: 0.0000 | Avg Reward: -0.10 | Time: 8.2s | Prob: A train travels at 48 km/h for... | Ans: 70.5
RL Step 7796 | Loss: 0.0001 | Avg Reward: -0.10 | Time: 8.2s | Prob: A train travels at 73 km/h for... | Ans: 85.6
RL Step 7797 | Loss: 0.0002 | Avg Reward: -0.10 | Time: 8.2s | Prob: A train travels at 45 km/h for... | Ans: 76.8
RL Step 7798 | Loss: 0.0000 | Avg Reward: -0.10 | Time: 8.2s | Prob: A train travels at 56 km/h for... | Ans: 75.29
RL Step 7799 | Loss: 0.0002 | Avg Reward: -0.10 | Time: 8.2s | Prob: A train travels at 75 km/h for... | Ans: 69.5
RL Step 7800 | Loss: -0.0039 | Avg Reward: 0.17 | Time: 8.3s | Prob: A train travels at 77 km/h for... | Ans: 76.25
Saving RL Checkpoint at step 7800...
RL Step 7801 | Loss: 0.0001 | Avg Reward: -0.10 | Time: 8.3s | Prob: A train travels at 78 km/h for... | Ans: 74.57
RL Step 7802 | Loss: 0.0001 | Avg Reward: -0.10 | Time: 8.4s | Prob: A train travels at 42 km/h for... | Ans: 52.12
RL Step 7803 | Loss: 0.0000 | Avg Reward: -0.10 | Time: 8.4s | Prob: A train travels at 71 km/h for... | Ans: 79.0
RL Step 7804 | Loss: 0.0003 | Avg Reward: -0.10 | Time: 8.4s | Prob: A train travels at 58 km/h for... | Ans: 60.29
RL Step 7805 | Loss: 0.0001 | Avg Reward: -0.10 | Time: 8.4s | Prob: A train travels at 42 km/h for... | Ans: 58.33
RL Step 7806 | Loss: 0.0195 | Avg Reward: 0.17 | Time: 8.2s | Prob: A train travels at 45 km/h for... | Ans: 61.0
RL Step 7807 | Loss: 0.0001 | Avg Reward: -0.10 | Time: 8.3s | Prob: A train travels at 61 km/h for... | Ans: 82.25
RL Step 7808 | Loss: 0.0001 | Avg Reward: -0.10 | Time: 8.2s | Prob: A train travels at 73 km/h for... | Ans: 73.5
RL Step 7809 | Loss: -0.0000 | Avg Reward: -0.10 | Time: 8.2s | Prob: A train travels at 47 km/h for... | Ans: 67.4
RL Step 7810 | Loss: 0.0002 | Avg Reward: -0.10 | Time: 8.4s | Prob: A train travels at 53 km/h for... | Ans: 69.43
RL Step 7811 | Loss: 0.0002 | Avg Reward: -0.10 | Time: 8.3s | Prob: A train travels at 45 km/h for... | Ans: 67.22
RL Step 7812 | Loss: 0.0001 | Avg Reward: -0.10 | Time: 8.2s | Prob: A train travels at 58 km/h for... | Ans: 62.0
RL Step 7813 | Loss: 0.0001 | Avg Reward: -0.10 | Time: 8.2s | Prob: A train travels at 40 km/h for... | Ans: 63.2
RL Step 7814 | Loss: 0.0001 | Avg Reward: -0.10 | Time: 8.3s | Prob: A train travels at 48 km/h for... | Ans: 60.29
RL Step 7815 | Loss: 0.0000 | Avg Reward: -0.10 | Time: 8.4s | Prob: A train travels at 71 km/h for... | Ans: 77.11
RL Step 7816 | Loss: 0.0002 | Avg Reward: -0.10 | Time: 8.3s | Prob: A train travels at 42 km/h for... | Ans: 78.67
RL Step 7817 | Loss: -0.0000 | Avg Reward: -0.10 | Time: 8.2s | Prob: A train travels at 41 km/h for... | Ans: 59.6
RL Step 7818 | Loss: 0.0002 | Avg Reward: -0.10 | Time: 8.2s | Prob: A train travels at 44 km/h for... | Ans: 60.0
RL Step 7819 | Loss: 0.0000 | Avg Reward: 0.17 | Time: 8.2s | Prob: A train travels at 77 km/h for... | Ans: 80.5
RL Step 7820 | Loss: 0.0001 | Avg Reward: -0.10 | Time: 8.4s | Prob: A train travels at 41 km/h for... | Ans: 57.89
RL Step 7821 | Loss: 0.0001 | Avg Reward: -0.10 | Time: 8.2s | Prob: A train travels at 68 km/h for... | Ans: 81.2
RL Step 7822 | Loss: -0.0078 | Avg Reward: 0.17 | Time: 8.3s | Prob: A train travels at 40 km/h for... | Ans: 58.43
RL Step 7823 | Loss: 0.0234 | Avg Reward: 0.17 | Time: 8.3s | Prob: A train travels at 48 km/h for... | Ans: 58.33
RL Step 7824 | Loss: 0.0000 | Avg Reward: -0.10 | Time: 8.3s | Prob: A train travels at 44 km/h for... | Ans: 77.12
RL Step 7825 | Loss: 0.0000 | Avg Reward: -0.10 | Time: 8.4s | Prob: A train travels at 73 km/h for... | Ans: 74.88
RL Step 7826 | Loss: 0.0001 | Avg Reward: -0.10 | Time: 8.4s | Prob: A train travels at 65 km/h for... | Ans: 70.25
RL Step 7827 | Loss: 0.0137 | Avg Reward: 0.17 | Time: 8.2s | Prob: A train travels at 62 km/h for... | Ans: 69.0
RL Step 7828 | Loss: 0.0001 | Avg Reward: -0.10 | Time: 8.4s | Prob: A train travels at 49 km/h for... | Ans: 74.62
RL Step 7829 | Loss: 0.0000 | Avg Reward: -0.10 | Time: 8.3s | Prob: A train travels at 50 km/h for... | Ans: 53.43
RL Step 7830 | Loss: 0.0002 | Avg Reward: -0.10 | Time: 8.2s | Prob: A train travels at 43 km/h for... | Ans: 70.0
RL Step 7831 | Loss: 0.0001 | Avg Reward: -0.10 | Time: 8.3s | Prob: A train travels at 46 km/h for... | Ans: 64.0
RL Step 7832 | Loss: 0.0001 | Avg Reward: -0.10 | Time: 8.2s | Prob: A train travels at 44 km/h for... | Ans: 61.0
RL Step 7833 | Loss: 0.0000 | Avg Reward: -0.10 | Time: 8.3s | Prob: A train travels at 48 km/h for... | Ans: 68.57
RL Step 7834 | Loss: -0.0020 | Avg Reward: 0.17 | Time: 8.2s | Prob: A train travels at 42 km/h for... | Ans: 63.5
RL Step 7835 | Loss: 0.0352 | Avg Reward: 0.17 | Time: 8.3s | Prob: A train travels at 61 km/h for... | Ans: 78.5
RL Step 7836 | Loss: 0.0001 | Avg Reward: -0.10 | Time: 8.3s | Prob: A train travels at 52 km/h for... | Ans: 74.29
RL Step 7837 | Loss: 0.0001 | Avg Reward: -0.10 | Time: 8.4s | Prob: A train travels at 45 km/h for... | Ans: 57.44
RL Step 7838 | Loss: 0.0001 | Avg Reward: -0.10 | Time: 8.2s | Prob: A train travels at 70 km/h for... | Ans: 74.0
RL Step 7839 | Loss: 0.0000 | Avg Reward: -0.10 | Time: 8.2s | Prob: A train travels at 43 km/h for... | Ans: 55.0
RL Step 7840 | Loss: 0.0001 | Avg Reward: -0.10 | Time: 8.3s | Prob: A train travels at 66 km/h for... | Ans: 74.0
RL Step 7841 | Loss: 0.0001 | Avg Reward: -0.10 | Time: 8.3s | Prob: A train travels at 42 km/h for... | Ans: 67.33
RL Step 7842 | Loss: 0.0137 | Avg Reward: 0.17 | Time: 8.3s | Prob: A train travels at 48 km/h for... | Ans: 56.62
RL Step 7843 | Loss: 0.0000 | Avg Reward: -0.10 | Time: 8.2s | Prob: A train travels at 54 km/h for... | Ans: 67.5
RL Step 7844 | Loss: -0.0000 | Avg Reward: -0.10 | Time: 8.2s | Prob: A train travels at 63 km/h for... | Ans: 62.67
RL Step 7845 | Loss: 0.0001 | Avg Reward: -0.10 | Time: 8.3s | Prob: A train travels at 69 km/h for... | Ans: 89.0
RL Step 7846 | Loss: 0.0001 | Avg Reward: -0.10 | Time: 8.2s | Prob: A train travels at 61 km/h for... | Ans: 63.22
RL Step 7847 | Loss: 0.0000 | Avg Reward: -0.10 | Time: 8.3s | Prob: A train travels at 64 km/h for... | Ans: 68.71
RL Step 7848 | Loss: 0.0001 | Avg Reward: -0.10 | Time: 8.2s | Prob: A train travels at 69 km/h for... | Ans: 77.8
RL Step 7849 | Loss: 0.0001 | Avg Reward: -0.10 | Time: 8.2s | Prob: A train travels at 60 km/h for... | Ans: 67.8
RL Step 7850 | Loss: 0.0001 | Avg Reward: -0.10 | Time: 8.3s | Prob: A train travels at 61 km/h for... | Ans: 77.29
RL Step 7851 | Loss: 0.0000 | Avg Reward: -0.10 | Time: 8.2s | Prob: A train travels at 40 km/h for... | Ans: 54.0
RL Step 7852 | Loss: 0.0001 | Avg Reward: -0.10 | Time: 8.4s | Prob: A train travels at 60 km/h for... | Ans: 79.43
RL Step 7853 | Loss: 0.0039 | Avg Reward: 0.45 | Time: 8.2s | Prob: A train travels at 80 km/h for... | Ans: 82.8
RL Step 7854 | Loss: 0.0000 | Avg Reward: -0.10 | Time: 8.2s | Prob: A train travels at 43 km/h for... | Ans: 69.5
RL Step 7855 | Loss: -0.0000 | Avg Reward: -0.10 | Time: 8.2s | Prob: A train travels at 64 km/h for... | Ans: 79.0
RL Step 7856 | Loss: 0.0001 | Avg Reward: -0.10 | Time: 8.2s | Prob: A train travels at 61 km/h for... | Ans: 65.0
RL Step 7857 | Loss: 0.0001 | Avg Reward: -0.10 | Time: 8.2s | Prob: A train travels at 46 km/h for... | Ans: 69.5
RL Step 7858 | Loss: 0.0001 | Avg Reward: -0.10 | Time: 8.3s | Prob: A train travels at 70 km/h for... | Ans: 74.5
RL Step 7859 | Loss: 0.0003 | Avg Reward: -0.10 | Time: 8.3s | Prob: A train travels at 47 km/h for... | Ans: 62.56
RL Step 7860 | Loss: 0.0000 | Avg Reward: -0.10 | Time: 8.3s | Prob: A train travels at 75 km/h for... | Ans: 72.71
RL Step 7861 | Loss: 0.0039 | Avg Reward: 0.17 | Time: 8.2s | Prob: A train travels at 54 km/h for... | Ans: 62.0
RL Step 7862 | Loss: -0.0000 | Avg Reward: -0.10 | Time: 8.2s | Prob: A train travels at 80 km/h for... | Ans: 89.0
RL Step 7863 | Loss: 0.0000 | Avg Reward: -0.10 | Time: 8.3s | Prob: A train travels at 63 km/h for... | Ans: 63.67
RL Step 7864 | Loss: 0.0001 | Avg Reward: -0.10 | Time: 8.3s | Prob: A train travels at 79 km/h for... | Ans: 74.33
RL Step 7865 | Loss: -0.0000 | Avg Reward: -0.10 | Time: 8.3s | Prob: A train travels at 64 km/h for... | Ans: 64.0
RL Step 7866 | Loss: 0.0002 | Avg Reward: -0.10 | Time: 8.2s | Prob: A train travels at 48 km/h for... | Ans: 67.2
RL Step 7867 | Loss: 0.0312 | Avg Reward: 0.17 | Time: 8.3s | Prob: A train travels at 40 km/h for... | Ans: 63.5
RL Step 7868 | Loss: 0.0001 | Avg Reward: -0.10 | Time: 8.2s | Prob: A train travels at 57 km/h for... | Ans: 67.0
RL Step 7869 | Loss: 0.0001 | Avg Reward: -0.10 | Time: 8.3s | Prob: A train travels at 52 km/h for... | Ans: 67.0
RL Step 7870 | Loss: 0.0000 | Avg Reward: -0.10 | Time: 8.2s | Prob: A train travels at 52 km/h for... | Ans: 58.6
RL Step 7871 | Loss: 0.0001 | Avg Reward: -0.10 | Time: 8.3s | Prob: A train travels at 52 km/h for... | Ans: 55.43
RL Step 7872 | Loss: 0.0001 | Avg Reward: -0.10 | Time: 8.3s | Prob: A train travels at 56 km/h for... | Ans: 70.0
RL Step 7873 | Loss: 0.0000 | Avg Reward: -0.10 | Time: 8.3s | Prob: A train travels at 41 km/h for... | Ans: 66.62
RL Step 7874 | Loss: 0.0002 | Avg Reward: -0.10 | Time: 8.3s | Prob: A train travels at 72 km/h for... | Ans: 69.33
RL Step 7875 | Loss: 0.0000 | Avg Reward: -0.10 | Time: 8.3s | Prob: A train travels at 61 km/h for... | Ans: 71.56
RL Step 7876 | Loss: 0.0293 | Avg Reward: 0.17 | Time: 8.4s | Prob: A train travels at 73 km/h for... | Ans: 80.78
RL Step 7877 | Loss: 0.0000 | Avg Reward: -0.10 | Time: 8.3s | Prob: A train travels at 78 km/h for... | Ans: 71.14
RL Step 7878 | Loss: 0.0195 | Avg Reward: 0.17 | Time: 8.4s | Prob: A train travels at 51 km/h for... | Ans: 55.86
RL Step 7879 | Loss: 0.0001 | Avg Reward: -0.10 | Time: 8.4s | Prob: A train travels at 80 km/h for... | Ans: 82.57
RL Step 7880 | Loss: 0.0000 | Avg Reward: -0.10 | Time: 8.1s | Prob: A train travels at 55 km/h for... | Ans: 64.0
RL Step 7881 | Loss: 0.0001 | Avg Reward: -0.10 | Time: 8.2s | Prob: A train travels at 41 km/h for... | Ans: 65.0
RL Step 7882 | Loss: 0.0000 | Avg Reward: -0.10 | Time: 8.2s | Prob: A train travels at 77 km/h for... | Ans: 87.0
RL Step 7883 | Loss: 0.0001 | Avg Reward: -0.10 | Time: 8.2s | Prob: A train travels at 77 km/h for... | Ans: 87.0
RL Step 7884 | Loss: -0.0001 | Avg Reward: -0.10 | Time: 8.2s | Prob: A train travels at 70 km/h for... | Ans: 76.0
RL Step 7885 | Loss: 0.0059 | Avg Reward: 0.17 | Time: 8.3s | Prob: A train travels at 41 km/h for... | Ans: 65.5
RL Step 7886 | Loss: 0.0000 | Avg Reward: -0.10 | Time: 8.3s | Prob: A train travels at 66 km/h for... | Ans: 69.33
RL Step 7887 | Loss: -0.0215 | Avg Reward: 0.17 | Time: 8.3s | Prob: A train travels at 68 km/h for... | Ans: 77.33
RL Step 7888 | Loss: 0.0001 | Avg Reward: -0.10 | Time: 8.1s | Prob: A train travels at 62 km/h for... | Ans: 70.0
RL Step 7889 | Loss: -0.0000 | Avg Reward: -0.10 | Time: 8.2s | Prob: A train travels at 52 km/h for... | Ans: 57.0
RL Step 7890 | Loss: 0.0000 | Avg Reward: -0.10 | Time: 8.3s | Prob: A train travels at 52 km/h for... | Ans: 79.86
RL Step 7891 | Loss: 0.0001 | Avg Reward: -0.10 | Time: 8.2s | Prob: A train travels at 71 km/h for... | Ans: 79.0
RL Step 7892 | Loss: 0.0001 | Avg Reward: -0.10 | Time: 8.3s | Prob: A train travels at 40 km/h for... | Ans: 79.29
RL Step 7893 | Loss: 0.0001 | Avg Reward: -0.10 | Time: 8.3s | Prob: A train travels at 60 km/h for... | Ans: 65.14
RL Step 7894 | Loss: -0.0000 | Avg Reward: -0.10 | Time: 8.2s | Prob: A train travels at 66 km/h for... | Ans: 72.0
RL Step 7895 | Loss: 0.0001 | Avg Reward: -0.10 | Time: 8.4s | Prob: A train travels at 55 km/h for... | Ans: 75.71
RL Step 7896 | Loss: 0.0001 | Avg Reward: -0.10 | Time: 8.2s | Prob: A train travels at 42 km/h for... | Ans: 54.0
RL Step 7897 | Loss: 0.0001 | Avg Reward: -0.10 | Time: 8.4s | Prob: A train travels at 60 km/h for... | Ans: 65.14
RL Step 7898 | Loss: 0.0001 | Avg Reward: -0.10 | Time: 8.4s | Prob: A train travels at 49 km/h for... | Ans: 58.33
RL Step 7899 | Loss: 0.0001 | Avg Reward: -0.10 | Time: 8.4s | Prob: A train travels at 59 km/h for... | Ans: 59.57
RL Step 7900 | Loss: 0.0001 | Avg Reward: -0.10 | Time: 8.3s | Prob: A train travels at 41 km/h for... | Ans: 55.0
RL Step 7901 | Loss: -0.0078 | Avg Reward: 0.17 | Time: 8.1s | Prob: A train travels at 67 km/h for... | Ans: 64.5
RL Step 7902 | Loss: -0.0000 | Avg Reward: -0.10 | Time: 8.4s | Prob: A train travels at 43 km/h for... | Ans: 66.56
RL Step 7903 | Loss: 0.0001 | Avg Reward: -0.10 | Time: 8.4s | Prob: A train travels at 67 km/h for... | Ans: 74.22
RL Step 7904 | Loss: -0.0000 | Avg Reward: -0.10 | Time: 8.2s | Prob: A train travels at 63 km/h for... | Ans: 75.5
RL Step 7905 | Loss: 0.0001 | Avg Reward: -0.10 | Time: 8.4s | Prob: A train travels at 66 km/h for... | Ans: 88.67
RL Step 7906 | Loss: 0.0000 | Avg Reward: -0.10 | Time: 8.4s | Prob: A train travels at 67 km/h for... | Ans: 76.29
RL Step 7907 | Loss: 0.0000 | Avg Reward: -0.10 | Time: 8.3s | Prob: A train travels at 68 km/h for... | Ans: 66.88
RL Step 7908 | Loss: 0.0078 | Avg Reward: 0.17 | Time: 8.2s | Prob: A train travels at 71 km/h for... | Ans: 78.5
RL Step 7909 | Loss: 0.0000 | Avg Reward: -0.10 | Time: 8.2s | Prob: A train travels at 75 km/h for... | Ans: 78.5
RL Step 7910 | Loss: 0.0001 | Avg Reward: -0.10 | Time: 8.2s | Prob: A train travels at 61 km/h for... | Ans: 61.0
RL Step 7911 | Loss: 0.0001 | Avg Reward: -0.10 | Time: 8.2s | Prob: A train travels at 79 km/h for... | Ans: 77.0
RL Step 7912 | Loss: 0.0000 | Avg Reward: -0.10 | Time: 8.2s | Prob: A train travels at 56 km/h for... | Ans: 68.0
RL Step 7913 | Loss: 0.0000 | Avg Reward: -0.10 | Time: 8.2s | Prob: A train travels at 55 km/h for... | Ans: 70.33
RL Step 7914 | Loss: 0.0001 | Avg Reward: -0.10 | Time: 8.3s | Prob: A train travels at 55 km/h for... | Ans: 63.25
RL Step 7915 | Loss: 0.0000 | Avg Reward: -0.10 | Time: 8.4s | Prob: A train travels at 42 km/h for... | Ans: 49.14
RL Step 7916 | Loss: 0.0001 | Avg Reward: -0.10 | Time: 8.2s | Prob: A train travels at 53 km/h for... | Ans: 60.5
RL Step 7917 | Loss: 0.0002 | Avg Reward: -0.10 | Time: 8.3s | Prob: A train travels at 60 km/h for... | Ans: 67.86
RL Step 7918 | Loss: 0.0001 | Avg Reward: -0.10 | Time: 8.3s | Prob: A train travels at 55 km/h for... | Ans: 73.86
RL Step 7919 | Loss: 0.0001 | Avg Reward: -0.10 | Time: 8.4s | Prob: A train travels at 76 km/h for... | Ans: 87.43
RL Step 7920 | Loss: 0.0001 | Avg Reward: -0.10 | Time: 8.3s | Prob: A train travels at 71 km/h for... | Ans: 68.33
RL Step 7921 | Loss: 0.0001 | Avg Reward: -0.10 | Time: 8.3s | Prob: A train travels at 57 km/h for... | Ans: 58.12
RL Step 7922 | Loss: 0.0234 | Avg Reward: 0.17 | Time: 8.3s | Prob: A train travels at 71 km/h for... | Ans: 76.71
RL Step 7923 | Loss: 0.0001 | Avg Reward: -0.10 | Time: 8.1s | Prob: A train travels at 80 km/h for... | Ans: 72.2
RL Step 7924 | Loss: 0.0001 | Avg Reward: -0.10 | Time: 8.2s | Prob: A train travels at 47 km/h for... | Ans: 59.0
RL Step 7925 | Loss: 0.0002 | Avg Reward: -0.10 | Time: 8.2s | Prob: A train travels at 42 km/h for... | Ans: 55.5
RL Step 7926 | Loss: 0.0001 | Avg Reward: -0.10 | Time: 8.2s | Prob: A train travels at 68 km/h for... | Ans: 82.4
RL Step 7927 | Loss: 0.0001 | Avg Reward: -0.10 | Time: 8.3s | Prob: A train travels at 69 km/h for... | Ans: 73.29
RL Step 7928 | Loss: 0.0002 | Avg Reward: -0.10 | Time: 8.3s | Prob: A train travels at 46 km/h for... | Ans: 66.0
RL Step 7929 | Loss: 0.0000 | Avg Reward: -0.10 | Time: 8.4s | Prob: A train travels at 46 km/h for... | Ans: 73.86
RL Step 7930 | Loss: -0.0000 | Avg Reward: -0.10 | Time: 8.4s | Prob: A train travels at 59 km/h for... | Ans: 62.38
RL Step 7931 | Loss: 0.0002 | Avg Reward: -0.10 | Time: 8.4s | Prob: A train travels at 61 km/h for... | Ans: 77.89
RL Step 7932 | Loss: 0.0001 | Avg Reward: -0.10 | Time: 8.2s | Prob: A train travels at 60 km/h for... | Ans: 66.5
RL Step 7933 | Loss: -0.0000 | Avg Reward: -0.10 | Time: 8.3s | Prob: A train travels at 49 km/h for... | Ans: 59.71
RL Step 7934 | Loss: 0.0001 | Avg Reward: -0.10 | Time: 8.3s | Prob: A train travels at 53 km/h for... | Ans: 78.0
RL Step 7935 | Loss: 0.0001 | Avg Reward: -0.10 | Time: 8.2s | Prob: A train travels at 62 km/h for... | Ans: 73.14
RL Step 7936 | Loss: 0.0000 | Avg Reward: -0.10 | Time: 8.2s | Prob: A train travels at 71 km/h for... | Ans: 65.5
RL Step 7937 | Loss: 0.0001 | Avg Reward: -0.10 | Time: 8.3s | Prob: A train travels at 42 km/h for... | Ans: 57.75
RL Step 7938 | Loss: 0.0000 | Avg Reward: -0.10 | Time: 8.4s | Prob: A train travels at 66 km/h for... | Ans: 66.75
RL Step 7939 | Loss: 0.0039 | Avg Reward: 0.17 | Time: 8.2s | Prob: A train travels at 61 km/h for... | Ans: 66.5
RL Step 7940 | Loss: 0.0001 | Avg Reward: -0.10 | Time: 8.4s | Prob: A train travels at 40 km/h for... | Ans: 64.0
RL Step 7941 | Loss: 0.0195 | Avg Reward: 0.17 | Time: 8.2s | Prob: A train travels at 69 km/h for... | Ans: 80.6
RL Step 7942 | Loss: 0.0002 | Avg Reward: -0.10 | Time: 8.4s | Prob: A train travels at 43 km/h for... | Ans: 61.57
RL Step 7943 | Loss: 0.0001 | Avg Reward: -0.10 | Time: 8.2s | Prob: A train travels at 45 km/h for... | Ans: 63.4
RL Step 7944 | Loss: 0.0000 | Avg Reward: -0.10 | Time: 8.3s | Prob: A train travels at 44 km/h for... | Ans: 61.14
RL Step 7945 | Loss: 0.0001 | Avg Reward: -0.10 | Time: 8.2s | Prob: A train travels at 43 km/h for... | Ans: 54.0
RL Step 7946 | Loss: 0.0002 | Avg Reward: -0.10 | Time: 8.2s | Prob: A train travels at 44 km/h for... | Ans: 57.5
RL Step 7947 | Loss: 0.0001 | Avg Reward: -0.10 | Time: 8.1s | Prob: A train travels at 49 km/h for... | Ans: 70.6
RL Step 7948 | Loss: 0.0002 | Avg Reward: -0.10 | Time: 8.4s | Prob: A train travels at 50 km/h for... | Ans: 61.67
RL Step 7949 | Loss: 0.0001 | Avg Reward: -0.10 | Time: 8.3s | Prob: A train travels at 62 km/h for... | Ans: 78.0
RL Step 7950 | Loss: 0.0234 | Avg Reward: 0.17 | Time: 8.2s | Prob: A train travels at 53 km/h for... | Ans: 62.5
RL Step 7951 | Loss: 0.0000 | Avg Reward: -0.10 | Time: 8.4s | Prob: A train travels at 64 km/h for... | Ans: 65.88
RL Step 7952 | Loss: 0.0001 | Avg Reward: -0.10 | Time: 8.3s | Prob: A train travels at 48 km/h for... | Ans: 63.43
RL Step 7953 | Loss: 0.0001 | Avg Reward: -0.10 | Time: 8.3s | Prob: A train travels at 48 km/h for... | Ans: 63.33
RL Step 7954 | Loss: 0.0001 | Avg Reward: -0.10 | Time: 8.2s | Prob: A train travels at 43 km/h for... | Ans: 57.8
RL Step 7955 | Loss: 0.0001 | Avg Reward: -0.10 | Time: 8.4s | Prob: A train travels at 57 km/h for... | Ans: 59.67
RL Step 7956 | Loss: 0.0000 | Avg Reward: -0.10 | Time: 8.3s | Prob: A train travels at 71 km/h for... | Ans: 78.86
RL Step 7957 | Loss: -0.0000 | Avg Reward: -0.10 | Time: 8.3s | Prob: A train travels at 58 km/h for... | Ans: 58.86
RL Step 7958 | Loss: 0.0001 | Avg Reward: -0.10 | Time: 8.4s | Prob: A train travels at 62 km/h for... | Ans: 63.33
RL Step 7959 | Loss: 0.0000 | Avg Reward: -0.10 | Time: 8.1s | Prob: A train travels at 78 km/h for... | Ans: 75.0
RL Step 7960 | Loss: 0.0002 | Avg Reward: -0.10 | Time: 8.3s | Prob: A train travels at 69 km/h for... | Ans: 74.14
RL Step 7961 | Loss: 0.0000 | Avg Reward: -0.10 | Time: 8.1s | Prob: A train travels at 63 km/h for... | Ans: 67.5
RL Step 7962 | Loss: 0.0001 | Avg Reward: -0.10 | Time: 8.3s | Prob: A train travels at 41 km/h for... | Ans: 73.57
RL Step 7963 | Loss: 0.0001 | Avg Reward: -0.10 | Time: 8.3s | Prob: A train travels at 44 km/h for... | Ans: 51.71
RL Step 7964 | Loss: 0.0001 | Avg Reward: -0.10 | Time: 8.4s | Prob: A train travels at 67 km/h for... | Ans: 73.29
RL Step 7965 | Loss: 0.0001 | Avg Reward: -0.10 | Time: 8.3s | Prob: A train travels at 68 km/h for... | Ans: 75.14
RL Step 7966 | Loss: 0.0001 | Avg Reward: -0.10 | Time: 8.2s | Prob: A train travels at 50 km/h for... | Ans: 75.8
RL Step 7967 | Loss: 0.0000 | Avg Reward: -0.10 | Time: 8.3s | Prob: A train travels at 79 km/h for... | Ans: 76.86
RL Step 7968 | Loss: 0.0001 | Avg Reward: -0.10 | Time: 8.2s | Prob: A train travels at 53 km/h for... | Ans: 57.8
RL Step 7969 | Loss: 0.0001 | Avg Reward: -0.10 | Time: 8.4s | Prob: A train travels at 74 km/h for... | Ans: 73.14
RL Step 7970 | Loss: 0.0001 | Avg Reward: -0.10 | Time: 8.2s | Prob: A train travels at 80 km/h for... | Ans: 80.5
RL Step 7971 | Loss: 0.0000 | Avg Reward: -0.10 | Time: 8.2s | Prob: A train travels at 70 km/h for... | Ans: 66.5
RL Step 7972 | Loss: 0.0000 | Avg Reward: -0.10 | Time: 8.3s | Prob: A train travels at 40 km/h for... | Ans: 48.67
RL Step 7973 | Loss: 0.0001 | Avg Reward: -0.10 | Time: 8.2s | Prob: A train travels at 45 km/h for... | Ans: 68.14
RL Step 7974 | Loss: 0.0001 | Avg Reward: -0.10 | Time: 8.3s | Prob: A train travels at 63 km/h for... | Ans: 68.0
RL Step 7975 | Loss: 0.0000 | Avg Reward: -0.10 | Time: 8.3s | Prob: A train travels at 43 km/h for... | Ans: 59.88
RL Step 7976 | Loss: -0.0000 | Avg Reward: -0.10 | Time: 8.2s | Prob: A train travels at 59 km/h for... | Ans: 68.33
RL Step 7977 | Loss: 0.0001 | Avg Reward: -0.10 | Time: 8.4s | Prob: A train travels at 44 km/h for... | Ans: 62.75
RL Step 7978 | Loss: 0.0002 | Avg Reward: -0.10 | Time: 8.2s | Prob: A train travels at 42 km/h for... | Ans: 56.5
RL Step 7979 | Loss: 0.0002 | Avg Reward: -0.10 | Time: 8.3s | Prob: A train travels at 75 km/h for... | Ans: 80.25
RL Step 7980 | Loss: 0.0001 | Avg Reward: -0.10 | Time: 8.3s | Prob: A train travels at 70 km/h for... | Ans: 64.29
RL Step 7981 | Loss: 0.0001 | Avg Reward: -0.10 | Time: 8.4s | Prob: A train travels at 40 km/h for... | Ans: 52.38
RL Step 7982 | Loss: 0.0002 | Avg Reward: -0.10 | Time: 8.3s | Prob: A train travels at 77 km/h for... | Ans: 74.33
RL Step 7983 | Loss: 0.0003 | Avg Reward: -0.10 | Time: 8.4s | Prob: A train travels at 55 km/h for... | Ans: 60.71
RL Step 7984 | Loss: 0.0000 | Avg Reward: -0.10 | Time: 8.1s | Prob: A train travels at 51 km/h for... | Ans: 70.0
RL Step 7985 | Loss: 0.0001 | Avg Reward: -0.10 | Time: 8.4s | Prob: A train travels at 50 km/h for... | Ans: 63.14
RL Step 7986 | Loss: 0.0001 | Avg Reward: -0.10 | Time: 8.2s | Prob: A train travels at 61 km/h for... | Ans: 66.0
RL Step 7987 | Loss: 0.0002 | Avg Reward: -0.10 | Time: 8.4s | Prob: A train travels at 58 km/h for... | Ans: 59.71
RL Step 7988 | Loss: 0.0001 | Avg Reward: -0.10 | Time: 8.3s | Prob: A train travels at 66 km/h for... | Ans: 86.71
RL Step 7989 | Loss: 0.0001 | Avg Reward: -0.10 | Time: 8.2s | Prob: A train travels at 66 km/h for... | Ans: 65.5
RL Step 7990 | Loss: 0.0001 | Avg Reward: -0.10 | Time: 8.4s | Prob: A train travels at 64 km/h for... | Ans: 70.67
RL Step 7991 | Loss: 0.0001 | Avg Reward: -0.10 | Time: 8.4s | Prob: A train travels at 54 km/h for... | Ans: 63.33
RL Step 7992 | Loss: 0.0002 | Avg Reward: -0.10 | Time: 8.4s | Prob: A train travels at 59 km/h for... | Ans: 77.29
RL Step 7993 | Loss: 0.0001 | Avg Reward: -0.10 | Time: 8.4s | Prob: A train travels at 74 km/h for... | Ans: 85.67
RL Step 7994 | Loss: -0.0000 | Avg Reward: -0.10 | Time: 8.1s | Prob: A train travels at 65 km/h for... | Ans: 71.5
RL Step 7995 | Loss: 0.0002 | Avg Reward: -0.10 | Time: 8.2s | Prob: A train travels at 80 km/h for... | Ans: 82.0
RL Step 7996 | Loss: 0.0001 | Avg Reward: -0.10 | Time: 8.3s | Prob: A train travels at 78 km/h for... | Ans: 72.38
RL Step 7997 | Loss: 0.0001 | Avg Reward: -0.10 | Time: 8.3s | Prob: A train travels at 56 km/h for... | Ans: 65.67
RL Step 7998 | Loss: 0.0001 | Avg Reward: -0.10 | Time: 8.3s | Prob: A train travels at 78 km/h for... | Ans: 88.0
RL Step 7999 | Loss: 0.0002 | Avg Reward: -0.10 | Time: 8.3s | Prob: A train travels at 70 km/h for... | Ans: 77.86
RL Step 8000 | Loss: 0.0002 | Avg Reward: -0.10 | Time: 8.2s | Prob: A train travels at 47 km/h for... | Ans: 69.5
Saving RL Checkpoint at step 8000...
RL Step 8001 | Loss: 0.0001 | Avg Reward: -0.10 | Time: 8.3s | Prob: A train travels at 42 km/h for... | Ans: 59.62
RL Step 8002 | Loss: 0.0002 | Avg Reward: -0.10 | Time: 8.4s | Prob: A train travels at 65 km/h for... | Ans: 62.22
RL Step 8003 | Loss: 0.0001 | Avg Reward: -0.10 | Time: 8.3s | Prob: A train travels at 71 km/h for... | Ans: 83.43
RL Step 8004 | Loss: -0.0000 | Avg Reward: -0.10 | Time: 8.4s | Prob: A train travels at 70 km/h for... | Ans: 69.25
RL Step 8005 | Loss: 0.0000 | Avg Reward: -0.10 | Time: 8.1s | Prob: A train travels at 49 km/h for... | Ans: 62.8
RL Step 8006 | Loss: 0.0002 | Avg Reward: -0.10 | Time: 8.2s | Prob: A train travels at 52 km/h for... | Ans: 75.0
RL Step 8007 | Loss: 0.0001 | Avg Reward: -0.10 | Time: 8.2s | Prob: A train travels at 78 km/h for... | Ans: 82.5
RL Step 8008 | Loss: 0.0001 | Avg Reward: -0.10 | Time: 8.2s | Prob: A train travels at 48 km/h for... | Ans: 72.0
RL Step 8009 | Loss: 0.0001 | Avg Reward: -0.10 | Time: 8.3s | Prob: A train travels at 80 km/h for... | Ans: 65.71
RL Step 8010 | Loss: 0.0001 | Avg Reward: -0.10 | Time: 8.2s | Prob: A train travels at 61 km/h for... | Ans: 73.0
RL Step 8011 | Loss: -0.0000 | Avg Reward: -0.10 | Time: 8.2s | Prob: A train travels at 63 km/h for... | Ans: 64.0
RL Step 8012 | Loss: 0.0001 | Avg Reward: -0.10 | Time: 8.4s | Prob: A train travels at 58 km/h for... | Ans: 75.33
RL Step 8013 | Loss: 0.0001 | Avg Reward: -0.10 | Time: 8.4s | Prob: A train travels at 69 km/h for... | Ans: 64.43
RL Step 8014 | Loss: 0.0003 | Avg Reward: -0.10 | Time: 8.3s | Prob: A train travels at 77 km/h for... | Ans: 74.33
RL Step 8015 | Loss: 0.0002 | Avg Reward: -0.10 | Time: 8.4s | Prob: A train travels at 58 km/h for... | Ans: 62.44
RL Step 8016 | Loss: 0.0000 | Avg Reward: -0.10 | Time: 8.3s | Prob: A train travels at 49 km/h for... | Ans: 54.25
RL Step 8017 | Loss: 0.0001 | Avg Reward: -0.10 | Time: 8.3s | Prob: A train travels at 76 km/h for... | Ans: 69.89
RL Step 8018 | Loss: 0.0001 | Avg Reward: -0.10 | Time: 8.3s | Prob: A train travels at 45 km/h for... | Ans: 51.67
RL Step 8019 | Loss: 0.0000 | Avg Reward: -0.10 | Time: 8.2s | Prob: A train travels at 58 km/h for... | Ans: 65.0
RL Step 8020 | Loss: 0.0001 | Avg Reward: -0.10 | Time: 8.1s | Prob: A train travels at 58 km/h for... | Ans: 67.6
RL Step 8021 | Loss: 0.0000 | Avg Reward: -0.10 | Time: 8.2s | Prob: A train travels at 61 km/h for... | Ans: 69.4
RL Step 8022 | Loss: 0.0001 | Avg Reward: -0.10 | Time: 8.3s | Prob: A train travels at 61 km/h for... | Ans: 68.67
RL Step 8023 | Loss: 0.0001 | Avg Reward: -0.10 | Time: 8.2s | Prob: A train travels at 72 km/h for... | Ans: 82.5
RL Step 8024 | Loss: 0.0001 | Avg Reward: -0.10 | Time: 8.3s | Prob: A train travels at 71 km/h for... | Ans: 82.11
RL Step 8025 | Loss: 0.0001 | Avg Reward: -0.10 | Time: 8.3s | Prob: A train travels at 42 km/h for... | Ans: 61.12
RL Step 8026 | Loss: 0.0001 | Avg Reward: -0.10 | Time: 8.4s | Prob: A train travels at 58 km/h for... | Ans: 62.5
RL Step 8027 | Loss: 0.0001 | Avg Reward: -0.10 | Time: 8.4s | Prob: A train travels at 53 km/h for... | Ans: 63.0
RL Step 8028 | Loss: 0.0001 | Avg Reward: -0.10 | Time: 8.4s | Prob: A train travels at 72 km/h for... | Ans: 79.71
RL Step 8029 | Loss: 0.0000 | Avg Reward: -0.10 | Time: 8.2s | Prob: A train travels at 53 km/h for... | Ans: 64.5
RL Step 8030 | Loss: 0.0000 | Avg Reward: -0.10 | Time: 8.2s | Prob: A train travels at 53 km/h for... | Ans: 63.2
RL Step 8031 | Loss: 0.0000 | Avg Reward: -0.10 | Time: 8.4s | Prob: A train travels at 71 km/h for... | Ans: 80.38
RL Step 8032 | Loss: 0.0000 | Avg Reward: -0.10 | Time: 8.2s | Prob: A train travels at 57 km/h for... | Ans: 67.0
RL Step 8033 | Loss: 0.0001 | Avg Reward: -0.10 | Time: 8.4s | Prob: A train travels at 45 km/h for... | Ans: 56.71
RL Step 8034 | Loss: 0.0000 | Avg Reward: -0.10 | Time: 8.4s | Prob: A train travels at 55 km/h for... | Ans: 66.62
RL Step 8035 | Loss: 0.0001 | Avg Reward: -0.10 | Time: 8.3s | Prob: A train travels at 57 km/h for... | Ans: 80.33
RL Step 8036 | Loss: 0.0001 | Avg Reward: -0.10 | Time: 8.4s | Prob: A train travels at 41 km/h for... | Ans: 49.29
RL Step 8037 | Loss: 0.0001 | Avg Reward: -0.10 | Time: 8.3s | Prob: A train travels at 63 km/h for... | Ans: 74.88
RL Step 8038 | Loss: 0.0001 | Avg Reward: -0.10 | Time: 8.3s | Prob: A train travels at 70 km/h for... | Ans: 71.88
RL Step 8039 | Loss: 0.0000 | Avg Reward: -0.10 | Time: 8.2s | Prob: A train travels at 55 km/h for... | Ans: 57.8
RL Step 8040 | Loss: 0.0000 | Avg Reward: -0.10 | Time: 8.2s | Prob: A train travels at 76 km/h for... | Ans: 68.8
RL Step 8041 | Loss: 0.0001 | Avg Reward: -0.10 | Time: 8.2s | Prob: A train travels at 79 km/h for... | Ans: 78.5
RL Step 8042 | Loss: 0.0000 | Avg Reward: -0.10 | Time: 8.4s | Prob: A train travels at 47 km/h for... | Ans: 53.0
RL Step 8043 | Loss: 0.0000 | Avg Reward: -0.10 | Time: 8.1s | Prob: A train travels at 60 km/h for... | Ans: 67.8
RL Step 8044 | Loss: 0.0001 | Avg Reward: -0.10 | Time: 8.3s | Prob: A train travels at 61 km/h for... | Ans: 72.67
RL Step 8045 | Loss: 0.0000 | Avg Reward: -0.10 | Time: 8.2s | Prob: A train travels at 62 km/h for... | Ans: 64.0
RL Step 8046 | Loss: 0.0137 | Avg Reward: 0.17 | Time: 8.4s | Prob: A train travels at 52 km/h for... | Ans: 60.12
RL Step 8047 | Loss: 0.0000 | Avg Reward: -0.10 | Time: 8.3s | Prob: A train travels at 59 km/h for... | Ans: 71.43
RL Step 8048 | Loss: 0.0001 | Avg Reward: -0.10 | Time: 8.3s | Prob: A train travels at 80 km/h for... | Ans: 85.33
RL Step 8049 | Loss: 0.0000 | Avg Reward: -0.10 | Time: 8.4s | Prob: A train travels at 73 km/h for... | Ans: 88.43
RL Step 8050 | Loss: 0.0001 | Avg Reward: -0.10 | Time: 8.2s | Prob: A train travels at 71 km/h for... | Ans: 81.2
RL Step 8051 | Loss: 0.0000 | Avg Reward: 0.17 | Time: 8.2s | Prob: A train travels at 60 km/h for... | Ans: 73.2
RL Step 8052 | Loss: 0.0001 | Avg Reward: -0.10 | Time: 8.2s | Prob: A train travels at 77 km/h for... | Ans: 74.6
RL Step 8053 | Loss: 0.0002 | Avg Reward: -0.10 | Time: 8.2s | Prob: A train travels at 63 km/h for... | Ans: 70.71
RL Step 8054 | Loss: 0.0001 | Avg Reward: -0.10 | Time: 8.3s | Prob: A train travels at 60 km/h for... | Ans: 64.44
RL Step 8055 | Loss: 0.0078 | Avg Reward: 0.17 | Time: 8.4s | Prob: A train travels at 74 km/h for... | Ans: 68.67
RL Step 8056 | Loss: 0.0000 | Avg Reward: -0.10 | Time: 8.3s | Prob: A train travels at 77 km/h for... | Ans: 76.33
RL Step 8057 | Loss: 0.0000 | Avg Reward: -0.10 | Time: 8.2s | Prob: A train travels at 50 km/h for... | Ans: 61.33
RL Step 8058 | Loss: 0.0002 | Avg Reward: -0.10 | Time: 8.4s | Prob: A train travels at 50 km/h for... | Ans: 64.29
RL Step 8059 | Loss: 0.0001 | Avg Reward: -0.10 | Time: 8.3s | Prob: A train travels at 75 km/h for... | Ans: 82.5
RL Step 8060 | Loss: -0.0137 | Avg Reward: 0.17 | Time: 8.3s | Prob: A train travels at 49 km/h for... | Ans: 65.88
RL Step 8061 | Loss: 0.0001 | Avg Reward: -0.10 | Time: 8.2s | Prob: A train travels at 67 km/h for... | Ans: 80.5
RL Step 8062 | Loss: 0.0001 | Avg Reward: -0.10 | Time: 8.3s | Prob: A train travels at 58 km/h for... | Ans: 72.14
RL Step 8063 | Loss: 0.0001 | Avg Reward: -0.10 | Time: 8.3s | Prob: A train travels at 53 km/h for... | Ans: 62.43
RL Step 8064 | Loss: 0.0002 | Avg Reward: -0.10 | Time: 8.2s | Prob: A train travels at 73 km/h for... | Ans: 82.5
RL Step 8065 | Loss: 0.0001 | Avg Reward: -0.10 | Time: 8.2s | Prob: A train travels at 78 km/h for... | Ans: 72.5
RL Step 8066 | Loss: 0.0000 | Avg Reward: -0.10 | Time: 8.2s | Prob: A train travels at 79 km/h for... | Ans: 80.5
RL Step 8067 | Loss: 0.0001 | Avg Reward: -0.10 | Time: 8.3s | Prob: A train travels at 71 km/h for... | Ans: 69.29
RL Step 8068 | Loss: 0.0000 | Avg Reward: -0.10 | Time: 8.4s | Prob: A train travels at 53 km/h for... | Ans: 72.71
RL Step 8069 | Loss: 0.0001 | Avg Reward: -0.10 | Time: 8.3s | Prob: A train travels at 43 km/h for... | Ans: 73.71
RL Step 8070 | Loss: 0.0078 | Avg Reward: 0.17 | Time: 8.2s | Prob: A train travels at 70 km/h for... | Ans: 65.0
RL Step 8071 | Loss: 0.0156 | Avg Reward: 0.17 | Time: 8.4s | Prob: A train travels at 54 km/h for... | Ans: 63.78
RL Step 8072 | Loss: 0.0020 | Avg Reward: 0.17 | Time: 8.3s | Prob: A train travels at 54 km/h for... | Ans: 57.0
RL Step 8073 | Loss: 0.0001 | Avg Reward: -0.10 | Time: 8.3s | Prob: A train travels at 72 km/h for... | Ans: 75.12
RL Step 8074 | Loss: 0.0000 | Avg Reward: -0.10 | Time: 8.3s | Prob: A train travels at 68 km/h for... | Ans: 73.0
RL Step 8075 | Loss: 0.0002 | Avg Reward: -0.10 | Time: 8.3s | Prob: A train travels at 55 km/h for... | Ans: 69.0
RL Step 8076 | Loss: 0.0001 | Avg Reward: -0.10 | Time: 8.3s | Prob: A train travels at 49 km/h for... | Ans: 59.0
RL Step 8077 | Loss: 0.0078 | Avg Reward: 0.17 | Time: 8.2s | Prob: A train travels at 48 km/h for... | Ans: 55.0
RL Step 8078 | Loss: 0.0002 | Avg Reward: -0.10 | Time: 8.4s | Prob: A train travels at 73 km/h for... | Ans: 73.89
RL Step 8079 | Loss: 0.0001 | Avg Reward: -0.10 | Time: 8.2s | Prob: A train travels at 69 km/h for... | Ans: 69.0
RL Step 8080 | Loss: 0.0002 | Avg Reward: -0.10 | Time: 8.2s | Prob: A train travels at 51 km/h for... | Ans: 55.8
RL Step 8081 | Loss: -0.0039 | Avg Reward: 0.17 | Time: 8.2s | Prob: A train travels at 73 km/h for... | Ans: 68.0
RL Step 8082 | Loss: 0.0001 | Avg Reward: -0.10 | Time: 8.3s | Prob: A train travels at 77 km/h for... | Ans: 73.43
RL Step 8083 | Loss: 0.0002 | Avg Reward: -0.10 | Time: 8.2s | Prob: A train travels at 58 km/h for... | Ans: 74.0
RL Step 8084 | Loss: 0.0002 | Avg Reward: -0.10 | Time: 8.2s | Prob: A train travels at 74 km/h for... | Ans: 78.5
RL Step 8085 | Loss: 0.0001 | Avg Reward: -0.10 | Time: 8.3s | Prob: A train travels at 43 km/h for... | Ans: 53.56
RL Step 8086 | Loss: 0.0001 | Avg Reward: -0.10 | Time: 8.2s | Prob: A train travels at 52 km/h for... | Ans: 60.0
RL Step 8087 | Loss: 0.0002 | Avg Reward: -0.10 | Time: 8.2s | Prob: A train travels at 53 km/h for... | Ans: 70.6
RL Step 8088 | Loss: 0.0001 | Avg Reward: -0.10 | Time: 8.2s | Prob: A train travels at 78 km/h for... | Ans: 78.0
RL Step 8089 | Loss: 0.0000 | Avg Reward: -0.10 | Time: 8.2s | Prob: A train travels at 68 km/h for... | Ans: 64.0
RL Step 8090 | Loss: 0.0001 | Avg Reward: -0.10 | Time: 8.3s | Prob: A train travels at 43 km/h for... | Ans: 81.57
RL Step 8091 | Loss: 0.0003 | Avg Reward: -0.10 | Time: 8.4s | Prob: A train travels at 71 km/h for... | Ans: 70.43
RL Step 8092 | Loss: 0.0001 | Avg Reward: -0.10 | Time: 8.2s | Prob: A train travels at 77 km/h for... | Ans: 68.5
RL Step 8093 | Loss: 0.0000 | Avg Reward: -0.10 | Time: 8.3s | Prob: A train travels at 78 km/h for... | Ans: 79.88
RL Step 8094 | Loss: 0.0001 | Avg Reward: -0.10 | Time: 8.4s | Prob: A train travels at 70 km/h for... | Ans: 77.0
RL Step 8095 | Loss: 0.0001 | Avg Reward: -0.10 | Time: 8.3s | Prob: A train travels at 60 km/h for... | Ans: 66.67
RL Step 8096 | Loss: 0.0000 | Avg Reward: -0.10 | Time: 8.3s | Prob: A train travels at 52 km/h for... | Ans: 65.67
RL Step 8097 | Loss: 0.0001 | Avg Reward: -0.10 | Time: 8.4s | Prob: A train travels at 76 km/h for... | Ans: 82.38
RL Step 8098 | Loss: 0.0000 | Avg Reward: -0.10 | Time: 8.3s | Prob: A train travels at 47 km/h for... | Ans: 58.33
RL Step 8099 | Loss: 0.0001 | Avg Reward: -0.10 | Time: 8.2s | Prob: A train travels at 61 km/h for... | Ans: 61.4
RL Step 8100 | Loss: 0.0000 | Avg Reward: -0.10 | Time: 8.4s | Prob: A train travels at 45 km/h for... | Ans: 55.0
RL Step 8101 | Loss: 0.0000 | Avg Reward: -0.10 | Time: 8.3s | Prob: A train travels at 47 km/h for... | Ans: 53.86
RL Step 8102 | Loss: -0.0000 | Avg Reward: -0.10 | Time: 8.2s | Prob: A train travels at 79 km/h for... | Ans: 86.8
RL Step 8103 | Loss: 0.0002 | Avg Reward: -0.10 | Time: 8.2s | Prob: A train travels at 65 km/h for... | Ans: 71.0
RL Step 8104 | Loss: 0.0002 | Avg Reward: -0.10 | Time: 8.2s | Prob: A train travels at 42 km/h for... | Ans: 64.8
RL Step 8105 | Loss: 0.0002 | Avg Reward: -0.10 | Time: 8.3s | Prob: A train travels at 74 km/h for... | Ans: 65.33
RL Step 8106 | Loss: 0.0001 | Avg Reward: -0.10 | Time: 8.2s | Prob: A train travels at 71 km/h for... | Ans: 68.14
RL Step 8107 | Loss: 0.0001 | Avg Reward: -0.10 | Time: 8.2s | Prob: A train travels at 78 km/h for... | Ans: 82.5
RL Step 8108 | Loss: 0.0001 | Avg Reward: -0.10 | Time: 8.2s | Prob: A train travels at 52 km/h for... | Ans: 64.0
RL Step 8109 | Loss: 0.0039 | Avg Reward: 0.17 | Time: 8.4s | Prob: A train travels at 66 km/h for... | Ans: 66.0
RL Step 8110 | Loss: 0.0215 | Avg Reward: 0.17 | Time: 10.7s | Prob: A train travels at 56 km/h for... | Ans: 79.75
RL Step 8111 | Loss: 0.0195 | Avg Reward: 0.17 | Time: 12.1s | Prob: A train travels at 61 km/h for... | Ans: 67.0
RL Step 8112 | Loss: 0.0002 | Avg Reward: -0.10 | Time: 11.8s | Prob: A train travels at 61 km/h for... | Ans: 67.0
RL Step 8113 | Loss: 0.0000 | Avg Reward: -0.10 | Time: 11.5s | Prob: A train travels at 62 km/h for... | Ans: 73.2
RL Step 8114 | Loss: 0.0001 | Avg Reward: -0.10 | Time: 11.5s | Prob: A train travels at 76 km/h for... | Ans: 74.0
RL Step 8115 | Loss: 0.0001 | Avg Reward: -0.10 | Time: 11.2s | Prob: A train travels at 50 km/h for... | Ans: 67.71
RL Step 8116 | Loss: 0.0000 | Avg Reward: -0.10 | Time: 8.4s | Prob: A train travels at 52 km/h for... | Ans: 69.22
RL Step 8117 | Loss: 0.0001 | Avg Reward: -0.10 | Time: 8.3s | Prob: A train travels at 76 km/h for... | Ans: 78.5
RL Step 8118 | Loss: 0.0001 | Avg Reward: -0.10 | Time: 8.2s | Prob: A train travels at 40 km/h for... | Ans: 48.4
RL Step 8119 | Loss: 0.0001 | Avg Reward: -0.10 | Time: 8.3s | Prob: A train travels at 42 km/h for... | Ans: 60.67
RL Step 8120 | Loss: 0.0002 | Avg Reward: -0.10 | Time: 8.4s | Prob: A train travels at 40 km/h for... | Ans: 60.56
RL Step 8121 | Loss: 0.0002 | Avg Reward: -0.10 | Time: 8.4s | Prob: A train travels at 41 km/h for... | Ans: 61.0
RL Step 8122 | Loss: 0.0001 | Avg Reward: -0.10 | Time: 8.2s | Prob: A train travels at 62 km/h for... | Ans: 75.5
RL Step 8123 | Loss: 0.0001 | Avg Reward: -0.10 | Time: 8.3s | Prob: A train travels at 40 km/h for... | Ans: 54.57
RL Step 8124 | Loss: 0.0001 | Avg Reward: -0.10 | Time: 8.3s | Prob: A train travels at 55 km/h for... | Ans: 77.0
RL Step 8125 | Loss: 0.0000 | Avg Reward: -0.10 | Time: 8.2s | Prob: A train travels at 60 km/h for... | Ans: 87.86
RL Step 8126 | Loss: 0.0001 | Avg Reward: -0.10 | Time: 8.2s | Prob: A train travels at 47 km/h for... | Ans: 53.5
RL Step 8127 | Loss: 0.0001 | Avg Reward: -0.10 | Time: 8.2s | Prob: A train travels at 76 km/h for... | Ans: 87.5
RL Step 8128 | Loss: 0.0001 | Avg Reward: -0.10 | Time: 8.3s | Prob: A train travels at 41 km/h for... | Ans: 57.0
RL Step 8129 | Loss: 0.0078 | Avg Reward: 0.17 | Time: 8.3s | Prob: A train travels at 66 km/h for... | Ans: 66.0
RL Step 8130 | Loss: 0.0000 | Avg Reward: -0.10 | Time: 8.2s | Prob: A train travels at 63 km/h for... | Ans: 78.5
RL Step 8131 | Loss: 0.0001 | Avg Reward: -0.10 | Time: 8.3s | Prob: A train travels at 49 km/h for... | Ans: 55.11
RL Step 8132 | Loss: 0.0001 | Avg Reward: -0.10 | Time: 8.3s | Prob: A train travels at 62 km/h for... | Ans: 67.14
RL Step 8133 | Loss: 0.0002 | Avg Reward: -0.10 | Time: 8.4s | Prob: A train travels at 47 km/h for... | Ans: 62.33
RL Step 8134 | Loss: 0.0001 | Avg Reward: -0.10 | Time: 8.3s | Prob: A train travels at 63 km/h for... | Ans: 73.29
RL Step 8135 | Loss: 0.0001 | Avg Reward: -0.10 | Time: 8.4s | Prob: A train travels at 57 km/h for... | Ans: 69.57
RL Step 8136 | Loss: 0.0001 | Avg Reward: -0.10 | Time: 8.2s | Prob: A train travels at 62 km/h for... | Ans: 67.0
RL Step 8137 | Loss: 0.0000 | Avg Reward: -0.10 | Time: 8.3s | Prob: A train travels at 67 km/h for... | Ans: 72.0
RL Step 8138 | Loss: 0.0001 | Avg Reward: -0.10 | Time: 8.4s | Prob: A train travels at 44 km/h for... | Ans: 56.78
RL Step 8139 | Loss: 0.0001 | Avg Reward: -0.10 | Time: 8.2s | Prob: A train travels at 77 km/h for... | Ans: 75.0
RL Step 8140 | Loss: 0.0001 | Avg Reward: -0.10 | Time: 8.2s | Prob: A train travels at 51 km/h for... | Ans: 73.0
RL Step 8141 | Loss: 0.0001 | Avg Reward: -0.10 | Time: 8.3s | Prob: A train travels at 61 km/h for... | Ans: 77.5
RL Step 8142 | Loss: 0.0001 | Avg Reward: -0.10 | Time: 8.4s | Prob: A train travels at 61 km/h for... | Ans: 72.25
RL Step 8143 | Loss: 0.0001 | Avg Reward: -0.10 | Time: 8.3s | Prob: A train travels at 62 km/h for... | Ans: 82.0
RL Step 8144 | Loss: 0.0001 | Avg Reward: -0.10 | Time: 8.3s | Prob: A train travels at 46 km/h for... | Ans: 68.0
RL Step 8145 | Loss: 0.0001 | Avg Reward: -0.10 | Time: 8.4s | Prob: A train travels at 64 km/h for... | Ans: 67.11
RL Step 8146 | Loss: 0.0000 | Avg Reward: -0.10 | Time: 8.4s | Prob: A train travels at 43 km/h for... | Ans: 58.67
RL Step 8147 | Loss: 0.0001 | Avg Reward: -0.10 | Time: 8.3s | Prob: A train travels at 78 km/h for... | Ans: 83.62
RL Step 8148 | Loss: 0.0003 | Avg Reward: -0.10 | Time: 8.4s | Prob: A train travels at 79 km/h for... | Ans: 83.44
RL Step 8149 | Loss: 0.0000 | Avg Reward: -0.10 | Time: 8.2s | Prob: A train travels at 70 km/h for... | Ans: 71.8
RL Step 8150 | Loss: 0.0001 | Avg Reward: -0.10 | Time: 8.4s | Prob: A train travels at 42 km/h for... | Ans: 61.29
RL Step 8151 | Loss: 0.0001 | Avg Reward: -0.10 | Time: 8.2s | Prob: A train travels at 74 km/h for... | Ans: 76.0
RL Step 8152 | Loss: 0.0001 | Avg Reward: -0.10 | Time: 8.3s | Prob: A train travels at 64 km/h for... | Ans: 76.67
RL Step 8153 | Loss: 0.0001 | Avg Reward: -0.10 | Time: 8.2s | Prob: A train travels at 47 km/h for... | Ans: 63.5
RL Step 8154 | Loss: 0.0002 | Avg Reward: -0.10 | Time: 8.4s | Prob: A train travels at 41 km/h for... | Ans: 69.0
RL Step 8155 | Loss: 0.0001 | Avg Reward: -0.10 | Time: 8.2s | Prob: A train travels at 77 km/h for... | Ans: 75.5
RL Step 8156 | Loss: 0.0001 | Avg Reward: -0.10 | Time: 8.4s | Prob: A train travels at 48 km/h for... | Ans: 77.29
RL Step 8157 | Loss: 0.0001 | Avg Reward: -0.10 | Time: 8.4s | Prob: A train travels at 54 km/h for... | Ans: 70.11
RL Step 8158 | Loss: 0.0001 | Avg Reward: -0.10 | Time: 8.3s | Prob: A train travels at 47 km/h for... | Ans: 55.57
RL Step 8159 | Loss: 0.0000 | Avg Reward: -0.10 | Time: 8.2s | Prob: A train travels at 62 km/h for... | Ans: 62.5
RL Step 8160 | Loss: 0.0352 | Avg Reward: 0.17 | Time: 8.2s | Prob: A train travels at 53 km/h for... | Ans: 73.5
RL Step 8161 | Loss: 0.0001 | Avg Reward: -0.10 | Time: 8.3s | Prob: A train travels at 60 km/h for... | Ans: 79.29
RL Step 8162 | Loss: 0.0000 | Avg Reward: -0.10 | Time: 8.3s | Prob: A train travels at 64 km/h for... | Ans: 79.33
RL Step 8163 | Loss: 0.0001 | Avg Reward: -0.10 | Time: 8.3s | Prob: A train travels at 63 km/h for... | Ans: 76.71
RL Step 8164 | Loss: 0.0002 | Avg Reward: -0.10 | Time: 8.3s | Prob: A train travels at 73 km/h for... | Ans: 84.43
RL Step 8165 | Loss: 0.0001 | Avg Reward: -0.10 | Time: 8.4s | Prob: A train travels at 73 km/h for... | Ans: 74.12
RL Step 8166 | Loss: 0.0000 | Avg Reward: -0.10 | Time: 8.2s | Prob: A train travels at 41 km/h for... | Ans: 55.5
RL Step 8167 | Loss: 0.0000 | Avg Reward: -0.10 | Time: 8.4s | Prob: A train travels at 47 km/h for... | Ans: 51.88
RL Step 8168 | Loss: 0.0078 | Avg Reward: 0.17 | Time: 8.2s | Prob: A train travels at 78 km/h for... | Ans: 86.0
RL Step 8169 | Loss: 0.0001 | Avg Reward: -0.10 | Time: 8.2s | Prob: A train travels at 77 km/h for... | Ans: 87.71
RL Step 8170 | Loss: 0.0000 | Avg Reward: -0.10 | Time: 8.3s | Prob: A train travels at 43 km/h for... | Ans: 59.0
RL Step 8171 | Loss: 0.0001 | Avg Reward: -0.10 | Time: 8.3s | Prob: A train travels at 78 km/h for... | Ans: 84.75
RL Step 8172 | Loss: 0.0003 | Avg Reward: -0.10 | Time: 8.2s | Prob: A train travels at 51 km/h for... | Ans: 69.0
RL Step 8173 | Loss: 0.0000 | Avg Reward: -0.10 | Time: 8.3s | Prob: A train travels at 50 km/h for... | Ans: 64.38
RL Step 8174 | Loss: 0.0001 | Avg Reward: -0.10 | Time: 8.3s | Prob: A train travels at 69 km/h for... | Ans: 71.29
RL Step 8175 | Loss: 0.0002 | Avg Reward: -0.10 | Time: 8.3s | Prob: A train travels at 48 km/h for... | Ans: 62.29
RL Step 8176 | Loss: 0.0001 | Avg Reward: -0.10 | Time: 8.4s | Prob: A train travels at 67 km/h for... | Ans: 76.38
RL Step 8177 | Loss: 0.0001 | Avg Reward: -0.10 | Time: 8.1s | Prob: A train travels at 65 km/h for... | Ans: 70.4
RL Step 8178 | Loss: 0.0002 | Avg Reward: -0.10 | Time: 8.4s | Prob: A train travels at 66 km/h for... | Ans: 81.62
RL Step 8179 | Loss: 0.0001 | Avg Reward: -0.10 | Time: 8.3s | Prob: A train travels at 71 km/h for... | Ans: 74.71
RL Step 8180 | Loss: 0.0001 | Avg Reward: -0.10 | Time: 8.3s | Prob: A train travels at 56 km/h for... | Ans: 72.0
RL Step 8181 | Loss: 0.0000 | Avg Reward: -0.10 | Time: 8.2s | Prob: A train travels at 42 km/h for... | Ans: 55.5
RL Step 8182 | Loss: -0.0000 | Avg Reward: -0.10 | Time: 8.2s | Prob: A train travels at 76 km/h for... | Ans: 86.0
RL Step 8183 | Loss: 0.0005 | Avg Reward: -0.10 | Time: 8.3s | Prob: A train travels at 40 km/h for... | Ans: 67.0
RL Step 8184 | Loss: 0.0001 | Avg Reward: -0.10 | Time: 8.4s | Prob: A train travels at 66 km/h for... | Ans: 74.0
RL Step 8185 | Loss: 0.0002 | Avg Reward: -0.10 | Time: 8.4s | Prob: A train travels at 71 km/h for... | Ans: 72.78
RL Step 8186 | Loss: 0.0000 | Avg Reward: -0.10 | Time: 8.4s | Prob: A train travels at 60 km/h for... | Ans: 65.71
RL Step 8187 | Loss: 0.0002 | Avg Reward: -0.10 | Time: 8.4s | Prob: A train travels at 59 km/h for... | Ans: 62.33
